Customer_ID,Cluster,Segment
0002-ORFBO,3,Established Standard Customers
0003-MKNFE,2,New Budget Customers
0004-TLHLJ,3,Established Standard Customers
0011-IGKFF,3,Established Standard Customers
0013-EXCHZ,3,Established Standard Customers
0013-MHZWF,3,Established Standard Customers
0013-SMEOE,1,Loyal Premium Customers
0014-BMAQU,1,Loyal Premium Customers
0015-UOCOJ,3,Established Standard Customers
0016-QLJIS,1,Loyal Premium Customers
0017-DINOC,0,Loyal Budget Customers
0017-IUDMW,1,Loyal Premium Customers
0018-NYROU,3,Established Standard Customers
0019-EFAEP,1,Loyal Premium Customers
0019-GFNTW,1,Loyal Premium Customers
0020-INWCK,1,Loyal Premium Customers
0020-JDNXP,1,Loyal Premium Customers
0021-IKXGC,3,Established Standard Customers
0022-TCJCI,1,Loyal Premium Customers
0023-HGHWL,2,New Budget Customers
0023-UYUPN,0,Loyal Budget Customers
0023-XUOPT,3,Established Standard Customers
0027-KWYKW,3,Established Standard Customers
0030-FNXPP,2,New Budget Customers
0031-PVLZI,2,New Budget Customers
0032-PGELS,2,New Budget Customers
0036-IHMOT,1,Loyal Premium Customers
0040-HALCW,0,Loyal Budget Customers
0042-JVWOJ,2,New Budget Customers
0042-RLHYP,0,Loyal Budget Customers
0048-LUMLS,1,Loyal Premium Customers
0048-PIHNL,0,Loyal Budget Customers
0052-DCKON,1,Loyal Premium Customers
0052-YNYOT,0,Loyal Budget Customers
0056-EPFBG,3,Established Standard Customers
0057-QBUQH,0,Loyal Budget Customers
0058-EVZWM,1,Loyal Premium Customers
0060-FUALY,1,Loyal Premium Customers
0064-SUDOG,2,New Budget Customers
0064-YIJGF,3,Established Standard Customers
0067-DKWBL,3,Established Standard Customers
0068-FIGTF,1,Loyal Premium Customers
0071-NDAFP,2,New Budget Customers
0074-HDKDG,3,Established Standard Customers
0076-LVEPS,3,Established Standard Customers
0078-XZMHT,1,Loyal Premium Customers
0080-EMYVY,3,Established Standard Customers
0080-OROZO,1,Loyal Premium Customers
0082-LDZUE,2,New Budget Customers
0082-OQIQY,3,Established Standard Customers
0083-PIVIK,1,Loyal Premium Customers
0089-IIQKO,1,Loyal Premium Customers
0093-EXYQL,1,Loyal Premium Customers
0093-XWZFY,1,Loyal Premium Customers
0094-OIFMO,3,Established Standard Customers
0096-BXERS,2,New Budget Customers
0096-FCPUF,3,Established Standard Customers
0098-BOWSO,2,New Budget Customers
0100-DUVFC,1,Loyal Premium Customers
0103-CSITQ,1,Loyal Premium Customers
0104-PPXDV,0,Loyal Budget Customers
0106-GHRQR,3,Established Standard Customers
0106-UGRDO,1,Loyal Premium Customers
0107-WESLM,2,New Budget Customers
0107-YHINA,3,Established Standard Customers
0111-KLBQG,1,Loyal Premium Customers
0112-QAWRZ,3,Established Standard Customers
0112-QWPNC,1,Loyal Premium Customers
0114-IGABW,1,Loyal Premium Customers
0114-PEGZZ,1,Loyal Premium Customers
0114-RSRRW,2,New Budget Customers
0115-TFERT,3,Established Standard Customers
0117-LFRMW,0,Loyal Budget Customers
0118-JPNOY,3,Established Standard Customers
0121-SNYRK,0,Loyal Budget Customers
0122-OAHPZ,3,Established Standard Customers
0123-CRBRT,1,Loyal Premium Customers
0125-LZQXK,3,Established Standard Customers
0128-MKWSG,3,Established Standard Customers
0129-KPTWJ,1,Loyal Premium Customers
0129-QMPDR,0,Loyal Budget Customers
0130-SXOUN,1,Loyal Premium Customers
0133-BMFZO,3,Established Standard Customers
0134-XWXCE,1,Loyal Premium Customers
0135-NMXAP,3,Established Standard Customers
0136-IFMYD,1,Loyal Premium Customers
0137-OCGAB,3,Established Standard Customers
0137-UDEUO,2,New Budget Customers
0139-IVFJG,3,Established Standard Customers
0141-YEAYS,3,Established Standard Customers
0142-GVYSN,2,New Budget Customers
0147-ESWWR,1,Loyal Premium Customers
0148-DCDOS,3,Established Standard Customers
0151-ONTOV,3,Established Standard Customers
0156-FVPTA,3,Established Standard Customers
0164-APGRB,1,Loyal Premium Customers
0164-XAIRP,2,New Budget Customers
0168-XZKBB,3,Established Standard Customers
0174-QRVVY,0,Loyal Budget Customers
0177-PXBAT,1,Loyal Premium Customers
0178-CIIKR,2,New Budget Customers
0178-SZBHO,1,Loyal Premium Customers
0181-RITDD,1,Loyal Premium Customers
0186-CAERR,1,Loyal Premium Customers
0187-QSXOE,3,Established Standard Customers
0187-WZNAB,3,Established Standard Customers
0188-GWFLE,2,New Budget Customers
0191-EQUUH,2,New Budget Customers
0191-ZHSKZ,3,Established Standard Customers
0193-ESZXP,1,Loyal Premium Customers
0195-IESCP,3,Established Standard Customers
0196-JTUQI,3,Established Standard Customers
0196-VULGZ,3,Established Standard Customers
0197-PNKNK,1,Loyal Premium Customers
0201-MIBOL,1,Loyal Premium Customers
0201-OAMXR,1,Loyal Premium Customers
0203-HHYIJ,2,New Budget Customers
0206-OYVOC,0,Loyal Budget Customers
0206-TBWLC,1,Loyal Premium Customers
0207-MDKNV,3,Established Standard Customers
0208-BPQEJ,2,New Budget Customers
0212-ISBBF,3,Established Standard Customers
0214-JHPFW,1,Loyal Premium Customers
0215-BQKGS,3,Established Standard Customers
0218-QNVAS,1,Loyal Premium Customers
0219-QAERP,2,New Budget Customers
0219-YTZUE,3,Established Standard Customers
0220-EBGCE,3,Established Standard Customers
0221-NAUXK,2,New Budget Customers
0221-WMXNQ,3,Established Standard Customers
0222-CNVPT,1,Loyal Premium Customers
0224-HJAPT,3,Established Standard Customers
0224-NIJLP,2,New Budget Customers
0224-RLWWD,2,New Budget Customers
0225-ZORZP,3,Established Standard Customers
0228-MAUWC,3,Established Standard Customers
0229-LFJAF,1,Loyal Premium Customers
0230-UBYPQ,0,Loyal Budget Customers
0230-WEQUW,1,Loyal Premium Customers
0231-LXVAP,3,Established Standard Customers
0233-FTHAV,1,Loyal Premium Customers
0234-TEVTT,1,Loyal Premium Customers
0235-KGSLC,3,Established Standard Customers
0236-HFWSV,3,Established Standard Customers
0237-YFUTL,1,Loyal Premium Customers
0238-WHBIQ,1,Loyal Premium Customers
0239-OXEXL,3,Established Standard Customers
0244-LGNFY,1,Loyal Premium Customers
0247-SLUJI,2,New Budget Customers
0248-IPDFW,2,New Budget Customers
0248-PGHBZ,1,Loyal Premium Customers
0253-ZTEOB,1,Loyal Premium Customers
0254-FNMCI,1,Loyal Premium Customers
0254-KCJGT,1,Loyal Premium Customers
0254-WWRKD,0,Loyal Budget Customers
0256-LTHVJ,3,Established Standard Customers
0257-KXZGU,3,Established Standard Customers
0257-ZESQC,3,Established Standard Customers
0258-NOKBL,3,Established Standard Customers
0259-GBZSH,3,Established Standard Customers
0260-ZDLGK,3,Established Standard Customers
0263-FJTQO,1,Loyal Premium Customers
0264-CNITK,0,Loyal Budget Customers
0265-EDXBD,3,Established Standard Customers
0265-PSUAE,3,Established Standard Customers
0266-CLZKZ,1,Loyal Premium Customers
0266-GMEAO,1,Loyal Premium Customers
0268-QKIWO,2,New Budget Customers
0269-XFESX,2,New Budget Customers
0270-THENM,1,Loyal Premium Customers
0274-JKUJR,2,New Budget Customers
0277-BKSQP,3,Established Standard Customers
0277-ORXQS,0,Loyal Budget Customers
0278-YXOOG,2,New Budget Customers
0280-XJGEX,1,Loyal Premium Customers
0281-CNTZX,0,Loyal Budget Customers
0282-NVSJS,2,New Budget Customers
0285-INHLN,3,Established Standard Customers
0289-IVARM,3,Established Standard Customers
0292-WEGCH,1,Loyal Premium Customers
0295-PPHDO,3,Established Standard Customers
0295-QVKPB,3,Established Standard Customers
0297-RBCSG,3,Established Standard Customers
0298-XACET,1,Loyal Premium Customers
0301-FIDRB,1,Loyal Premium Customers
0301-KOBTQ,2,New Budget Customers
0302-JOIVN,3,Established Standard Customers
0303-UNCIP,3,Established Standard Customers
0303-WMMRN,2,New Budget Customers
0305-SQECB,2,New Budget Customers
0306-JAELE,3,Established Standard Customers
0307-BCOPK,2,New Budget Customers
0308-GIQJT,1,Loyal Premium Customers
0308-IVGOK,3,Established Standard Customers
0310-MVLET,1,Loyal Premium Customers
0310-SUCIN,1,Loyal Premium Customers
0310-VQXAM,2,New Budget Customers
0311-QYWSS,3,Established Standard Customers
0311-UNPFF,3,Established Standard Customers
0314-TKOSI,3,Established Standard Customers
0315-LVCRK,3,Established Standard Customers
0318-QUUOB,3,Established Standard Customers
0318-ZOPWS,0,Loyal Budget Customers
0319-QZTCO,3,Established Standard Customers
0320-DWVTU,1,Loyal Premium Customers
0320-JDNQG,3,Established Standard Customers
0322-CHQRU,2,New Budget Customers
0322-YINQP,3,Established Standard Customers
0323-XWWTN,2,New Budget Customers
0324-BRPCJ,1,Loyal Premium Customers
0325-XBFAC,3,Established Standard Customers
0326-VDYXE,1,Loyal Premium Customers
0327-WFZSY,1,Loyal Premium Customers
0328-GRPMV,3,Established Standard Customers
0329-GTIAJ,3,Established Standard Customers
0330-BGYZE,1,Loyal Premium Customers
0330-IVZHA,3,Established Standard Customers
0334-GDDSO,3,Established Standard Customers
0334-ZFJSR,1,Loyal Premium Customers
0336-KXKFK,1,Loyal Premium Customers
0336-PIKEI,1,Loyal Premium Customers
0337-CNPZE,1,Loyal Premium Customers
0343-QLUZP,0,Loyal Budget Customers
0345-HKJVM,3,Established Standard Customers
0345-XMMUG,1,Loyal Premium Customers
0347-UBKUZ,2,New Budget Customers
0348-SDKOL,1,Loyal Premium Customers
0354-VXMJC,2,New Budget Customers
0354-WYROK,1,Loyal Premium Customers
0356-ERHVT,2,New Budget Customers
0356-OBMAC,1,Loyal Premium Customers
0357-NVCRI,2,New Budget Customers
0361-HJRDX,0,Loyal Budget Customers
0362-RAOQO,0,Loyal Budget Customers
0362-ZBZWJ,3,Established Standard Customers
0363-QJVFX,1,Loyal Premium Customers
0363-SVHYR,1,Loyal Premium Customers
0365-BZUWY,3,Established Standard Customers
0365-GXEZS,3,Established Standard Customers
0365-TRTPY,3,Established Standard Customers
0366-NQSHS,2,New Budget Customers
0369-ZGOVK,3,Established Standard Customers
0373-AIVNJ,3,Established Standard Customers
0374-AACSZ,2,New Budget Customers
0374-FIUCA,0,Loyal Budget Customers
0374-IOEGQ,2,New Budget Customers
0375-HVGXO,2,New Budget Customers
0376-OIWME,1,Loyal Premium Customers
0376-YMCJC,3,Established Standard Customers
0377-JBKKT,3,Established Standard Customers
0378-CJKPV,1,Loyal Premium Customers
0378-NHQXU,3,Established Standard Customers
0378-TOVMS,3,Established Standard Customers
0378-XSZPU,1,Loyal Premium Customers
0379-DJQHR,1,Loyal Premium Customers
0380-NEAVX,1,Loyal Premium Customers
0380-ZCSBI,2,New Budget Customers
0383-CLDDA,1,Loyal Premium Customers
0384-LPITE,1,Loyal Premium Customers
0384-RVBPI,3,Established Standard Customers
0386-CWRGM,0,Loyal Budget Customers
0388-EOPEX,3,Established Standard Customers
0390-DCFDQ,3,Established Standard Customers
0392-BZIUW,1,Loyal Premium Customers
0394-YONDK,0,Loyal Budget Customers
0396-HUJBP,2,New Budget Customers
0396-UKGAI,3,Established Standard Customers
0396-YCHWO,1,Loyal Premium Customers
0397-GZBBC,1,Loyal Premium Customers
0397-ZXWQF,0,Loyal Budget Customers
0401-WDBXM,1,Loyal Premium Customers
0402-CQAJN,1,Loyal Premium Customers
0402-OAMEN,0,Loyal Budget Customers
0404-AHASP,0,Loyal Budget Customers
0404-SWRVG,3,Established Standard Customers
0406-BPDVR,1,Loyal Premium Customers
0407-BDJKB,1,Loyal Premium Customers
0409-WTMPL,1,Loyal Premium Customers
0410-IPFTY,3,Established Standard Customers
0411-EZJZE,3,Established Standard Customers
0412-UCCNP,1,Loyal Premium Customers
0415-MOSGF,2,New Budget Customers
0419-YAAPX,1,Loyal Premium Customers
0420-BWTPW,2,New Budget Customers
0420-HLGXF,1,Loyal Premium Customers
0420-TXVSG,1,Loyal Premium Customers
0422-OHQHQ,2,New Budget Customers
0422-UXFAP,1,Loyal Premium Customers
0423-UDIJQ,3,Established Standard Customers
0426-TIRNE,2,New Budget Customers
0428-AXXLJ,2,New Budget Customers
0428-IKYCP,3,Established Standard Customers
0430-IHCDJ,2,New Budget Customers
0431-APWVY,3,Established Standard Customers
0432-CAJZV,3,Established Standard Customers
0434-CSFON,1,Loyal Premium Customers
0436-TWFFZ,1,Loyal Premium Customers
0439-IFYUN,3,Established Standard Customers
0440-EKDCF,1,Loyal Premium Customers
0440-MOGPM,1,Loyal Premium Customers
0440-QEXBZ,0,Loyal Budget Customers
0440-UEDAI,1,Loyal Premium Customers
0442-TDYUO,0,Loyal Budget Customers
0442-ZXKVS,1,Loyal Premium Customers
0447-BEMNG,0,Loyal Budget Customers
0447-RXSGD,3,Established Standard Customers
0454-OKRCT,3,Established Standard Customers
0455-ENTCR,1,Loyal Premium Customers
0455-XFASS,3,Established Standard Customers
0458-HEUZG,2,New Budget Customers
0459-SPZHJ,1,Loyal Premium Customers
0461-CVKMU,3,Established Standard Customers
0463-TXOAK,0,Loyal Budget Customers
0463-WZZKO,2,New Budget Customers
0463-ZSDNT,3,Established Standard Customers
0464-WJTKO,0,Loyal Budget Customers
0468-YRPXN,1,Loyal Premium Customers
0471-ARVMX,1,Loyal Premium Customers
0471-LVHGK,1,Loyal Premium Customers
0475-RIJEP,3,Established Standard Customers
0479-HMSWA,1,Loyal Premium Customers
0480-BIXDE,3,Established Standard Customers
0480-KYJVA,0,Loyal Budget Customers
0481-SUMCB,1,Loyal Premium Customers
0484-FFVBJ,3,Established Standard Customers
0484-JPBRU,0,Loyal Budget Customers
0485-ZBSLN,0,Loyal Budget Customers
0486-HECZI,1,Loyal Premium Customers
0486-LGCCH,2,New Budget Customers
0487-CRLZF,1,Loyal Premium Customers
0487-RPVUM,1,Loyal Premium Customers
0487-VVUVK,2,New Budget Customers
0488-GSLFR,3,Established Standard Customers
0489-WMEMG,3,Established Standard Customers
0491-KAPQG,3,Established Standard Customers
0495-RVCBF,3,Established Standard Customers
0495-ZBNGW,2,New Budget Customers
0496-AHOOK,3,Established Standard Customers
0504-HHAPI,3,Established Standard Customers
0505-SPOOW,0,Loyal Budget Customers
0506-LVNGN,3,Established Standard Customers
0506-YLVKJ,0,Loyal Budget Customers
0508-OOLTO,3,Established Standard Customers
0508-SQWPL,0,Loyal Budget Customers
0511-JTEOY,3,Established Standard Customers
0512-FLFDW,1,Loyal Premium Customers
0513-RBGPE,3,Established Standard Customers
0515-YPMCW,3,Established Standard Customers
0516-OOHAR,1,Loyal Premium Customers
0516-QREYC,2,New Budget Customers
0516-UXRMT,1,Loyal Premium Customers
0516-VRYBW,2,New Budget Customers
0516-WJVXC,3,Established Standard Customers
0519-DRGTI,2,New Budget Customers
0519-XUZJU,3,Established Standard Customers
0520-FDVVT,1,Loyal Premium Customers
0523-VNGTF,1,Loyal Premium Customers
0524-IAVZO,3,Established Standard Customers
0526-SXDJP,0,Loyal Budget Customers
0529-ONKER,3,Established Standard Customers
0530-IJVDB,1,Loyal Premium Customers
0531-XBKMM,1,Loyal Premium Customers
0531-ZZJWQ,0,Loyal Budget Customers
0533-BNWKF,1,Loyal Premium Customers
0533-UCAAU,1,Loyal Premium Customers
0536-ACXIP,1,Loyal Premium Customers
0536-BGFMZ,2,New Budget Customers
0536-ESJEP,1,Loyal Premium Customers
0537-QYZZN,3,Established Standard Customers
0541-FITGH,3,Established Standard Customers
0547-HURJB,2,New Budget Customers
0549-CYCQN,1,Loyal Premium Customers
0550-DCXLH,3,Established Standard Customers
0556-FJEGU,1,Loyal Premium Customers
0557-ASKVU,3,Established Standard Customers
0559-CKHUS,2,New Budget Customers
0562-FGDCR,1,Loyal Premium Customers
0562-HKHML,0,Loyal Budget Customers
0562-KBDVM,1,Loyal Premium Customers
0564-JJHGS,3,Established Standard Customers
0564-MUUQK,3,Established Standard Customers
0565-IYCGT,1,Loyal Premium Customers
0565-JUPYD,1,Loyal Premium Customers
0567-GGCAC,3,Established Standard Customers
0567-XRHCU,1,Loyal Premium Customers
0568-ONFPC,2,New Budget Customers
0570-BFQHT,3,Established Standard Customers
0572-ZJKLT,1,Loyal Premium Customers
0575-CUQOV,1,Loyal Premium Customers
0576-WNXXC,3,Established Standard Customers
0577-WHMEV,3,Established Standard Customers
0578-SKVMF,3,Established Standard Customers
0580-PIQHM,1,Loyal Premium Customers
0581-BXBUB,3,Established Standard Customers
0581-MDMPW,3,Established Standard Customers
0582-AVCLN,0,Loyal Budget Customers
0584-BJQGZ,3,Established Standard Customers
0585-EGDDA,3,Established Standard Customers
0587-DMGBH,2,New Budget Customers
0594-UFTUL,2,New Budget Customers
0595-ITUDF,1,Loyal Premium Customers
0596-BQCEQ,1,Loyal Premium Customers
0599-XNYDO,3,Established Standard Customers
0601-WZHJF,3,Established Standard Customers
0602-DDUML,1,Loyal Premium Customers
0603-OLQDC,3,Established Standard Customers
0603-TPMIB,0,Loyal Budget Customers
0604-THJFP,1,Loyal Premium Customers
0607-DAAHE,0,Loyal Budget Customers
0607-MVMGC,1,Loyal Premium Customers
0608-JDVEC,0,Loyal Budget Customers
0611-DFXKO,3,Established Standard Customers
0612-RTZZA,2,New Budget Customers
0613-WUXUM,0,Loyal Budget Customers
0616-ATFGB,2,New Budget Customers
0617-AQNWT,1,Loyal Premium Customers
0617-FHSGK,0,Loyal Budget Customers
0618-XWMSS,3,Established Standard Customers
0619-OLYUR,1,Loyal Premium Customers
0620-DLSLK,3,Established Standard Customers
0620-XEFWH,2,New Budget Customers
0621-CXBKL,0,Loyal Budget Customers
0621-HJWXJ,1,Loyal Premium Customers
0621-JFHOL,2,New Budget Customers
0621-TSSMU,0,Loyal Budget Customers
0621-TWIEM,3,Established Standard Customers
0623-EJQEG,1,Loyal Premium Customers
0623-GDISB,3,Established Standard Customers
0623-IIHUG,2,New Budget Customers
0625-AFOHS,2,New Budget Customers
0626-QXNGV,0,Loyal Budget Customers
0628-CNQRM,3,Established Standard Customers
0634-SZPQA,3,Established Standard Customers
0635-WKOLD,1,Loyal Premium Customers
0637-KVDLV,3,Established Standard Customers
0637-UBJRP,3,Established Standard Customers
0637-YLETY,3,Established Standard Customers
0639-TSIQW,1,Loyal Premium Customers
0640-YJTPY,0,Loyal Budget Customers
0641-EVBOJ,3,Established Standard Customers
0643-OKLRP,3,Established Standard Customers
0644-OQMDK,3,Established Standard Customers
0650-BWOZN,3,Established Standard Customers
0654-HMSHN,3,Established Standard Customers
0654-PQKDW,1,Loyal Premium Customers
0655-RBDUG,3,Established Standard Customers
0655-YDGFJ,3,Established Standard Customers
0657-DOGUM,0,Loyal Budget Customers
0661-KBKPA,1,Loyal Premium Customers
0661-KQHNK,2,New Budget Customers
0661-WCQNQ,3,Established Standard Customers
0661-XEYAN,2,New Budget Customers
0665-XHDJU,1,Loyal Premium Customers
0666-UXTJO,3,Established Standard Customers
0667-NSRGI,1,Loyal Premium Customers
0668-OGMHD,2,New Budget Customers
0670-ANMUU,1,Loyal Premium Customers
0670-KDOMA,2,New Budget Customers
0673-IGUQO,2,New Budget Customers
0674-DGMAQ,3,Established Standard Customers
0674-EYYZV,3,Established Standard Customers
0674-GCDXG,1,Loyal Premium Customers
0675-NCDYU,1,Loyal Premium Customers
0678-RLHVP,1,Loyal Premium Customers
0679-IDSTG,3,Established Standard Customers
0679-TDGAK,1,Loyal Premium Customers
0680-DFNNY,3,Established Standard Customers
0682-USIXD,3,Established Standard Customers
0684-AOSIH,3,Established Standard Customers
0685-MLYYM,3,Established Standard Customers
0687-ZVTHB,1,Loyal Premium Customers
0689-DSXGL,1,Loyal Premium Customers
0689-NKYLF,3,Established Standard Customers
0690-SRQID,2,New Budget Customers
0691-IFBQW,1,Loyal Premium Customers
0691-JVSYA,1,Loyal Premium Customers
0691-NIKRI,1,Loyal Premium Customers
0696-UKTOX,3,Established Standard Customers
0697-ZMSWS,3,Established Standard Customers
0699-NDKJM,1,Loyal Premium Customers
0701-RFGFI,1,Loyal Premium Customers
0701-TJSEF,3,Established Standard Customers
0702-PGIBZ,3,Established Standard Customers
0704-VCUMB,0,Loyal Budget Customers
0707-HOVVN,1,Loyal Premium Customers
0708-LGSMF,3,Established Standard Customers
0708-SJDIS,3,Established Standard Customers
0709-TVGUR,3,Established Standard Customers
0716-BQNDX,1,Loyal Premium Customers
0719-SYFRB,3,Established Standard Customers
0722-SVSFK,3,Established Standard Customers
0722-TROQR,3,Established Standard Customers
0723-DRCLG,3,Established Standard Customers
0723-FDLAY,1,Loyal Premium Customers
0723-VSOBE,0,Loyal Budget Customers
0725-CXOTM,1,Loyal Premium Customers
0727-BMPLR,1,Loyal Premium Customers
0727-BNRLG,1,Loyal Premium Customers
0727-IWKVK,3,Established Standard Customers
0730-BGQGF,1,Loyal Premium Customers
0730-KOAVE,1,Loyal Premium Customers
0731-EBJQB,0,Loyal Budget Customers
0732-OCQOC,0,Loyal Budget Customers
0733-VUNUW,3,Established Standard Customers
0734-OXWBT,3,Established Standard Customers
0739-UUAJR,1,Loyal Premium Customers
0742-LAFQK,1,Loyal Premium Customers
0742-MOABM,3,Established Standard Customers
0742-NXBGR,3,Established Standard Customers
0743-HNPFG,1,Loyal Premium Customers
0743-HRVFF,1,Loyal Premium Customers
0744-BIKKF,1,Loyal Premium Customers
0744-GKNGE,1,Loyal Premium Customers
0746-JTRFU,2,New Budget Customers
0748-RDGGM,1,Loyal Premium Customers
0749-IRGQE,3,Established Standard Customers
0750-EBAIU,1,Loyal Premium Customers
0750-EKNGL,2,New Budget Customers
0754-EEBDC,2,New Budget Customers
0754-UKWQP,3,Established Standard Customers
0756-MPZRL,0,Loyal Budget Customers
0757-WCUUZ,1,Loyal Premium Customers
0761-AETCS,2,New Budget Customers
0769-MURVM,1,Loyal Premium Customers
0771-CHWSK,1,Loyal Premium Customers
0771-WLCLA,3,Established Standard Customers
0772-GYEQQ,3,Established Standard Customers
0774-IFUVM,3,Established Standard Customers
0774-RMNUW,1,Loyal Premium Customers
0778-NELLA,2,New Budget Customers
0780-XNZFN,0,Loyal Budget Customers
0781-LKXBR,3,Established Standard Customers
0784-GTUUK,0,Loyal Budget Customers
0784-ZQJZX,0,Loyal Budget Customers
0786-IVLAW,1,Loyal Premium Customers
0786-VSSUD,2,New Budget Customers
0787-LHDYT,2,New Budget Customers
0788-DXBFY,0,Loyal Budget Customers
0793-TWELN,3,Established Standard Customers
0794-YVSGE,0,Loyal Budget Customers
0795-GMVQO,1,Loyal Premium Customers
0795-LAFGP,1,Loyal Premium Customers
0795-XCCTE,0,Loyal Budget Customers
0799-DDIHE,2,New Budget Customers
0804-XBFBV,2,New Budget Customers
0804-YGEQV,0,Loyal Budget Customers
0807-ZABDG,3,Established Standard Customers
0810-BDHAW,3,Established Standard Customers
0810-DHDBD,1,Loyal Premium Customers
0811-GSDTP,2,New Budget Customers
0812-WUPTB,3,Established Standard Customers
0813-TAXXS,1,Loyal Premium Customers
0815-MFZGM,1,Loyal Premium Customers
0816-TSPHQ,2,New Budget Customers
0817-HSUSE,3,Established Standard Customers
0818-OCPZO,3,Established Standard Customers
0820-FNRNX,3,Established Standard Customers
0822-GAVAP,2,New Budget Customers
0822-QGCXA,1,Loyal Premium Customers
0823-HSCDJ,0,Loyal Budget Customers
0824-VWDPO,1,Loyal Premium Customers
0825-CPPQH,0,Loyal Budget Customers
0827-ITJPH,0,Loyal Budget Customers
0829-DDVLK,2,New Budget Customers
0829-XXPLX,3,Established Standard Customers
0831-JNISG,0,Loyal Budget Customers
0835-DUUIQ,2,New Budget Customers
0835-JKADZ,1,Loyal Premium Customers
0836-SEYLU,2,New Budget Customers
0839-JTCUD,1,Loyal Premium Customers
0839-QNXME,2,New Budget Customers
0840-DCNZE,1,Loyal Premium Customers
0840-DFEZH,3,Established Standard Customers
0841-NULXI,2,New Budget Customers
0842-IWYCP,0,Loyal Budget Customers
0843-WTBXE,1,Loyal Premium Customers
0847-HGRML,0,Loyal Budget Customers
0848-SOMKO,1,Loyal Premium Customers
0848-ZGQIJ,3,Established Standard Customers
0851-DFJKB,3,Established Standard Customers
0853-NWIFK,1,Loyal Premium Customers
0853-TWRVK,1,Loyal Premium Customers
0854-UYHZD,2,New Budget Customers
0856-NAOES,3,Established Standard Customers
0859-YGKFW,2,New Budget Customers
0862-PRCBS,1,Loyal Premium Customers
0864-FVJNJ,1,Loyal Premium Customers
0866-QLSIR,3,Established Standard Customers
0867-LDTTC,3,Established Standard Customers
0867-MKZVY,3,Established Standard Customers
0868-VJRDR,1,Loyal Premium Customers
0869-PAPRP,3,Established Standard Customers
0870-VEMYL,3,Established Standard Customers
0871-OPBXW,2,New Budget Customers
0871-URUWO,3,Established Standard Customers
0872-CASZJ,1,Loyal Premium Customers
0872-JCPIB,3,Established Standard Customers
0872-NXJYS,3,Established Standard Customers
0875-CABNR,3,Established Standard Customers
0876-WDUUZ,3,Established Standard Customers
0877-SDMBN,1,Loyal Premium Customers
0880-FVFWF,1,Loyal Premium Customers
0880-TKATG,3,Established Standard Customers
0883-EIBTI,2,New Budget Customers
0885-HMGPY,1,Loyal Premium Customers
0886-QGENL,3,Established Standard Customers
0887-HJGAR,2,New Budget Customers
0887-WBJVH,1,Loyal Premium Customers
0895-DQHEW,1,Loyal Premium Customers
0895-LMRSF,3,Established Standard Customers
0895-LNKRC,2,New Budget Customers
0895-UADGO,3,Established Standard Customers
0897-FEGMU,3,Established Standard Customers
0898-XCGTF,1,Loyal Premium Customers
0899-LIIBW,1,Loyal Premium Customers
0899-WZRSD,1,Loyal Premium Customers
0902-RFHOF,0,Loyal Budget Customers
0902-XKXPN,0,Loyal Budget Customers
0906-QVPMS,1,Loyal Premium Customers
0907-HQNTS,1,Loyal Premium Customers
0909-SDHNU,2,New Budget Customers
0909-SELIE,1,Loyal Premium Customers
0913-XWSCN,1,Loyal Premium Customers
0916-KNFAJ,1,Loyal Premium Customers
0916-QOFDP,3,Established Standard Customers
0917-EZOLA,1,Loyal Premium Customers
0921-OHLVP,3,Established Standard Customers
0923-PNFUB,3,Established Standard Customers
0924-BJCRC,1,Loyal Premium Customers
0925-VYDLG,3,Established Standard Customers
0927-CNGRH,2,New Budget Customers
0927-LCSMG,3,Established Standard Customers
0928-JMXNP,2,New Budget Customers
0928-XUTSN,3,Established Standard Customers
0929-HYQEW,3,Established Standard Customers
0929-PECLO,1,Loyal Premium Customers
0930-EHUZA,1,Loyal Premium Customers
0931-MHTEM,1,Loyal Premium Customers
0932-YIXYU,0,Loyal Budget Customers
0936-NQLJU,0,Loyal Budget Customers
0939-EREMR,3,Established Standard Customers
0939-YAPAF,1,Loyal Premium Customers
0940-OUQEC,3,Established Standard Customers
0942-KOWSM,1,Loyal Premium Customers
0943-ZQPXH,1,Loyal Premium Customers
0945-TSONX,1,Loyal Premium Customers
0946-CLJTI,1,Loyal Premium Customers
0946-FKYTX,0,Loyal Budget Customers
0947-IDHRQ,3,Established Standard Customers
0947-MUGVO,3,Established Standard Customers
0952-KMEEH,3,Established Standard Customers
0953-LGOVU,2,New Budget Customers
0956-ACVZC,1,Loyal Premium Customers
0956-SYCWG,2,New Budget Customers
0958-YHXGP,3,Established Standard Customers
0959-WHOKV,1,Loyal Premium Customers
0960-HUWBM,1,Loyal Premium Customers
0961-ZWLVI,1,Loyal Premium Customers
0962-CQPWQ,0,Loyal Budget Customers
0963-ZBDRN,1,Loyal Premium Customers
0967-BMLBD,2,New Budget Customers
0968-GSIKN,3,Established Standard Customers
0969-RGKCU,0,Loyal Budget Customers
0970-ETWGE,3,Established Standard Customers
0970-QXPXW,2,New Budget Customers
0971-QIFJK,0,Loyal Budget Customers
0973-KYVNF,1,Loyal Premium Customers
0975-UYDTX,1,Loyal Premium Customers
0975-VOOVL,2,New Budget Customers
0979-MOZQI,0,Loyal Budget Customers
0979-PHULV,1,Loyal Premium Customers
0980-FEXWF,3,Established Standard Customers
0980-PVMRC,3,Established Standard Customers
0983-TATYJ,3,Established Standard Customers
0988-AADSA,1,Loyal Premium Customers
0988-JRWWP,3,Established Standard Customers
0991-BRRFB,3,Established Standard Customers
0993-OSGPT,1,Loyal Premium Customers
0997-YTLNY,3,Established Standard Customers
0999-QXNSA,2,New Budget Customers
1000-AJSLD,2,New Budget Customers
1004-NOZNR,1,Loyal Premium Customers
1009-IRMNA,2,New Budget Customers
1010-DIAUQ,3,Established Standard Customers
1013-QCWAM,1,Loyal Premium Customers
1015-JPFYW,2,New Budget Customers
1015-OWJKI,2,New Budget Customers
1016-DJTSV,3,Established Standard Customers
1017-FBQMM,1,Loyal Premium Customers
1020-JPQOW,1,Loyal Premium Customers
1022-RKXDR,0,Loyal Budget Customers
1023-BQXZE,1,Loyal Premium Customers
1024-GUALD,2,New Budget Customers
1024-KPRBB,3,Established Standard Customers
1024-VRZHF,2,New Budget Customers
1025-FALIX,3,Established Standard Customers
1027-LKKQQ,1,Loyal Premium Customers
1028-FFNJK,3,Established Standard Customers
1029-QFBEN,2,New Budget Customers
1031-IIDEO,3,Established Standard Customers
1032-MAELW,1,Loyal Premium Customers
1035-IPQPU,1,Loyal Premium Customers
1036-GUDCL,0,Loyal Budget Customers
1038-RQOST,2,New Budget Customers
1038-ZAGBI,2,New Budget Customers
1041-RXHRA,3,Established Standard Customers
1042-HFUCW,3,Established Standard Customers
1043-UXOVO,1,Loyal Premium Customers
1043-YCUTE,0,Loyal Budget Customers
1045-LTCYT,2,New Budget Customers
1047-NNCBF,3,Established Standard Customers
1047-RNXZV,0,Loyal Budget Customers
1049-FYSYG,2,New Budget Customers
1051-EQPZR,0,Loyal Budget Customers
1051-GEJLJ,2,New Budget Customers
1052-QJIBV,0,Loyal Budget Customers
1053-MXTTK,1,Loyal Premium Customers
1057-FOGLZ,2,New Budget Customers
1060-ENTOF,1,Loyal Premium Customers
1061-PNTHC,1,Loyal Premium Customers
1062-LHZOD,3,Established Standard Customers
1063-DHQJF,1,Loyal Premium Customers
1064-FBXNK,2,New Budget Customers
1066-JKSGK,2,New Budget Customers
1069-QJOEE,2,New Budget Customers
1069-XAIEM,3,Established Standard Customers
1073-XXCZD,0,Loyal Budget Customers
1074-AMIOH,1,Loyal Premium Customers
1074-WVEVG,0,Loyal Budget Customers
1075-BGWOH,3,Established Standard Customers
1077-HUUJM,3,Established Standard Customers
1078-TDCRN,2,New Budget Customers
1080-BWSYE,0,Loyal Budget Customers
1084-MNSMJ,1,Loyal Premium Customers
1084-UQCHV,2,New Budget Customers
1085-LDWAM,0,Loyal Budget Customers
1086-LXKFY,3,Established Standard Customers
1087-GRUYI,0,Loyal Budget Customers
1087-UDSIH,2,New Budget Customers
1088-AUUZZ,1,Loyal Premium Customers
1088-CNNKB,1,Loyal Premium Customers
1089-HDMKP,3,Established Standard Customers
1089-XZWHH,2,New Budget Customers
1090-ESELR,1,Loyal Premium Customers
1090-PYKCI,1,Loyal Premium Customers
1091-SOZGA,1,Loyal Premium Customers
1092-GANHU,3,Established Standard Customers
1092-WPIVQ,2,New Budget Customers
1093-YSWCA,2,New Budget Customers
1094-BKOSX,1,Loyal Premium Customers
1095-JUDTC,1,Loyal Premium Customers
1095-WGNGG,1,Loyal Premium Customers
1096-ADRUX,0,Loyal Budget Customers
1097-FSPVW,3,Established Standard Customers
1098-KFQEC,0,Loyal Budget Customers
1098-TDVUQ,2,New Budget Customers
1099-BTKWT,1,Loyal Premium Customers
1099-GODLO,2,New Budget Customers
1100-DDVRV,3,Established Standard Customers
1101-SSWAG,2,New Budget Customers
1104-FEJAM,3,Established Standard Customers
1104-TNLZA,1,Loyal Premium Customers
1106-HRLKZ,0,Loyal Budget Customers
1110-KYLGQ,1,Loyal Premium Customers
1112-CUNAO,3,Established Standard Customers
1113-IUJYX,3,Established Standard Customers
1114-CENIM,0,Loyal Budget Customers
1116-DXXDF,1,Loyal Premium Customers
1116-FRYVH,0,Loyal Budget Customers
1120-BMWUB,3,Established Standard Customers
1121-QSIVB,1,Loyal Premium Customers
1122-JWTJW,3,Established Standard Customers
1122-YJBCS,1,Loyal Premium Customers
1125-SNVCK,0,Loyal Budget Customers
1131-ALZWV,2,New Budget Customers
1131-QQZEB,0,Loyal Budget Customers
1131-SUEKT,1,Loyal Premium Customers
1133-KXCGE,2,New Budget Customers
1134-YWTYF,3,Established Standard Customers
1135-HIORI,1,Loyal Premium Customers
1135-LMECX,2,New Budget Customers
1136-XGEQU,1,Loyal Premium Customers
1137-DGOWI,1,Loyal Premium Customers
1139-WUOAH,1,Loyal Premium Customers
1140-UKVZG,2,New Budget Customers
1142-IHLOO,1,Loyal Premium Customers
1142-WACZW,2,New Budget Customers
1143-NMNQJ,3,Established Standard Customers
1150-FTQGN,1,Loyal Premium Customers
1150-WFARN,1,Loyal Premium Customers
1153-GNOLC,0,Loyal Budget Customers
1154-HYWWO,1,Loyal Premium Customers
1156-ZFYDO,2,New Budget Customers
1157-BQCUW,3,Established Standard Customers
1159-WFSGR,2,New Budget Customers
1162-ECVII,1,Loyal Premium Customers
1163-ONYEY,1,Loyal Premium Customers
1163-VIPRI,1,Loyal Premium Customers
1166-PQLGG,0,Loyal Budget Customers
1167-OYZJF,0,Loyal Budget Customers
1169-SAOCL,1,Loyal Premium Customers
1169-WCVAK,3,Established Standard Customers
1170-SASML,1,Loyal Premium Customers
1171-TYKUR,0,Loyal Budget Customers
1172-VIYBP,1,Loyal Premium Customers
1173-NOEYG,3,Established Standard Customers
1173-XZPYF,3,Established Standard Customers
1174-FGIFN,3,Established Standard Customers
1177-XZBJL,1,Loyal Premium Customers
1178-PZGAB,2,New Budget Customers
1179-INLAT,2,New Budget Customers
1183-CANVH,3,Established Standard Customers
1184-PJVDB,3,Established Standard Customers
1187-WILMM,1,Loyal Premium Customers
1193-RTSLK,1,Loyal Premium Customers
1194-BHJYC,1,Loyal Premium Customers
1194-HVAIF,3,Established Standard Customers
1194-SPVSP,2,New Budget Customers
1195-OIYEJ,3,Established Standard Customers
1196-AMORA,3,Established Standard Customers
1197-BVMVG,3,Established Standard Customers
1200-TUZHR,3,Established Standard Customers
1202-KKGFU,3,Established Standard Customers
1205-WNWPJ,3,Established Standard Customers
1206-EHBDD,1,Loyal Premium Customers
1207-BLKSA,0,Loyal Budget Customers
1208-DNHLN,2,New Budget Customers
1208-NBVFH,3,Established Standard Customers
1209-VFFOC,1,Loyal Premium Customers
1212-GLHMD,3,Established Standard Customers
1213-NGCUN,3,Established Standard Customers
1215-EXRMO,0,Loyal Budget Customers
1215-FIGMP,1,Loyal Premium Customers
1215-VFYVK,3,Established Standard Customers
1216-BGTSP,1,Loyal Premium Customers
1216-JWVUX,3,Established Standard Customers
1217-VASWC,1,Loyal Premium Customers
1218-VKFPE,2,New Budget Customers
1219-NNDDO,3,Established Standard Customers
1221-GHZEP,1,Loyal Premium Customers
1222-KJNZD,0,Loyal Budget Customers
1222-LRYKO,2,New Budget Customers
1223-UNPKS,2,New Budget Customers
1226-IENZN,3,Established Standard Customers
1226-JZNKR,2,New Budget Customers
1226-UDFZR,3,Established Standard Customers
1227-UDMZR,1,Loyal Premium Customers
1228-FZFRV,1,Loyal Premium Customers
1228-ZLNBX,3,Established Standard Customers
1229-RCALF,1,Loyal Premium Customers
1230-QAJDW,3,Established Standard Customers
1231-YNDEK,0,Loyal Budget Customers
1236-WFCDV,3,Established Standard Customers
1237-WIYYZ,2,New Budget Customers
1240-HCBOH,0,Loyal Budget Customers
1240-KNSEZ,2,New Budget Customers
1241-EZFMJ,0,Loyal Budget Customers
1241-FPMOF,0,Loyal Budget Customers
1245-HARPS,2,New Budget Customers
1247-QBVSH,0,Loyal Budget Customers
1248-DYXUB,0,Loyal Budget Customers
1251-KRREG,3,Established Standard Customers
1251-STYSZ,3,Established Standard Customers
1254-IZEYF,3,Established Standard Customers
1257-SXUXQ,2,New Budget Customers
1258-YMZNM,1,Loyal Premium Customers
1260-TTRXI,3,Established Standard Customers
1261-FWTTE,2,New Budget Customers
1262-OPMFY,3,Established Standard Customers
1264-BYWMS,1,Loyal Premium Customers
1264-FUHCX,1,Loyal Premium Customers
1265-BCFEO,1,Loyal Premium Customers
1265-HVPZB,1,Loyal Premium Customers
1265-XTECC,1,Loyal Premium Customers
1265-ZFOSD,1,Loyal Premium Customers
1266-NZYUI,1,Loyal Premium Customers
1268-ASBGA,3,Established Standard Customers
1269-FOYWN,0,Loyal Budget Customers
1270-XKUCC,2,New Budget Customers
1271-SJBGZ,3,Established Standard Customers
1271-UODNO,3,Established Standard Customers
1272-ILHFG,2,New Budget Customers
1273-MTETI,3,Established Standard Customers
1282-IHQAC,0,Loyal Budget Customers
1285-OKIPP,3,Established Standard Customers
1291-CUOCY,1,Loyal Premium Customers
1293-BSEUN,0,Loyal Budget Customers
1293-HHSHJ,0,Loyal Budget Customers
1297-VQDRP,1,Loyal Premium Customers
1298-PHBTI,1,Loyal Premium Customers
1299-AURJA,0,Loyal Budget Customers
1301-LOPVR,3,Established Standard Customers
1302-TPUBN,0,Loyal Budget Customers
1302-UHBDD,3,Established Standard Customers
1303-SRDOK,0,Loyal Budget Customers
1304-BCCFO,3,Established Standard Customers
1304-NECVQ,3,Established Standard Customers
1304-SEGFY,1,Loyal Premium Customers
1306-RPWXZ,0,Loyal Budget Customers
1307-ATKGB,3,Established Standard Customers
1307-TVUFB,0,Loyal Budget Customers
1309-BXVOQ,3,Established Standard Customers
1309-XGFSN,1,Loyal Premium Customers
1310-QRITU,2,New Budget Customers
1319-YLZJG,3,Established Standard Customers
1320-GVNHT,1,Loyal Premium Customers
1320-HTRDR,3,Established Standard Customers
1320-REHCS,1,Loyal Premium Customers
1322-AGOQM,0,Loyal Budget Customers
1323-OOEPC,1,Loyal Premium Customers
1324-NLTJE,3,Established Standard Customers
1325-USMEC,1,Loyal Premium Customers
1328-EUZHC,2,New Budget Customers
1329-VHWNP,2,New Budget Customers
1333-PBMXB,0,Loyal Budget Customers
1334-FJSVR,2,New Budget Customers
1334-PDUKM,1,Loyal Premium Customers
1335-HQMKX,1,Loyal Premium Customers
1335-MXCSE,1,Loyal Premium Customers
1335-NTIUC,2,New Budget Customers
1336-EZFZY,2,New Budget Customers
1337-BOZWO,3,Established Standard Customers
1338-CECEE,1,Loyal Premium Customers
1342-JPNKI,3,Established Standard Customers
1343-EHPYB,1,Loyal Premium Customers
1345-GKDZZ,2,New Budget Customers
1345-ZUKID,2,New Budget Customers
1346-PJWTK,1,Loyal Premium Customers
1346-UFHAX,3,Established Standard Customers
1347-KTTTA,1,Loyal Premium Customers
1349-WXNGG,2,New Budget Customers
1352-HNSAW,1,Loyal Premium Customers
1352-VHKAJ,3,Established Standard Customers
1353-GHZOS,3,Established Standard Customers
1353-LJWEM,2,New Budget Customers
1354-YZFNB,2,New Budget Customers
1355-KUSBG,2,New Budget Customers
1356-MKYSK,3,Established Standard Customers
1357-BIJKI,1,Loyal Premium Customers
1357-MVDOZ,3,Established Standard Customers
1360-JYXKQ,1,Loyal Premium Customers
1360-RCYRT,2,New Budget Customers
1360-XFJMR,1,Loyal Premium Customers
1363-TXLSL,3,Established Standard Customers
1370-GGAWX,1,Loyal Premium Customers
1371-DWPAZ,3,Established Standard Customers
1371-OJCEK,0,Loyal Budget Customers
1371-WEPDS,3,Established Standard Customers
1373-ORVIZ,3,Established Standard Customers
1374-DMZUI,3,Established Standard Customers
1376-HHBDV,3,Established Standard Customers
1379-FRVEB,3,Established Standard Customers
1383-EZRWL,2,New Budget Customers
1384-RCUXW,3,Established Standard Customers
1385-TQOZW,2,New Budget Customers
1386-ZIKUV,2,New Budget Customers
1389-CXMLU,3,Established Standard Customers
1389-WNUIB,3,Established Standard Customers
1391-UBDAR,3,Established Standard Customers
1393-IMKZG,3,Established Standard Customers
1394-SUIUH,1,Loyal Premium Customers
1395-OFUWC,0,Loyal Budget Customers
1395-WSWXR,2,New Budget Customers
1396-QWFBJ,3,Established Standard Customers
1397-XKKWR,2,New Budget Customers
1399-OUPJN,0,Loyal Budget Customers
1399-UBQIU,2,New Budget Customers
1400-MMYXY,3,Established Standard Customers
1400-WIVLL,1,Loyal Premium Customers
1401-FTHFQ,2,New Budget Customers
1402-PTHGN,3,Established Standard Customers
1403-GYAFU,0,Loyal Budget Customers
1403-LKLIK,0,Loyal Budget Customers
1406-PUQVY,3,Established Standard Customers
1407-DIGZV,2,New Budget Customers
1409-PHXTF,1,Loyal Premium Customers
1410-RSCMR,3,Established Standard Customers
1414-YADCW,1,Loyal Premium Customers
1415-YFWLT,3,Established Standard Customers
1421-HCERK,1,Loyal Premium Customers
1422-DGUBX,3,Established Standard Customers
1423-BMPBQ,2,New Budget Customers
1427-VERSM,1,Loyal Premium Customers
1428-GTBJJ,3,Established Standard Customers
1428-IEDPR,1,Loyal Premium Customers
1429-UYJSV,2,New Budget Customers
1430-SFQSA,2,New Budget Customers
1431-AIDJQ,1,Loyal Premium Customers
1431-CYWMH,2,New Budget Customers
1432-FPAXX,2,New Budget Customers
1436-ZMJAN,3,Established Standard Customers
1439-LCGVL,2,New Budget Customers
1442-BQPVU,2,New Budget Customers
1442-OKRJE,1,Loyal Premium Customers
1444-VVSGW,1,Loyal Premium Customers
1447-GIQMR,3,Established Standard Customers
1447-PJGGA,1,Loyal Premium Customers
1448-CYWKC,1,Loyal Premium Customers
1448-PWKYE,3,Established Standard Customers
1449-XQEMT,2,New Budget Customers
1450-GALXR,3,Established Standard Customers
1450-SKCVI,1,Loyal Premium Customers
1452-KIOVK,3,Established Standard Customers
1452-UZOSF,1,Loyal Premium Customers
1452-VOQCH,3,Established Standard Customers
1452-XRSJV,0,Loyal Budget Customers
1453-RZFON,3,Established Standard Customers
1455-ESIQH,3,Established Standard Customers
1455-HFBXA,1,Loyal Premium Customers
1455-UGQVH,3,Established Standard Customers
1456-TWCGB,3,Established Standard Customers
1459-QNFQT,1,Loyal Premium Customers
1460-UZPRJ,0,Loyal Budget Customers
1465-LNTLJ,3,Established Standard Customers
1465-VINDH,3,Established Standard Customers
1465-WCZVT,2,New Budget Customers
1468-DEFNC,0,Loyal Budget Customers
1469-LBJQJ,1,Loyal Premium Customers
1470-PSXNM,1,Loyal Premium Customers
1471-GIQKQ,3,Established Standard Customers
1472-TNCWL,1,Loyal Premium Customers
1474-JUWSM,1,Loyal Premium Customers
1475-VWVDO,3,Established Standard Customers
1478-VPOAD,2,New Budget Customers
1480-BKXGA,1,Loyal Premium Customers
1480-IVEVR,3,Established Standard Customers
1481-ZUWZA,3,Established Standard Customers
1482-OXZSY,1,Loyal Premium Customers
1485-YDHMM,1,Loyal Premium Customers
1488-PBLJN,1,Loyal Premium Customers
1488-SYSFC,2,New Budget Customers
1492-KGETH,1,Loyal Premium Customers
1492-QGCLU,1,Loyal Premium Customers
1493-AMTIE,2,New Budget Customers
1494-EJZDW,2,New Budget Customers
1496-GGSUK,2,New Budget Customers
1498-DQNRX,2,New Budget Customers
1498-NHTLT,1,Loyal Premium Customers
1501-SGHBW,2,New Budget Customers
1502-XFCVR,1,Loyal Premium Customers
1506-YJTYT,1,Loyal Premium Customers
1508-DFXCU,3,Established Standard Customers
1513-XNPPH,3,Established Standard Customers
1518-OMDIK,0,Loyal Budget Customers
1518-VOWAV,3,Established Standard Customers
1522-VVDMG,3,Established Standard Customers
1525-LNLOJ,1,Loyal Premium Customers
1527-SXDPN,1,Loyal Premium Customers
1530-ZTDOZ,0,Loyal Budget Customers
1534-OULXE,0,Loyal Budget Customers
1535-VTJOQ,2,New Budget Customers
1536-HBSWP,3,Established Standard Customers
1536-YHDOE,3,Established Standard Customers
1539-LNKHM,2,New Budget Customers
1541-ETJZO,3,Established Standard Customers
1543-LLLFT,1,Loyal Premium Customers
1544-JJMYL,3,Established Standard Customers
1545-ACTAS,1,Loyal Premium Customers
1545-JFUML,1,Loyal Premium Customers
1548-ARAGG,3,Established Standard Customers
1548-FEHVL,1,Loyal Premium Customers
1550-EENBN,1,Loyal Premium Customers
1550-LOAHA,3,Established Standard Customers
1552-AAGRX,1,Loyal Premium Customers
1552-CZCLL,0,Loyal Budget Customers
1552-TKMXS,0,Loyal Budget Customers
1555-DJEQW,1,Loyal Premium Customers
1555-HAPSU,0,Loyal Budget Customers
1557-EMYVT,1,Loyal Premium Customers
1559-DTODC,2,New Budget Customers
1561-BWHIN,2,New Budget Customers
1563-IWQEX,2,New Budget Customers
1564-HJUVY,3,Established Standard Customers
1564-NTYXF,3,Established Standard Customers
1565-RHDJD,3,Established Standard Customers
1567-DSCIC,3,Established Standard Customers
1568-BEKZM,1,Loyal Premium Customers
1568-LJSZU,1,Loyal Premium Customers
1569-TTNYJ,3,Established Standard Customers
1571-SAVHK,3,Established Standard Customers
1573-LGXBA,1,Loyal Premium Customers
1574-DYCWE,0,Loyal Budget Customers
1575-KRZZE,3,Established Standard Customers
1576-PFZIW,1,Loyal Premium Customers
1577-HKTFG,2,New Budget Customers
1579-KLYDT,3,Established Standard Customers
1580-BMCMR,3,Established Standard Customers
1582-RAFML,3,Established Standard Customers
1583-IHQZE,3,Established Standard Customers
1585-MQSSU,3,Established Standard Customers
1587-FKLZB,1,Loyal Premium Customers
1589-AGTLK,2,New Budget Customers
1591-MQJTP,1,Loyal Premium Customers
1591-NFNLQ,1,Loyal Premium Customers
1591-XWLGB,0,Loyal Budget Customers
1596-BBVTG,3,Established Standard Customers
1596-OQSPS,3,Established Standard Customers
1597-FZREH,3,Established Standard Customers
1597-LHYNC,3,Established Standard Customers
1599-EAHXY,0,Loyal Budget Customers
1599-MMYRQ,1,Loyal Premium Customers
1600-DILPE,2,New Budget Customers
1602-IJQQE,3,Established Standard Customers
1608-GMEWB,1,Loyal Premium Customers
1612-EOHDH,2,New Budget Customers
1614-JBEBI,2,New Budget Customers
1618-CFHME,3,Established Standard Customers
1619-YWUBB,0,Loyal Budget Customers
1621-YNCJH,1,Loyal Premium Customers
1622-HSHSF,2,New Budget Customers
1623-NLDOT,0,Loyal Budget Customers
1624-NALOJ,3,Established Standard Customers
1624-WOIWJ,3,Established Standard Customers
1625-JAIIY,1,Loyal Premium Customers
1626-ERCMM,3,Established Standard Customers
1627-AFWVJ,2,New Budget Customers
1628-BIZYP,3,Established Standard Customers
1629-DQQVB,3,Established Standard Customers
1635-FJFCC,2,New Budget Customers
1635-HDGFT,2,New Budget Customers
1635-NZATJ,0,Loyal Budget Customers
1636-NTNCO,3,Established Standard Customers
1640-PLFMP,3,Established Standard Customers
1641-BYBTK,2,New Budget Customers
1641-RQDAY,3,Established Standard Customers
1642-HMARX,1,Loyal Premium Customers
1644-IRKSF,1,Loyal Premium Customers
1656-DRSMG,1,Loyal Premium Customers
1657-DYMBM,0,Loyal Budget Customers
1658-BYGOY,3,Established Standard Customers
1658-TJVOA,3,Established Standard Customers
1658-XUHBX,1,Loyal Premium Customers
1660-HSOOQ,2,New Budget Customers
1661-CZBAU,1,Loyal Premium Customers
1663-MHLHE,2,New Budget Customers
1666-JXLKU,1,Loyal Premium Customers
1666-JZPZT,2,New Budget Customers
1670-SVOWZ,3,Established Standard Customers
1676-MQAOA,1,Loyal Premium Customers
1678-FYZOW,3,Established Standard Customers
1679-JRFBR,1,Loyal Premium Customers
1680-VDCWW,2,New Budget Customers
1682-VCOIO,2,New Budget Customers
1684-FLBGS,3,Established Standard Customers
1685-BQULA,1,Loyal Premium Customers
1685-VAYJF,2,New Budget Customers
1686-STUHN,0,Loyal Budget Customers
1689-MRZQR,3,Established Standard Customers
1689-YQBYY,3,Established Standard Customers
1696-HXOWK,1,Loyal Premium Customers
1696-MZVAU,0,Loyal Budget Customers
1697-BCSHV,1,Loyal Premium Customers
1697-LYYYX,0,Loyal Budget Customers
1697-NVVGY,3,Established Standard Customers
1698-XFZCI,1,Loyal Premium Customers
1699-HPSBG,3,Established Standard Customers
1699-TLDLZ,2,New Budget Customers
1699-UOTXU,1,Loyal Premium Customers
1702-CCFNJ,1,Loyal Premium Customers
1703-MGIAB,3,Established Standard Customers
1704-NRWYE,3,Established Standard Customers
1705-GUHPV,0,Loyal Budget Customers
1707-HABPF,1,Loyal Premium Customers
1708-PBBOA,1,Loyal Premium Customers
1709-EJDOX,0,Loyal Budget Customers
1710-RCXUS,1,Loyal Premium Customers
1716-LSAMB,3,Established Standard Customers
1722-LDZJS,0,Loyal Budget Customers
1723-HKXJQ,1,Loyal Premium Customers
1724-BQUHA,3,Established Standard Customers
1724-IQWNM,2,New Budget Customers
1725-IQNIY,1,Loyal Premium Customers
1725-MIMXW,2,New Budget Customers
1728-BQDMA,2,New Budget Customers
1728-CXQBE,1,Loyal Premium Customers
1729-VLAZJ,2,New Budget Customers
1730-VFMWO,3,Established Standard Customers
1730-ZMAME,3,Established Standard Customers
1731-TVIUK,3,Established Standard Customers
1732-FEKLD,1,Loyal Premium Customers
1732-VHUBQ,0,Loyal Budget Customers
1734-ZMNTZ,2,New Budget Customers
1735-XMJVH,2,New Budget Customers
1740-CSDJP,2,New Budget Customers
1741-WTPON,1,Loyal Premium Customers
1744-JHKYS,0,Loyal Budget Customers
1746-TGTWV,3,Established Standard Customers
1750-CSKKM,3,Established Standard Customers
1751-NCDLI,1,Loyal Premium Customers
1752-OZXFY,1,Loyal Premium Customers
1754-GKYPY,3,Established Standard Customers
1755-FZQEC,0,Loyal Budget Customers
1755-RMCXH,2,New Budget Customers
1757-TCATG,0,Loyal Budget Customers
1760-CAZHT,2,New Budget Customers
1761-AEZZR,3,Established Standard Customers
1763-KUAAW,2,New Budget Customers
1763-WQFUK,3,Established Standard Customers
1764-VUUMT,0,Loyal Budget Customers
1766-GKNMI,3,Established Standard Customers
1767-CJKBA,0,Loyal Budget Customers
1767-TGTKO,2,New Budget Customers
1768-HNVGJ,1,Loyal Premium Customers
1768-ZAIFU,2,New Budget Customers
1769-GRUIK,3,Established Standard Customers
1771-OADNZ,3,Established Standard Customers
1775-KWJKQ,1,Loyal Premium Customers
1776-SPBWV,0,Loyal Budget Customers
1777-JYQPJ,2,New Budget Customers
1779-PWPMG,1,Loyal Premium Customers
1784-BXEFA,2,New Budget Customers
1784-EZDKJ,1,Loyal Premium Customers
1785-BPHTP,3,Established Standard Customers
1790-NESIO,2,New Budget Customers
1791-PQHBB,3,Established Standard Customers
1792-UXAFY,3,Established Standard Customers
1794-HBQTJ,3,Established Standard Customers
1794-SWWKL,3,Established Standard Customers
1796-JANOW,2,New Budget Customers
1803-BGNBD,3,Established Standard Customers
1809-DMJHQ,2,New Budget Customers
1810-BOHSY,1,Loyal Premium Customers
1810-MVMAI,3,Established Standard Customers
1813-JLKWR,0,Loyal Budget Customers
1813-JYWTO,1,Loyal Premium Customers
1814-DKOLC,2,New Budget Customers
1814-WFGVS,1,Loyal Premium Customers
1816-FLZDK,2,New Budget Customers
1818-ESQMW,3,Established Standard Customers
1820-DJFPH,0,Loyal Budget Customers
1820-TQVEV,3,Established Standard Customers
1821-BUCWY,3,Established Standard Customers
1830-GGFNM,1,Loyal Premium Customers
1830-IPXVJ,0,Loyal Budget Customers
1832-PEUTS,1,Loyal Premium Customers
1833-TCXKK,1,Loyal Premium Customers
1833-VGRUM,3,Established Standard Customers
1834-ABKHQ,0,Loyal Budget Customers
1834-WULEG,2,New Budget Customers
1837-YQUCE,1,Loyal Premium Customers
1839-FBNFR,0,Loyal Budget Customers
1839-UMACK,0,Loyal Budget Customers
1840-BIUOG,3,Established Standard Customers
1841-YSJGV,1,Loyal Premium Customers
1842-EZJMK,1,Loyal Premium Customers
1843-TLSGD,2,New Budget Customers
1845-CSBRZ,3,Established Standard Customers
1845-ZLLIG,3,Established Standard Customers
1846-XWOQN,3,Established Standard Customers
1848-LBZHY,3,Established Standard Customers
1849-RJYIG,3,Established Standard Customers
1850-AKQEP,2,New Budget Customers
1852-QSWCD,0,Loyal Budget Customers
1852-XEMDW,3,Established Standard Customers
1853-ARAAQ,3,Established Standard Customers
1853-UDXBW,3,Established Standard Customers
1855-AGAWH,1,Loyal Premium Customers
1855-CFULU,2,New Budget Customers
1862-QRWPE,0,Loyal Budget Customers
1862-SKORY,0,Loyal Budget Customers
1866-DIOQZ,1,Loyal Premium Customers
1866-NXPSP,1,Loyal Premium Customers
1866-OBPNR,3,Established Standard Customers
1866-RZZQS,1,Loyal Premium Customers
1866-ZSLJM,2,New Budget Customers
1867-BDVFH,3,Established Standard Customers
1867-TJHTS,1,Loyal Premium Customers
1871-MOWRM,3,Established Standard Customers
1872-EBWSC,2,New Budget Customers
1875-QIVME,3,Established Standard Customers
1877-HKBQX,3,Established Standard Customers
1891-FZYSA,1,Loyal Premium Customers
1891-QRQSA,1,Loyal Premium Customers
1891-UAWWU,3,Established Standard Customers
1894-IGFSG,3,Established Standard Customers
1895-QTKDO,2,New Budget Customers
1897-OKVMW,1,Loyal Premium Customers
1897-RCFUM,0,Loyal Budget Customers
1898-JSNDC,3,Established Standard Customers
1899-VXWXM,1,Loyal Premium Customers
1902-XBTFB,3,Established Standard Customers
1904-WAJAA,3,Established Standard Customers
1905-OEILC,2,New Budget Customers
1907-UBQFC,3,Established Standard Customers
1907-YLNYW,3,Established Standard Customers
1910-FMXJM,3,Established Standard Customers
1915-IOFGU,3,Established Standard Customers
1915-OAKWD,2,New Budget Customers
1918-ZBFQJ,3,Established Standard Customers
1919-RTPQD,2,New Budget Customers
1921-KYSAY,1,Loyal Premium Customers
1925-GMVBW,2,New Budget Customers
1925-LFCZZ,0,Loyal Budget Customers
1925-TIBLE,3,Established Standard Customers
1926-QUZNN,0,Loyal Budget Customers
1927-QEWMY,0,Loyal Budget Customers
1928-BXYIV,3,Established Standard Customers
1929-ZCBHE,0,Loyal Budget Customers
1930-BZLHI,2,New Budget Customers
1930-QPBVZ,1,Loyal Premium Customers
1930-WNXSB,1,Loyal Premium Customers
1932-UEDCX,3,Established Standard Customers
1934-MKPXS,0,Loyal Budget Customers
1934-SJVJK,2,New Budget Customers
1935-IMVBB,1,Loyal Premium Customers
1936-CZAKF,1,Loyal Premium Customers
1936-UAFEH,1,Loyal Premium Customers
1937-OTUKY,1,Loyal Premium Customers
1941-HOSAM,3,Established Standard Customers
1942-OQFRW,2,New Budget Customers
1945-XISKS,0,Loyal Budget Customers
1950-KSVVJ,1,Loyal Premium Customers
1951-IEYXM,1,Loyal Premium Customers
1952-DVVSW,2,New Budget Customers
1955-IBMMB,0,Loyal Budget Customers
1956-YIFGE,3,Established Standard Customers
1958-RNRKS,2,New Budget Customers
1960-UOTYM,1,Loyal Premium Customers
1960-UYCNN,2,New Budget Customers
1963-SVUCV,2,New Budget Customers
1963-VAUKV,2,New Budget Customers
1964-SVLEA,2,New Budget Customers
1965-AKTSX,3,Established Standard Customers
1965-DDBWU,3,Established Standard Customers
1970-KKFWL,0,Loyal Budget Customers
1971-DTCZB,1,Loyal Premium Customers
1972-XMUWV,1,Loyal Premium Customers
1976-AZZPJ,2,New Budget Customers
1976-CFOCS,2,New Budget Customers
1977-STDKI,3,Established Standard Customers
1980-KXVPM,3,Established Standard Customers
1981-INRFU,3,Established Standard Customers
1982-FEBTD,2,New Budget Customers
1984-FCOWB,1,Loyal Premium Customers
1984-GPTEH,2,New Budget Customers
1985-MBRYP,0,Loyal Budget Customers
1986-PHGZF,3,Established Standard Customers
1987-AUELQ,0,Loyal Budget Customers
1989-PRJHP,3,Established Standard Customers
1991-VOPLL,2,New Budget Customers
1996-DBMUS,0,Loyal Budget Customers
1998-VHJHK,2,New Budget Customers
2000-DHJUY,1,Loyal Premium Customers
2000-MPKCA,1,Loyal Premium Customers
2001-EWBQU,1,Loyal Premium Customers
2001-MCUUW,1,Loyal Premium Customers
2002-MZHWP,2,New Budget Customers
2003-CKLOR,1,Loyal Premium Customers
2004-OCQXK,3,Established Standard Customers
2005-DWQZJ,2,New Budget Customers
2007-QVGAW,0,Loyal Budget Customers
2011-TRQYE,2,New Budget Customers
2012-NWRPA,3,Established Standard Customers
2013-SGDXK,3,Established Standard Customers
2014-MKGMH,1,Loyal Premium Customers
2017-CCBLH,2,New Budget Customers
2018-PZKMU,3,Established Standard Customers
2018-QKYGT,3,Established Standard Customers
2019-HDCZY,1,Loyal Premium Customers
2023-VQFDL,2,New Budget Customers
2024-BASKD,3,Established Standard Customers
2025-JKFWI,3,Established Standard Customers
2026-TGDHM,3,Established Standard Customers
2027-CWDNU,3,Established Standard Customers
2027-DNKIV,3,Established Standard Customers
2027-FECZV,3,Established Standard Customers
2027-OAQQC,3,Established Standard Customers
2027-WKXMW,1,Loyal Premium Customers
2030-BTZRO,2,New Budget Customers
2034-CGRHZ,3,Established Standard Customers
2034-GDRCN,3,Established Standard Customers
2037-SGXHH,1,Loyal Premium Customers
2037-XJFUP,3,Established Standard Customers
2038-LLMLM,0,Loyal Budget Customers
2038-OEQZH,3,Established Standard Customers
2038-YSEZE,3,Established Standard Customers
2039-JONDJ,3,Established Standard Customers
2040-LDIWQ,1,Loyal Premium Customers
2040-OBMLJ,3,Established Standard Customers
2040-VZIKE,1,Loyal Premium Customers
2040-XBAVJ,1,Loyal Premium Customers
2041-JIJCI,3,Established Standard Customers
2043-WVTQJ,3,Established Standard Customers
2045-BMBTJ,3,Established Standard Customers
2049-BAFNW,2,New Budget Customers
2050-ONYDQ,0,Loyal Budget Customers
2054-PJOCK,1,Loyal Premium Customers
2055-BFOCC,1,Loyal Premium Customers
2055-PDADH,3,Established Standard Customers
2055-SIFSS,0,Loyal Budget Customers
2056-EVGZL,1,Loyal Premium Customers
2057-BOYKM,1,Loyal Premium Customers
2057-ZBLPD,3,Established Standard Customers
2058-DCJBE,3,Established Standard Customers
2061-VVFST,0,Loyal Budget Customers
2065-MMKGR,3,Established Standard Customers
2067-QYTCF,1,Loyal Premium Customers
2068-WWXQZ,0,Loyal Budget Customers
2070-FNEXE,3,Established Standard Customers
2070-XYMFH,3,Established Standard Customers
2072-ZVJJX,0,Loyal Budget Customers
2073-QBVBI,0,Loyal Budget Customers
2074-GKOWZ,3,Established Standard Customers
2074-GUHPQ,3,Established Standard Customers
2075-PUEPR,0,Loyal Budget Customers
2075-RMJIK,2,New Budget Customers
2077-DDHJK,1,Loyal Premium Customers
2077-MPJQO,2,New Budget Customers
2079-FBMZK,3,Established Standard Customers
2080-CAZNM,1,Loyal Premium Customers
2080-GKCWQ,3,Established Standard Customers
2080-SRCDE,2,New Budget Customers
2081-KJSQF,2,New Budget Customers
2081-VEYEH,3,Established Standard Customers
2082-CEFLT,2,New Budget Customers
2082-OJVTK,3,Established Standard Customers
2085-BOJKI,3,Established Standard Customers
2085-JVGAD,0,Loyal Budget Customers
2087-QAREY,3,Established Standard Customers
2088-IEBAU,1,Loyal Premium Customers
2091-GPPIQ,1,Loyal Premium Customers
2091-MJTFX,3,Established Standard Customers
2091-RFFBA,3,Established Standard Customers
2096-XOTMO,2,New Budget Customers
2097-YVPKN,0,Loyal Budget Customers
2100-BDNSN,3,Established Standard Customers
2101-RANCD,0,Loyal Budget Customers
2103-ZRXFN,2,New Budget Customers
2105-PHWON,3,Established Standard Customers
2107-FBPTK,1,Loyal Premium Customers
2108-GLPQB,3,Established Standard Customers
2108-XWMPY,2,New Budget Customers
2108-YKQTY,3,Established Standard Customers
2111-DWYHN,2,New Budget Customers
2114-MGINA,3,Established Standard Customers
2115-BFTIW,3,Established Standard Customers
2120-SMPEX,2,New Budget Customers
2121-JAFOM,1,Loyal Premium Customers
2122-SZZZD,0,Loyal Budget Customers
2122-YWVYA,3,Established Standard Customers
2123-AGEEN,3,Established Standard Customers
2123-VSCOT,1,Loyal Premium Customers
2126-GSEGL,1,Loyal Premium Customers
2129-ALKBS,0,Loyal Budget Customers
2133-TSRRM,1,Loyal Premium Customers
2135-DQWAQ,3,Established Standard Customers
2135-RXIHG,2,New Budget Customers
2137-DQMEV,0,Loyal Budget Customers
2138-VFAPZ,2,New Budget Customers
2139-FQHLM,3,Established Standard Customers
2141-RRYGO,3,Established Standard Customers
2143-LJULT,0,Loyal Budget Customers
2144-BFDSO,1,Loyal Premium Customers
2144-ESWKO,0,Loyal Budget Customers
2146-EGVDT,0,Loyal Budget Customers
2150-OEGBV,2,New Budget Customers
2150-UWTFY,3,Established Standard Customers
2150-WLKUW,3,Established Standard Customers
2153-MREFK,1,Loyal Premium Customers
2154-KVJFF,3,Established Standard Customers
2155-AMQRX,3,Established Standard Customers
2157-MXBJS,3,Established Standard Customers
2159-TURXX,2,New Budget Customers
2160-GPFXD,1,Loyal Premium Customers
2162-FRZAA,0,Loyal Budget Customers
2164-SOQXL,2,New Budget Customers
2165-VOEGB,1,Loyal Premium Customers
2167-FQSTQ,1,Loyal Premium Customers
2169-RRLFW,0,Loyal Budget Customers
2171-UDMFD,2,New Budget Customers
2172-EJXVF,1,Loyal Premium Customers
2176-LVPNX,1,Loyal Premium Customers
2176-OSJUV,1,Loyal Premium Customers
2178-PMGCJ,3,Established Standard Customers
2180-DXNEG,3,Established Standard Customers
2181-TIDSV,0,Loyal Budget Customers
2181-UAESM,3,Established Standard Customers
2186-QZEYA,3,Established Standard Customers
2187-LZGPL,3,Established Standard Customers
2187-PKZAY,3,Established Standard Customers
2188-SXWVT,3,Established Standard Customers
2189-UXTKY,3,Established Standard Customers
2189-WWOEW,3,Established Standard Customers
2190-BCXEC,3,Established Standard Customers
2190-PHBHR,1,Loyal Premium Customers
2192-CKRLV,1,Loyal Premium Customers
2192-OZITF,1,Loyal Premium Customers
2193-SFWQW,1,Loyal Premium Customers
2194-IIQOF,1,Loyal Premium Customers
2195-VVRJF,3,Established Standard Customers
2195-ZRVAX,1,Loyal Premium Customers
2197-OMWGI,1,Loyal Premium Customers
2200-DSAAL,1,Loyal Premium Customers
2202-CUYXZ,3,Established Standard Customers
2202-OUTMO,3,Established Standard Customers
2203-GHNWN,3,Established Standard Customers
2205-LPVGL,1,Loyal Premium Customers
2205-YMZZJ,3,Established Standard Customers
2207-NHRJK,3,Established Standard Customers
2207-OBZNX,3,Established Standard Customers
2207-QPJED,1,Loyal Premium Customers
2207-RYYRL,0,Loyal Budget Customers
2208-MPXIO,0,Loyal Budget Customers
2208-NKVVH,0,Loyal Budget Customers
2208-NQBCT,3,Established Standard Customers
2208-UGTGR,1,Loyal Premium Customers
2209-XADXF,2,New Budget Customers
2211-RMNHO,1,Loyal Premium Customers
2212-LYASK,3,Established Standard Customers
2215-ZAFGX,3,Established Standard Customers
2219-MVUSO,2,New Budget Customers
2220-IAHLS,2,New Budget Customers
2223-GDSHL,1,Loyal Premium Customers
2223-KAGMX,2,New Budget Customers
2225-ZRGSG,1,Loyal Premium Customers
2226-ICFDO,1,Loyal Premium Customers
2227-JRSJX,3,Established Standard Customers
2228-BZDEE,0,Loyal Budget Customers
2229-DPMBI,2,New Budget Customers
2229-VWQJH,3,Established Standard Customers
2230-XTUWL,0,Loyal Budget Customers
2232-DMLXU,3,Established Standard Customers
2233-FAGXV,2,New Budget Customers
2233-TXSIU,3,Established Standard Customers
2234-EOFPT,1,Loyal Premium Customers
2234-XADUH,1,Loyal Premium Customers
2235-DWLJU,3,Established Standard Customers
2235-EZAIK,0,Loyal Budget Customers
2235-ZGKPT,2,New Budget Customers
2236-HILPA,0,Loyal Budget Customers
2237-ZFSMY,1,Loyal Premium Customers
2239-CFOUJ,2,New Budget Customers
2239-CGBUZ,1,Loyal Premium Customers
2239-JALAW,1,Loyal Premium Customers
2240-HSJQD,3,Established Standard Customers
2242-MFOTG,3,Established Standard Customers
2243-FNMMI,2,New Budget Customers
2245-ADZFJ,1,Loyal Premium Customers
2249-YPRNG,3,Established Standard Customers
2250-IVBWA,1,Loyal Premium Customers
2251-PYLPB,1,Loyal Premium Customers
2252-ISRNH,2,New Budget Customers
2252-JHJGE,1,Loyal Premium Customers
2252-NKNSI,1,Loyal Premium Customers
2253-KPMNB,1,Loyal Premium Customers
2254-DLXRI,3,Established Standard Customers
2256-YLYLP,1,Loyal Premium Customers
2257-BOVXD,3,Established Standard Customers
2259-OUUSZ,2,New Budget Customers
2260-USTRB,3,Established Standard Customers
2262-SLNVK,3,Established Standard Customers
2263-SFSQZ,0,Loyal Budget Customers
2265-CYWIV,3,Established Standard Customers
2266-FUBDZ,2,New Budget Customers
2266-SJNAT,1,Loyal Premium Customers
2267-FPIMA,1,Loyal Premium Customers
2267-WTPYD,1,Loyal Premium Customers
2270-CHBFN,1,Loyal Premium Customers
2272-JKMSI,1,Loyal Premium Customers
2272-QAGFO,3,Established Standard Customers
2272-UOINI,3,Established Standard Customers
2272-WUSPA,1,Loyal Premium Customers
2273-QCKXA,3,Established Standard Customers
2274-XUATA,1,Loyal Premium Customers
2275-RBYQS,2,New Budget Customers
2276-YDAVZ,3,Established Standard Customers
2277-AXSDC,2,New Budget Customers
2277-BKJKN,1,Loyal Premium Customers
2277-DJJDL,1,Loyal Premium Customers
2277-VWCNI,2,New Budget Customers
2279-AXJJK,1,Loyal Premium Customers
2282-YGNOR,3,Established Standard Customers
2284-VFLKH,1,Loyal Premium Customers
2292-XQWSV,1,Loyal Premium Customers
2293-IJWPS,1,Loyal Premium Customers
2294-DMMUS,1,Loyal Premium Customers
2294-SALNE,3,Established Standard Customers
2296-DKZFP,1,Loyal Premium Customers
2300-RQGOI,0,Loyal Budget Customers
2302-ANTDP,1,Loyal Premium Customers
2302-OUZXB,1,Loyal Premium Customers
2303-PJYHN,2,New Budget Customers
2305-MRGLV,3,Established Standard Customers
2307-FYNNL,1,Loyal Premium Customers
2308-STERM,2,New Budget Customers
2309-OSFEU,2,New Budget Customers
2311-QYMUQ,3,Established Standard Customers
2314-TNDJQ,1,Loyal Premium Customers
2316-ESMLS,2,New Budget Customers
2320-JRSDE,2,New Budget Customers
2320-SLKMB,3,Established Standard Customers
2320-TZRRH,2,New Budget Customers
2320-YKQBO,2,New Budget Customers
2321-OMBXY,1,Loyal Premium Customers
2322-VCZHZ,3,Established Standard Customers
2323-ARSVR,1,Loyal Premium Customers
2324-AALNO,0,Loyal Budget Customers
2324-EFHVG,1,Loyal Premium Customers
2325-NBPZG,3,Established Standard Customers
2325-WINES,1,Loyal Premium Customers
2325-ZUSFD,1,Loyal Premium Customers
2330-PQGDQ,1,Loyal Premium Customers
2332-EFBJY,2,New Budget Customers
2332-TODQS,0,Loyal Budget Customers
2333-KWEWW,2,New Budget Customers
2335-GSODA,3,Established Standard Customers
2338-BQEZT,0,Loyal Budget Customers
2342-CKIAO,2,New Budget Customers
2344-JMOGN,3,Established Standard Customers
2346-CZYIL,2,New Budget Customers
2346-DJQTB,0,Loyal Budget Customers
2346-LOCWC,0,Loyal Budget Customers
2347-WKKAE,1,Loyal Premium Customers
2348-KCJLT,3,Established Standard Customers
2351-BKRZW,1,Loyal Premium Customers
2351-RRBUE,2,New Budget Customers
2357-COQEK,1,Loyal Premium Customers
2359-KLTEK,1,Loyal Premium Customers
2359-KMGLI,3,Established Standard Customers
2359-QWQUL,1,Loyal Premium Customers
2360-RDGRO,1,Loyal Premium Customers
2361-FJWNO,0,Loyal Budget Customers
2361-UPSND,1,Loyal Premium Customers
2362-IBOOY,3,Established Standard Customers
2363-BJLSL,1,Loyal Premium Customers
2364-UFROM,3,Established Standard Customers
2368-GAKKQ,1,Loyal Premium Customers
2369-FEVNO,2,New Budget Customers
2369-UAPKZ,3,Established Standard Customers
2371-JQHZZ,3,Established Standard Customers
2371-JUNGC,2,New Budget Customers
2371-KFUOG,1,Loyal Premium Customers
2372-HWUHI,2,New Budget Customers
2373-NTKOD,3,Established Standard Customers
2378-HTWFW,3,Established Standard Customers
2378-VTKDH,1,Loyal Premium Customers
2378-YIZKA,1,Loyal Premium Customers
2379-ENZGV,3,Established Standard Customers
2379-GYFLQ,1,Loyal Premium Customers
2380-DAMQP,1,Loyal Premium Customers
2382-BCKQJ,1,Loyal Premium Customers
2384-OVPSA,0,Loyal Budget Customers
2386-LAHRK,3,Established Standard Customers
2386-OWURY,1,Loyal Premium Customers
2387-KDZQY,2,New Budget Customers
2388-LAESQ,1,Loyal Premium Customers
2391-IPLOP,1,Loyal Premium Customers
2391-SOORI,3,Established Standard Customers
2393-DIVAI,2,New Budget Customers
2397-BRLOM,3,Established Standard Customers
2398-YPMUR,3,Established Standard Customers
2400-FEQME,0,Loyal Budget Customers
2400-XIWIO,1,Loyal Premium Customers
2402-TAIRZ,3,Established Standard Customers
2403-BCASL,1,Loyal Premium Customers
2404-JIBFC,1,Loyal Premium Customers
2405-LBMUW,1,Loyal Premium Customers
2408-PSJVE,0,Loyal Budget Customers
2408-TZMJL,1,Loyal Premium Customers
2408-WITXK,2,New Budget Customers
2410-CIYFZ,2,New Budget Customers
2418-TPEUN,0,Loyal Budget Customers
2419-FSORS,1,Loyal Premium Customers
2424-WVHPL,3,Established Standard Customers
2428-HYUNX,0,Loyal Budget Customers
2428-ZMCTB,2,New Budget Customers
2429-AYKKO,0,Loyal Budget Customers
2430-RRYUW,1,Loyal Premium Customers
2430-USGXP,2,New Budget Customers
2432-TFSMK,3,Established Standard Customers
2433-KMEAS,3,Established Standard Customers
2434-EEVDB,1,Loyal Premium Customers
2436-QBZFP,2,New Budget Customers
2439-LYPMQ,1,Loyal Premium Customers
2439-QKJUL,2,New Budget Customers
2446-BEGGB,3,Established Standard Customers
2446-PLQVO,3,Established Standard Customers
2446-ZKVAF,3,Established Standard Customers
2450-ZKEED,3,Established Standard Customers
2451-YMUXS,1,Loyal Premium Customers
2452-KDRRH,1,Loyal Premium Customers
2452-MRMZF,0,Loyal Budget Customers
2452-SNHFZ,3,Established Standard Customers
2453-SAFNS,1,Loyal Premium Customers
2454-RPBRZ,3,Established Standard Customers
2455-USLMV,3,Established Standard Customers
2458-EOMRE,3,Established Standard Customers
2460-FPSYH,3,Established Standard Customers
2460-NGXBJ,3,Established Standard Customers
2462-XIIJB,3,Established Standard Customers
2465-BLLEU,2,New Budget Customers
2466-FCCPT,2,New Budget Customers
2466-NEJOJ,2,New Budget Customers
2468-SJFLM,3,Established Standard Customers
2469-DTSGX,1,Loyal Premium Customers
2472-OVKUP,3,Established Standard Customers
2474-BRUCM,1,Loyal Premium Customers
2474-LCNUE,3,Established Standard Customers
2475-MROZF,1,Loyal Premium Customers
2476-YGEFM,3,Established Standard Customers
2478-EEWWM,0,Loyal Budget Customers
2479-BRAMR,3,Established Standard Customers
2480-EJWYP,1,Loyal Premium Customers
2480-JZOSN,2,New Budget Customers
2480-SQIOB,2,New Budget Customers
2481-SBOYW,0,Loyal Budget Customers
2482-CZGBB,3,Established Standard Customers
2483-XSSMZ,0,Loyal Budget Customers
2484-DGXPZ,2,New Budget Customers
2485-ITVKB,2,New Budget Customers
2486-WYVVE,1,Loyal Premium Customers
2495-INZWQ,2,New Budget Customers
2495-KZNFB,3,Established Standard Customers
2495-TTHBQ,2,New Budget Customers
2498-XLDZR,1,Loyal Premium Customers
2499-AJYUA,1,Loyal Premium Customers
2501-XWWTZ,3,Established Standard Customers
2504-DSHIH,3,Established Standard Customers
2506-CLAKW,3,Established Standard Customers
2506-TNFCO,3,Established Standard Customers
2507-QZPQS,3,Established Standard Customers
2509-TFPJU,0,Loyal Budget Customers
2511-ALLCS,0,Loyal Budget Customers
2511-MORQY,0,Loyal Budget Customers
2514-GINMM,3,Established Standard Customers
2516-VQRRV,3,Established Standard Customers
2516-XSJKX,1,Loyal Premium Customers
2519-ERQOJ,3,Established Standard Customers
2519-FAKOD,1,Loyal Premium Customers
2519-LBNQL,1,Loyal Premium Customers
2519-TWKFS,3,Established Standard Customers
2520-SGTTA,2,New Budget Customers
2521-NPUZR,1,Loyal Premium Customers
2522-AHJXR,1,Loyal Premium Customers
2522-WLNSF,3,Established Standard Customers
2523-EWWZL,3,Established Standard Customers
2525-GVKQU,0,Loyal Budget Customers
2528-HFYZX,3,Established Standard Customers
2530-ENDWQ,1,Loyal Premium Customers
2530-FMFXO,1,Loyal Premium Customers
2533-QVMSK,1,Loyal Premium Customers
2533-TIBIX,2,New Budget Customers
2535-PBCGC,1,Loyal Premium Customers
2538-OIMXF,2,New Budget Customers
2541-YGPKE,1,Loyal Premium Customers
2542-HYGIQ,2,New Budget Customers
2545-EBUPK,3,Established Standard Customers
2545-LXYVJ,0,Loyal Budget Customers
2546-KZAAT,1,Loyal Premium Customers
2550-AEVRU,0,Loyal Budget Customers
2550-QHZGP,2,New Budget Customers
2558-BUOZZ,1,Loyal Premium Customers
2560-PPCHE,1,Loyal Premium Customers
2560-QTSBS,0,Loyal Budget Customers
2560-WBWXF,0,Loyal Budget Customers
2565-JSLRY,2,New Budget Customers
2568-BRGYX,3,Established Standard Customers
2568-OIADY,1,Loyal Premium Customers
2569-WGERO,0,Loyal Budget Customers
2573-GYRUU,1,Loyal Premium Customers
2575-GFSOE,3,Established Standard Customers
2576-HXMPA,2,New Budget Customers
2577-GVSIL,1,Loyal Premium Customers
2578-JQPHZ,1,Loyal Premium Customers
2580-ASVVY,3,Established Standard Customers
2580-ATZSQ,1,Loyal Premium Customers
2581-VKIRT,1,Loyal Premium Customers
2582-FFFZR,3,Established Standard Customers
2585-KTFRE,3,Established Standard Customers
2586-CWXVV,0,Loyal Budget Customers
2587-EKXTS,1,Loyal Premium Customers
2587-YNLES,2,New Budget Customers
2589-AYCRP,0,Loyal Budget Customers
2592-HODOV,2,New Budget Customers
2592-SEIFQ,2,New Budget Customers
2592-YKDIF,2,New Budget Customers
2595-KIWPV,2,New Budget Customers
2599-CIPQE,1,Loyal Premium Customers
2599-CZABP,2,New Budget Customers
2603-HVKCG,1,Loyal Premium Customers
2604-IJPDU,3,Established Standard Customers
2604-XVDAM,2,New Budget Customers
2606-PKWJB,0,Loyal Budget Customers
2606-RMDHZ,2,New Budget Customers
2607-DHDAK,0,Loyal Budget Customers
2607-FBDFF,3,Established Standard Customers
2608-BHKFN,3,Established Standard Customers
2609-IAICY,3,Established Standard Customers
2612-PHGOX,1,Loyal Premium Customers
2612-RANWT,3,Established Standard Customers
2612-RRIDN,3,Established Standard Customers
2615-YVMYX,1,Loyal Premium Customers
2616-FLVQC,0,Loyal Budget Customers
2616-UUTFK,3,Established Standard Customers
2619-WFQWU,3,Established Standard Customers
2621-UDNLU,2,New Budget Customers
2623-DRYAM,1,Loyal Premium Customers
2625-TRCZQ,1,Loyal Premium Customers
2626-URJFX,2,New Budget Customers
2626-VEEWG,0,Loyal Budget Customers
2632-IVXVF,1,Loyal Premium Customers
2632-TACXW,0,Loyal Budget Customers
2632-UCGVD,1,Loyal Premium Customers
2634-HCZGT,0,Loyal Budget Customers
2636-ALXXZ,3,Established Standard Customers
2636-OHFMN,3,Established Standard Customers
2636-SJDOU,1,Loyal Premium Customers
2637-FKFSY,2,New Budget Customers
2639-UGMAZ,1,Loyal Premium Customers
2640-LYMOV,2,New Budget Customers
2640-PMGFL,3,Established Standard Customers
2642-DTVCO,3,Established Standard Customers
2642-MAWLJ,0,Loyal Budget Customers
2645-QTLMB,3,Established Standard Customers
2649-HWLYB,1,Loyal Premium Customers
2650-GYRYL,0,Loyal Budget Customers
2651-ZCBXV,1,Loyal Premium Customers
2654-VBVPB,2,New Budget Customers
2656-FMOKZ,3,Established Standard Customers
2656-TABEH,3,Established Standard Customers
2657-ALMWY,3,Established Standard Customers
2657-VPXTA,3,Established Standard Customers
2659-VXMWZ,1,Loyal Premium Customers
2660-EMUBI,3,Established Standard Customers
2661-GKBTK,1,Loyal Premium Customers
2662-NNTDK,0,Loyal Budget Customers
2664-XJZNO,1,Loyal Premium Customers
2665-NPTGL,3,Established Standard Customers
2667-WYLWJ,2,New Budget Customers
2668-TZSPS,2,New Budget Customers
2669-OIDSD,1,Loyal Premium Customers
2669-QVCRG,3,Established Standard Customers
2672-DZUOY,2,New Budget Customers
2672-HUYVI,3,Established Standard Customers
2672-OJQZP,2,New Budget Customers
2672-TGEFF,3,Established Standard Customers
2673-CXQEU,1,Loyal Premium Customers
2673-ZALNP,2,New Budget Customers
2674-MIAHT,3,Established Standard Customers
2674-MLXMN,1,Loyal Premium Customers
2675-DHUTR,1,Loyal Premium Customers
2675-IJRGJ,0,Loyal Budget Customers
2675-OTVVJ,3,Established Standard Customers
2676-ISHSF,2,New Budget Customers
2676-OXPPQ,3,Established Standard Customers
2676-SSLTO,1,Loyal Premium Customers
2680-XKKNJ,3,Established Standard Customers
2682-KEVRP,2,New Budget Customers
2683-BPJSO,3,Established Standard Customers
2683-JXWQQ,0,Loyal Budget Customers
2684-EIWEO,3,Established Standard Customers
2685-SREOM,3,Established Standard Customers
2688-BHGOG,3,Established Standard Customers
2690-DVRVK,2,New Budget Customers
2691-NZETQ,3,Established Standard Customers
2692-AQCPF,1,Loyal Premium Customers
2692-BUCFV,3,Established Standard Customers
2692-PFYTJ,2,New Budget Customers
2694-CIUMO,3,Established Standard Customers
2696-ECXKC,1,Loyal Premium Customers
2696-NARTR,3,Established Standard Customers
2696-RZVZW,0,Loyal Budget Customers
2697-NQBPF,1,Loyal Premium Customers
2700-LUEVA,2,New Budget Customers
2703-AMTUL,3,Established Standard Customers
2706-QZIHY,2,New Budget Customers
2709-UQGNP,3,Established Standard Customers
2710-WYVXG,3,Established Standard Customers
2712-SYWAY,2,New Budget Customers
2716-GFZOR,1,Loyal Premium Customers
2717-HVIZY,2,New Budget Customers
2718-GAXQD,2,New Budget Customers
2718-YSKCS,0,Loyal Budget Customers
2719-BDAQO,3,Established Standard Customers
2720-FVBQP,2,New Budget Customers
2720-WGKHP,3,Established Standard Customers
2722-JMONI,3,Established Standard Customers
2722-VOJQL,1,Loyal Premium Customers
2724-FJDYW,1,Loyal Premium Customers
2725-IWWBA,1,Loyal Premium Customers
2725-KXXWT,3,Established Standard Customers
2725-TTRIQ,1,Loyal Premium Customers
2729-VNVAP,0,Loyal Budget Customers
2731-GJRDG,1,Loyal Premium Customers
2732-ISEZX,2,New Budget Customers
2737-WFVYW,2,New Budget Customers
2737-YNGYW,3,Established Standard Customers
2739-CACDQ,3,Established Standard Customers
2739-CCZMB,2,New Budget Customers
2740-JFBOK,2,New Budget Customers
2740-TVLFN,2,New Budget Customers
2746-DIJLO,3,Established Standard Customers
2748-MYRVK,1,Loyal Premium Customers
2749-CTKAJ,2,New Budget Customers
2750-BJLSB,1,Loyal Premium Customers
2753-JMMCV,1,Loyal Premium Customers
2754-SDJRD,2,New Budget Customers
2754-VDLTR,3,Established Standard Customers
2754-XBHTB,3,Established Standard Customers
2758-RNWXS,1,Loyal Premium Customers
2761-OCIAX,3,Established Standard Customers
2761-XECQW,3,Established Standard Customers
2770-NSVDG,2,New Budget Customers
2773-MADBQ,1,Loyal Premium Customers
2773-OVBPK,1,Loyal Premium Customers
2774-LVQUS,3,Established Standard Customers
2775-SEFEE,3,Established Standard Customers
2777-PHDEI,3,Established Standard Customers
2778-OCLGR,2,New Budget Customers
2782-JEEBU,2,New Budget Customers
2782-LFZVW,3,Established Standard Customers
2786-GCDPI,1,Loyal Premium Customers
2788-CJQAQ,2,New Budget Customers
2789-CZANW,1,Loyal Premium Customers
2789-HQBOU,3,Established Standard Customers
2790-XUYMV,1,Loyal Premium Customers
2791-SFVEW,2,New Budget Customers
2792-LSHWX,3,Established Standard Customers
2792-VPPET,2,New Budget Customers
2794-XIMMO,1,Loyal Premium Customers
2796-NNUFI,0,Loyal Budget Customers
2796-UUZZO,1,Loyal Premium Customers
2798-NYLMZ,1,Loyal Premium Customers
2799-ARNLO,3,Established Standard Customers
2799-TSLAG,0,Loyal Budget Customers
2800-QQUSO,1,Loyal Premium Customers
2800-VEQXM,3,Established Standard Customers
2801-NISEI,3,Established Standard Customers
2804-ETQDK,0,Loyal Budget Customers
2805-AUFQN,2,New Budget Customers
2805-EDJPQ,1,Loyal Premium Customers
2806-MLNTI,1,Loyal Premium Customers
2808-CHTDM,2,New Budget Customers
2809-ILCYT,2,New Budget Customers
2809-ZMYOQ,1,Loyal Premium Customers
2810-FTLEM,3,Established Standard Customers
2811-POVEX,3,Established Standard Customers
2812-ENYMO,3,Established Standard Customers
2812-REYAT,0,Loyal Budget Customers
2812-SFXMJ,2,New Budget Customers
2815-CPTUL,3,Established Standard Customers
2817-LVCPP,0,Loyal Budget Customers
2817-NTQDO,3,Established Standard Customers
2819-GWENI,2,New Budget Customers
2821-WARNZ,0,Loyal Budget Customers
2823-LKABH,3,Established Standard Customers
2824-DXNKN,1,Loyal Premium Customers
2824-MYYBN,1,Loyal Premium Customers
2826-DXLQO,2,New Budget Customers
2826-UWHIS,3,Established Standard Customers
2828-SLQPF,2,New Budget Customers
2829-HYVZP,2,New Budget Customers
2830-LEWOA,1,Loyal Premium Customers
2831-EBWRN,2,New Budget Customers
2832-KJCRD,1,Loyal Premium Customers
2832-SCUCO,2,New Budget Customers
2833-SLKDQ,2,New Budget Customers
2834-JKOOW,3,Established Standard Customers
2834-JRTUA,1,Loyal Premium Customers
2834-SPCJV,1,Loyal Premium Customers
2839-RFSQE,2,New Budget Customers
2840-XANRC,3,Established Standard Customers
2842-BCQGE,3,Established Standard Customers
2842-JTCCU,2,New Budget Customers
2843-CQMEG,3,Established Standard Customers
2845-AFFTX,1,Loyal Premium Customers
2845-HSJCY,3,Established Standard Customers
2845-KDHVX,1,Loyal Premium Customers
2848-YXSMW,0,Loyal Budget Customers
2851-MMUTZ,3,Established Standard Customers
2851-STERV,1,Loyal Premium Customers
2853-CWQFQ,3,Established Standard Customers
2856-HYAPG,3,Established Standard Customers
2856-NNASM,1,Loyal Premium Customers
2858-EIMXH,1,Loyal Premium Customers
2858-MOFSQ,3,Established Standard Customers
2860-RANUS,3,Established Standard Customers
2862-JVEOY,2,New Budget Customers
2862-PFNIK,2,New Budget Customers
2863-IMQDR,1,Loyal Premium Customers
2865-TCHJW,3,Established Standard Customers
2866-IKBTM,2,New Budget Customers
2867-UIMSS,3,Established Standard Customers
2868-LLSKM,1,Loyal Premium Customers
2868-MZAGQ,3,Established Standard Customers
2868-SNELZ,3,Established Standard Customers
2869-ADAWR,1,Loyal Premium Customers
2873-ZLIWT,3,Established Standard Customers
2874-YXVVA,1,Loyal Premium Customers
2876-GZYZC,3,Established Standard Customers
2876-VBBBL,2,New Budget Customers
2877-VDUER,0,Loyal Budget Customers
2878-DHMIN,0,Loyal Budget Customers
2878-RMWXY,1,Loyal Premium Customers
2880-FPNAE,3,Established Standard Customers
2882-DDZPG,2,New Budget Customers
2882-WDTBA,1,Loyal Premium Customers
2883-ILGWO,1,Loyal Premium Customers
2884-GBPFB,3,Established Standard Customers
2885-HIJDH,1,Loyal Premium Customers
2886-KEFUM,1,Loyal Premium Customers
2887-JPYLU,0,Loyal Budget Customers
2888-ADFAO,0,Loyal Budget Customers
2889-FPWRM,1,Loyal Premium Customers
2890-WFBHU,1,Loyal Premium Customers
2892-GESUL,2,New Budget Customers
2894-QOJRX,2,New Budget Customers
2896-TBNBE,3,Established Standard Customers
2897-DOVND,3,Established Standard Customers
2898-LSJGD,3,Established Standard Customers
2898-MRKPI,1,Loyal Premium Customers
2900-PHPLN,0,Loyal Budget Customers
2903-YYTBW,2,New Budget Customers
2904-GGUAZ,1,Loyal Premium Customers
2905-KFQUV,3,Established Standard Customers
2907-ILJBN,2,New Budget Customers
2908-WGAXL,0,Loyal Budget Customers
2908-ZTPNF,0,Loyal Budget Customers
2911-IJORQ,1,Loyal Premium Customers
2911-UREFD,1,Loyal Premium Customers
2911-WDXMV,3,Established Standard Customers
2916-BQZLN,3,Established Standard Customers
2919-HBCJO,3,Established Standard Customers
2920-RNCEZ,3,Established Standard Customers
2921-XWDJH,3,Established Standard Customers
2923-ARZLG,2,New Budget Customers
2924-KHUVI,1,Loyal Premium Customers
2925-MXLSX,3,Established Standard Customers
2925-VDZHY,1,Loyal Premium Customers
2926-JEJJC,2,New Budget Customers
2927-CVULT,1,Loyal Premium Customers
2927-QRRQV,1,Loyal Premium Customers
2928-HLDBA,2,New Budget Customers
2929-ERCFZ,3,Established Standard Customers
2929-QNSRW,1,Loyal Premium Customers
2930-UOTMB,3,Established Standard Customers
2931-FSOHN,3,Established Standard Customers
2931-SVLTV,1,Loyal Premium Customers
2931-VUVJN,1,Loyal Premium Customers
2931-XIQBR,1,Loyal Premium Customers
2933-FILNV,2,New Budget Customers
2933-XEUJM,1,Loyal Premium Customers
2937-FTHUR,3,Established Standard Customers
2946-KIQSP,0,Loyal Budget Customers
2947-DOMLJ,3,Established Standard Customers
2951-QOQTK,3,Established Standard Customers
2952-QAYZF,3,Established Standard Customers
2954-PIBKO,1,Loyal Premium Customers
2955-BJZHG,3,Established Standard Customers
2955-PSXOE,2,New Budget Customers
2956-GGUCQ,3,Established Standard Customers
2957-JIRMN,1,Loyal Premium Customers
2957-LOLHO,2,New Budget Customers
2958-NHPPS,2,New Budget Customers
2959-EEXWB,1,Loyal Premium Customers
2959-FENLU,3,Established Standard Customers
2959-MJHIC,3,Established Standard Customers
2960-NKRSO,3,Established Standard Customers
2961-VNFKL,0,Loyal Budget Customers
2962-XPMCQ,2,New Budget Customers
2967-MXRAV,2,New Budget Customers
2968-SSGAA,3,Established Standard Customers
2969-QWUBZ,3,Established Standard Customers
2969-VAPYH,1,Loyal Premium Customers
2969-WGHQO,3,Established Standard Customers
2971-SGAFL,3,Established Standard Customers
2972-YDYUW,1,Loyal Premium Customers
2974-GGUXS,3,Established Standard Customers
2977-CEBSX,1,Loyal Premium Customers
2978-XXSOG,3,Established Standard Customers
2979-SXESE,3,Established Standard Customers
2982-IHMFT,3,Established Standard Customers
2982-VPSGI,3,Established Standard Customers
2983-ZANRP,3,Established Standard Customers
2984-AFWNC,3,Established Standard Customers
2984-MIIZL,3,Established Standard Customers
2984-RGEYA,0,Loyal Budget Customers
2984-TBYKU,1,Loyal Premium Customers
2985-FMWYF,3,Established Standard Customers
2985-JUUBZ,1,Loyal Premium Customers
2987-BJXIK,1,Loyal Premium Customers
2988-GBIVW,1,Loyal Premium Customers
2988-PLAHS,3,Established Standard Customers
2988-QRAJY,1,Loyal Premium Customers
2990-HWIML,3,Established Standard Customers
2990-IAJSV,1,Loyal Premium Customers
2990-OGYTD,1,Loyal Premium Customers
2995-UPRYS,1,Loyal Premium Customers
2995-YWTCD,2,New Budget Customers
2996-XAUVF,0,Loyal Budget Customers
2999-AANRQ,3,Established Standard Customers
3001-CBHLQ,1,Loyal Premium Customers
3001-UNBTL,3,Established Standard Customers
3002-WQZWT,3,Established Standard Customers
3003-CMDUU,3,Established Standard Customers
3005-NFMTA,1,Loyal Premium Customers
3005-TYFRD,1,Loyal Premium Customers
3006-XIMLN,3,Established Standard Customers
3007-FDPEA,2,New Budget Customers
3009-JWMPU,1,Loyal Premium Customers
3011-WQKSZ,2,New Budget Customers
3012-VFFMN,2,New Budget Customers
3014-WJKSM,3,Established Standard Customers
3016-KSVCP,2,New Budget Customers
3018-TFTSU,3,Established Standard Customers
3021-VLNRJ,1,Loyal Premium Customers
3022-BEXHZ,1,Loyal Premium Customers
3023-GFLBR,3,Established Standard Customers
3026-ATZYV,1,Loyal Premium Customers
3027-YNWZU,0,Loyal Budget Customers
3027-ZTDHO,3,Established Standard Customers
3030-YDNRM,3,Established Standard Customers
3030-YZADT,2,New Budget Customers
3030-ZKIWL,2,New Budget Customers
3034-ZBEQN,0,Loyal Budget Customers
3038-PQIUY,3,Established Standard Customers
3039-MJSLN,2,New Budget Customers
3043-SUDUA,2,New Budget Customers
3043-TYBNO,3,Established Standard Customers
3045-XETSH,3,Established Standard Customers
3049-NDXFL,3,Established Standard Customers
3049-SOLAY,3,Established Standard Customers
3050-GBUSH,2,New Budget Customers
3050-RLLXC,1,Loyal Premium Customers
3055-MJDSB,2,New Budget Customers
3055-OYMSE,1,Loyal Premium Customers
3055-VTCGS,1,Loyal Premium Customers
3057-VJJQE,3,Established Standard Customers
3058-HJCUY,1,Loyal Premium Customers
3058-WQDRE,2,New Budget Customers
3059-NGMXB,3,Established Standard Customers
3061-BCKYI,2,New Budget Customers
3062-ICYZQ,1,Loyal Premium Customers
3063-QFSZL,3,Established Standard Customers
3066-RRJIO,3,Established Standard Customers
3067-SVMTC,0,Loyal Budget Customers
3068-OMWZA,3,Established Standard Customers
3069-SSVSN,2,New Budget Customers
3070-BDOQC,1,Loyal Premium Customers
3070-DVEYC,3,Established Standard Customers
3070-FNFZQ,2,New Budget Customers
3071-MVJCD,1,Loyal Premium Customers
3071-VBYPO,3,Established Standard Customers
3074-GQWYX,3,Established Standard Customers
3077-RSNTJ,2,New Budget Customers
3078-ZKNTS,2,New Budget Customers
3079-BCHLN,0,Loyal Budget Customers
3082-VQXNH,2,New Budget Customers
3082-WQRVY,2,New Budget Customers
3082-YVEKW,3,Established Standard Customers
3084-DOWLE,1,Loyal Premium Customers
3085-QUOZK,2,New Budget Customers
3086-RUCRN,1,Loyal Premium Customers
3088-FVYWK,0,Loyal Budget Customers
3088-LHEFH,3,Established Standard Customers
3090-HAWSU,1,Loyal Premium Customers
3090-LETTY,3,Established Standard Customers
3090-QFUVD,2,New Budget Customers
3091-FYHKI,2,New Budget Customers
3092-IGHWF,1,Loyal Premium Customers
3094-JOJAI,3,Established Standard Customers
3096-GKWEB,3,Established Standard Customers
3096-IZETN,3,Established Standard Customers
3096-JRDSO,3,Established Standard Customers
3096-WPXBT,1,Loyal Premium Customers
3096-YXENJ,1,Loyal Premium Customers
3097-FQTVJ,0,Loyal Budget Customers
3097-IDVPU,2,New Budget Customers
3097-NNSPB,2,New Budget Customers
3097-NQYSN,3,Established Standard Customers
3097-PYWXL,2,New Budget Customers
3099-OONVS,3,Established Standard Customers
3104-OWCGK,1,Loyal Premium Customers
3106-ULWFW,3,Established Standard Customers
3108-PCCGG,1,Loyal Premium Customers
3113-IWHLC,3,Established Standard Customers
3115-CZMZD,2,New Budget Customers
3115-JPJDD,1,Loyal Premium Customers
3118-UHVVQ,0,Loyal Budget Customers
3120-FAZKD,0,Loyal Budget Customers
3125-RAHBV,2,New Budget Customers
3126-WQMGH,0,Loyal Budget Customers
3128-YOVTD,1,Loyal Premium Customers
3129-AAQOU,2,New Budget Customers
3130-ICDUP,3,Established Standard Customers
3131-NWVFJ,2,New Budget Customers
3132-TVFDZ,0,Loyal Budget Customers
3133-PZNSR,1,Loyal Premium Customers
3134-DSHVC,1,Loyal Premium Customers
3137-LUPIX,3,Established Standard Customers
3137-NYQQI,3,Established Standard Customers
3138-BKYAV,3,Established Standard Customers
3143-ILDAL,1,Loyal Premium Customers
3143-JQEGI,3,Established Standard Customers
3144-AUDBS,3,Established Standard Customers
3144-KMTWZ,1,Loyal Premium Customers
3146-JTQHR,2,New Budget Customers
3146-MSEGF,1,Loyal Premium Customers
3148-AOIQT,0,Loyal Budget Customers
3148-BLQJT,2,New Budget Customers
3154-CFSZG,1,Loyal Premium Customers
3154-HMWUU,0,Loyal Budget Customers
3156-QLHBO,2,New Budget Customers
3158-MOERK,3,Established Standard Customers
3160-TYXLT,1,Loyal Premium Customers
3161-GETRM,3,Established Standard Customers
3161-ONRWK,1,Loyal Premium Customers
3162-KKZXO,0,Loyal Budget Customers
3162-ZJZFU,1,Loyal Premium Customers
3164-AALRN,3,Established Standard Customers
3164-YAXFY,1,Loyal Premium Customers
3165-HDOEW,2,New Budget Customers
3166-PNEOF,1,Loyal Premium Customers
3167-SNQPL,1,Loyal Premium Customers
3170-GWYKC,1,Loyal Premium Customers
3170-NMYVV,0,Loyal Budget Customers
3173-NVMPX,3,Established Standard Customers
3173-WSSUE,0,Loyal Budget Customers
3174-AKMAS,1,Loyal Premium Customers
3174-RKMOW,1,Loyal Premium Customers
3177-LASXD,3,Established Standard Customers
3178-CIFOT,2,New Budget Customers
3178-FESZO,3,Established Standard Customers
3179-GBRWV,2,New Budget Customers
3181-MIZBN,2,New Budget Customers
3181-VTHOE,1,Loyal Premium Customers
3186-AJIEK,1,Loyal Premium Customers
3186-BAXNB,3,Established Standard Customers
3190-FZATL,2,New Budget Customers
3190-ITQXP,0,Loyal Budget Customers
3190-XFANI,1,Loyal Premium Customers
3191-CSNMG,3,Established Standard Customers
3192-LNKRK,3,Established Standard Customers
3192-NQECA,1,Loyal Premium Customers
3194-ORPIK,1,Loyal Premium Customers
3195-TQDZX,2,New Budget Customers
3196-NVXLZ,3,Established Standard Customers
3197-ARFOY,3,Established Standard Customers
3197-NNYNB,0,Loyal Budget Customers
3198-VELRD,3,Established Standard Customers
3199-NPKCN,1,Loyal Premium Customers
3199-XGZCY,3,Established Standard Customers
3200-MNQTF,1,Loyal Premium Customers
3205-MXZRA,3,Established Standard Customers
3207-OYBWH,1,Loyal Premium Customers
3208-YPIOE,3,Established Standard Customers
3209-ZPKFI,0,Loyal Budget Customers
3211-AAPKX,3,Established Standard Customers
3211-ILJTT,3,Established Standard Customers
3212-KXOCR,0,Loyal Budget Customers
3213-VVOLG,2,New Budget Customers
3214-IYUUQ,1,Loyal Premium Customers
3217-FZDMN,3,Established Standard Customers
3219-JQRSL,1,Loyal Premium Customers
3221-CJMSG,3,Established Standard Customers
3223-DWFIO,3,Established Standard Customers
3223-WZWJM,3,Established Standard Customers
3224-DFQNQ,1,Loyal Premium Customers
3227-WLKLI,1,Loyal Premium Customers
3229-USWAR,1,Loyal Premium Customers
3230-IUALN,1,Loyal Premium Customers
3230-JCNZS,1,Loyal Premium Customers
3230-WYKIR,3,Established Standard Customers
3234-VKACU,2,New Budget Customers
3235-ETOOB,3,Established Standard Customers
3237-AJGEH,2,New Budget Customers
3239-TPHPZ,2,New Budget Customers
3243-ZHOHY,2,New Budget Customers
3244-CQPHU,1,Loyal Premium Customers
3244-DCJWY,3,Established Standard Customers
3247-MHJKM,2,New Budget Customers
3247-ZVOUO,3,Established Standard Customers
3249-VHRIP,1,Loyal Premium Customers
3249-ZPQRG,3,Established Standard Customers
3251-YMVWZ,0,Loyal Budget Customers
3253-HKOKL,1,Loyal Premium Customers
3254-YRILK,3,Established Standard Customers
3255-GRXMG,2,New Budget Customers
3256-EZDBI,0,Loyal Budget Customers
3258-SANFR,2,New Budget Customers
3258-SYSWS,1,Loyal Premium Customers
3258-ZKPAI,1,Loyal Premium Customers
3259-FDWOY,1,Loyal Premium Customers
3259-KNMRR,1,Loyal Premium Customers
3259-QMXUN,1,Loyal Premium Customers
3261-CQXOL,0,Loyal Budget Customers
3262-EIDHV,1,Loyal Premium Customers
3266-FTKHB,2,New Budget Customers
3269-ATYWD,3,Established Standard Customers
3272-VUHPV,3,Established Standard Customers
3274-NSDWE,0,Loyal Budget Customers
3275-RHRNE,3,Established Standard Customers
3276-HDUEG,3,Established Standard Customers
3278-FSIXX,2,New Budget Customers
3279-DYZQM,0,Loyal Budget Customers
3280-MRDOF,3,Established Standard Customers
3280-NMUVX,0,Loyal Budget Customers
3282-ZISZV,1,Loyal Premium Customers
3283-WCWXT,2,New Budget Customers
3284-SVCRO,0,Loyal Budget Customers
3285-UCQVC,0,Loyal Budget Customers
3292-PBZEJ,3,Established Standard Customers
3295-YVUSR,3,Established Standard Customers
3296-SILRA,3,Established Standard Customers
3298-QEICA,2,New Budget Customers
3301-LSLWQ,3,Established Standard Customers
3301-VKTGC,1,Loyal Premium Customers
3307-TLCUD,2,New Budget Customers
3308-DGHKL,0,Loyal Budget Customers
3308-JSGML,1,Loyal Premium Customers
3308-MHOOC,2,New Budget Customers
3312-UUMZW,1,Loyal Premium Customers
3312-ZWLGF,3,Established Standard Customers
3313-QKNKB,1,Loyal Premium Customers
3315-IKYZQ,3,Established Standard Customers
3315-TOTBP,3,Established Standard Customers
3316-UWXUY,1,Loyal Premium Customers
3317-HRTNN,2,New Budget Customers
3317-VLGQT,3,Established Standard Customers
3318-ISQFQ,2,New Budget Customers
3318-NMQXL,3,Established Standard Customers
3318-OSATS,3,Established Standard Customers
3319-DWOEP,3,Established Standard Customers
3320-VEOYC,3,Established Standard Customers
3323-CPBWR,3,Established Standard Customers
3324-OIRTO,1,Loyal Premium Customers
3325-FUYCG,1,Loyal Premium Customers
3327-YBAKM,1,Loyal Premium Customers
3329-WDIOK,3,Established Standard Customers
3331-HQDTW,1,Loyal Premium Customers
3334-CTHOL,2,New Budget Customers
3336-JORSO,1,Loyal Premium Customers
3338-CVVEH,3,Established Standard Customers
3339-EAQNV,1,Loyal Premium Customers
3340-QBBFM,3,Established Standard Customers
3345-JHUEO,2,New Budget Customers
3345-PBBFH,3,Established Standard Customers
3346-BRMIS,3,Established Standard Customers
3347-YJZZE,1,Loyal Premium Customers
3348-CFRNX,3,Established Standard Customers
3349-ANQNH,1,Loyal Premium Customers
3351-NGXYI,3,Established Standard Customers
3351-NQLDI,1,Loyal Premium Customers
3352-ALMCK,1,Loyal Premium Customers
3352-RICWQ,2,New Budget Customers
3354-OADJP,3,Established Standard Customers
3359-DSRKA,0,Loyal Budget Customers
3363-DTIVD,1,Loyal Premium Customers
3363-EWLGO,2,New Budget Customers
3365-SAIGS,3,Established Standard Customers
3370-GQEAL,3,Established Standard Customers
3370-HXOPH,3,Established Standard Customers
3372-CDXFJ,2,New Budget Customers
3372-KWFBM,3,Established Standard Customers
3373-DIUUN,2,New Budget Customers
3373-YZZYM,2,New Budget Customers
3374-LXDEV,3,Established Standard Customers
3374-PZLXD,0,Loyal Budget Customers
3374-TTZTK,1,Loyal Premium Customers
3376-BMGFE,3,Established Standard Customers
3378-AJRAO,0,Loyal Budget Customers
3384-CTMSF,1,Loyal Premium Customers
3387-PLKUI,2,New Budget Customers
3387-VATUS,3,Established Standard Customers
3389-KTRXV,2,New Budget Customers
3389-YGYAI,3,Established Standard Customers
3391-JSQEW,0,Loyal Budget Customers
3392-EHMNK,1,Loyal Premium Customers
3393-FMZPV,3,Established Standard Customers
3396-DKDEL,1,Loyal Premium Customers
3397-AVTKU,1,Loyal Premium Customers
3398-FSHON,3,Established Standard Customers
3398-GCPMU,1,Loyal Premium Customers
3398-ZOUAA,3,Established Standard Customers
3399-BMLVW,1,Loyal Premium Customers
3400-ESFUW,1,Loyal Premium Customers
3401-URHDA,1,Loyal Premium Customers
3402-XRIUO,3,Established Standard Customers
3404-JNXAX,1,Loyal Premium Customers
3407-JMJQQ,1,Loyal Premium Customers
3407-QGWLG,2,New Budget Customers
3410-MHHUM,1,Loyal Premium Customers
3410-YOQBQ,1,Loyal Premium Customers
3411-WLRSQ,3,Established Standard Customers
3413-BMNZE,2,New Budget Customers
3413-CSSTH,3,Established Standard Customers
3413-DHLPB,1,Loyal Premium Customers
3415-TAILE,3,Established Standard Customers
3417-TSCIC,2,New Budget Customers
3419-SNJJD,1,Loyal Premium Customers
3420-YJLQT,3,Established Standard Customers
3420-ZDBMA,3,Established Standard Customers
3422-GALYP,3,Established Standard Customers
3422-LYEPQ,3,Established Standard Customers
3422-WJOYD,3,Established Standard Customers
3423-HHXAO,2,New Budget Customers
3424-NMNBO,1,Loyal Premium Customers
3426-NIYYL,2,New Budget Customers
3427-GGZZI,3,Established Standard Customers
3428-MMGUB,1,Loyal Premium Customers
3428-XZMAZ,3,Established Standard Customers
3429-IFLEM,1,Loyal Premium Customers
3439-GVUSX,2,New Budget Customers
3440-JPSCL,3,Established Standard Customers
3441-CGZJH,1,Loyal Premium Customers
3442-ZHHCC,1,Loyal Premium Customers
3445-HXXGF,0,Loyal Budget Customers
3446-QDSZF,3,Established Standard Customers
3450-WXOAT,0,Loyal Budget Customers
3451-VAWLI,0,Loyal Budget Customers
3452-ABWRL,1,Loyal Premium Customers
3452-FLHYD,2,New Budget Customers
3452-GWUIN,3,Established Standard Customers
3452-SRFEG,3,Established Standard Customers
3453-RTHJQ,3,Established Standard Customers
3454-JFUBC,0,Loyal Budget Customers
3457-PQBYH,0,Loyal Budget Customers
3458-IDMFK,2,New Budget Customers
3460-TJBWI,2,New Budget Customers
3462-BJQQA,3,Established Standard Customers
3466-BYAVD,3,Established Standard Customers
3466-RITXD,3,Established Standard Customers
3466-WAESX,3,Established Standard Customers
3468-DRVQJ,3,Established Standard Customers
3470-BTGQO,2,New Budget Customers
3470-OBUET,1,Loyal Premium Customers
3472-OAOOR,2,New Budget Customers
3472-QPRCH,0,Loyal Budget Customers
3473-XIIIT,3,Established Standard Customers
3474-BAFSJ,1,Loyal Premium Customers
3481-JHUZH,3,Established Standard Customers
3482-ABPKK,3,Established Standard Customers
3486-HOOGQ,1,Loyal Premium Customers
3486-KHMLI,2,New Budget Customers
3486-NPGST,0,Loyal Budget Customers
3487-EARAT,1,Loyal Premium Customers
3488-PGMQJ,3,Established Standard Customers
3489-HHPFY,3,Established Standard Customers
3489-VSFRD,1,Loyal Premium Customers
3494-JCHRQ,3,Established Standard Customers
3496-LFSZU,3,Established Standard Customers
3498-LZGQZ,0,Loyal Budget Customers
3500-NSDOA,1,Loyal Premium Customers
3500-RMZLT,3,Established Standard Customers
3503-TYDAY,3,Established Standard Customers
3506-LCJDC,2,New Budget Customers
3506-OVLKD,0,Loyal Budget Customers
3507-GASNP,0,Loyal Budget Customers
3508-CFVZL,1,Loyal Premium Customers
3508-VLHCZ,1,Loyal Premium Customers
3509-GWQGF,3,Established Standard Customers
3511-APPBJ,3,Established Standard Customers
3511-BFTJW,0,Loyal Budget Customers
3512-IZIKN,1,Loyal Premium Customers
3518-FSTWG,1,Loyal Premium Customers
3518-PZXZQ,3,Established Standard Customers
3519-ZKXGG,3,Established Standard Customers
3520-FJGCV,1,Loyal Premium Customers
3521-HTQTV,0,Loyal Budget Customers
3521-MNKLV,3,Established Standard Customers
3521-SYVOR,3,Established Standard Customers
3522-CDKHF,3,Established Standard Customers
3523-BRGUW,2,New Budget Customers
3523-QRQLL,3,Established Standard Customers
3524-WQDSG,1,Loyal Premium Customers
3525-DVKFN,2,New Budget Customers
3528-HFRIQ,1,Loyal Premium Customers
3530-CRZSB,2,New Budget Customers
3530-VWVGU,2,New Budget Customers
3533-UVMOM,1,Loyal Premium Customers
3536-IQCTX,3,Established Standard Customers
3537-HPKQT,1,Loyal Premium Customers
3537-RYBHH,1,Loyal Premium Customers
3538-WZPHD,2,New Budget Customers
3540-RZJYU,3,Established Standard Customers
3541-ZNUHK,1,Loyal Premium Customers
3544-FBCAS,1,Loyal Premium Customers
3545-CNWRG,1,Loyal Premium Customers
3546-GHEAE,2,New Budget Customers
3547-LQRIK,0,Loyal Budget Customers
3549-ZTMNH,2,New Budget Customers
3550-SAHFP,3,Established Standard Customers
3551-GAEGL,0,Loyal Budget Customers
3551-HUAZH,3,Established Standard Customers
3552-CTCYF,1,Loyal Premium Customers
3556-BVQGL,2,New Budget Customers
3557-HTYWR,1,Loyal Premium Customers
3563-SVYLG,1,Loyal Premium Customers
3565-UNOCC,1,Loyal Premium Customers
3566-CAAYU,1,Loyal Premium Customers
3566-HJGPK,2,New Budget Customers
3566-VVORZ,2,New Budget Customers
3567-PQTSO,1,Loyal Premium Customers
3569-EDBPQ,3,Established Standard Customers
3569-JFODW,1,Loyal Premium Customers
3569-VLDHH,1,Loyal Premium Customers
3570-YUEKJ,0,Loyal Budget Customers
3571-DPYUH,1,Loyal Premium Customers
3571-RFHAR,1,Loyal Premium Customers
3572-UOLYZ,1,Loyal Premium Customers
3572-UUHRS,0,Loyal Budget Customers
3577-AMVUX,3,Established Standard Customers
3580-GICBM,0,Loyal Budget Customers
3580-HYCSP,1,Loyal Premium Customers
3580-REOAC,2,New Budget Customers
3583-EKAPL,3,Established Standard Customers
3583-KRKMD,2,New Budget Customers
3584-WKTTW,1,Loyal Premium Customers
3585-ISXZP,3,Established Standard Customers
3585-YNADK,1,Loyal Premium Customers
3587-PMCOY,3,Established Standard Customers
3588-WSTTJ,1,Loyal Premium Customers
3589-PPVKW,2,New Budget Customers
3590-TCXTB,2,New Budget Customers
3594-BDSOA,2,New Budget Customers
3594-IVHJZ,2,New Budget Customers
3594-KADLU,2,New Budget Customers
3594-UVONA,1,Loyal Premium Customers
3597-MVHJT,3,Established Standard Customers
3597-YASZG,1,Loyal Premium Customers
3604-WLABM,3,Established Standard Customers
3605-JISKB,1,Loyal Premium Customers
3606-SBKRY,3,Established Standard Customers
3606-TWKGI,3,Established Standard Customers
3612-YUNGG,1,Loyal Premium Customers
3612-YVGSJ,0,Loyal Budget Customers
3617-XLSGQ,1,Loyal Premium Customers
3620-EHIMZ,0,Loyal Budget Customers
3620-MWJNE,3,Established Standard Customers
3621-CEOVK,3,Established Standard Customers
3621-CHYVB,1,Loyal Premium Customers
3623-FQBOX,2,New Budget Customers
3627-FCRDW,3,Established Standard Customers
3627-FHKBK,3,Established Standard Customers
3629-WEAAM,3,Established Standard Customers
3629-ZNKXA,3,Established Standard Customers
3633-CDBUW,3,Established Standard Customers
3635-JBPSG,3,Established Standard Customers
3635-QQRQD,0,Loyal Budget Customers
3638-DIMPH,2,New Budget Customers
3638-VBZTA,1,Loyal Premium Customers
3638-WEABW,1,Loyal Premium Customers
3639-XJHKQ,3,Established Standard Customers
3640-JQGJG,2,New Budget Customers
3640-PHQXK,3,Established Standard Customers
3642-BYHDO,0,Loyal Budget Customers
3642-GKTCT,1,Loyal Premium Customers
3643-AHCFP,3,Established Standard Customers
3644-QXEHN,3,Established Standard Customers
3645-DEYGF,2,New Budget Customers
3646-ITDGM,0,Loyal Budget Customers
3647-GMGDH,3,Established Standard Customers
3648-GZPHF,0,Loyal Budget Customers
3649-JPUGY,1,Loyal Premium Customers
3653-NCRDJ,0,Loyal Budget Customers
3654-ARMGP,1,Loyal Premium Customers
3655-SNQYZ,1,Loyal Premium Customers
3656-TKRVZ,3,Established Standard Customers
3657-COGMW,1,Loyal Premium Customers
3658-KIBGF,3,Established Standard Customers
3658-QQJYD,1,Loyal Premium Customers
3662-FXJFO,0,Loyal Budget Customers
3663-MITLP,3,Established Standard Customers
3665-JATSN,2,New Budget Customers
3668-QPYBK,3,Established Standard Customers
3669-LVWZB,3,Established Standard Customers
3669-OYSJI,2,New Budget Customers
3669-WHAFY,1,Loyal Premium Customers
3671-SHRSP,3,Established Standard Customers
3672-YITQD,3,Established Standard Customers
3675-EQOZA,2,New Budget Customers
3675-YDUPJ,2,New Budget Customers
3677-IYRBF,2,New Budget Customers
3677-TNKIO,3,Established Standard Customers
3678-MNGZX,0,Loyal Budget Customers
3679-XASPY,2,New Budget Customers
3680-CTHUH,1,Loyal Premium Customers
3682-YEUWS,2,New Budget Customers
3683-QKIUE,3,Established Standard Customers
3685-YLCMQ,1,Loyal Premium Customers
3688-FTHLT,3,Established Standard Customers
3689-MOZGR,2,New Budget Customers
3692-JHONH,1,Loyal Premium Customers
3694-DELSO,2,New Budget Customers
3694-GLTJM,2,New Budget Customers
3696-DFHHB,0,Loyal Budget Customers
3696-XRIEN,1,Loyal Premium Customers
3701-SFMUH,3,Established Standard Customers
3703-KBKZP,3,Established Standard Customers
3703-TTEPD,3,Established Standard Customers
3703-VAVCL,3,Established Standard Customers
3704-IEAXF,1,Loyal Premium Customers
3705-PSNGL,0,Loyal Budget Customers
3705-RHRFR,1,Loyal Premium Customers
3707-GNWHM,3,Established Standard Customers
3707-LRWZD,3,Established Standard Customers
3709-OIJEA,2,New Budget Customers
3712-PKXZA,0,Loyal Budget Customers
3714-JTVOV,3,Established Standard Customers
3714-NTNFO,1,Loyal Premium Customers
3714-XPXBW,1,Loyal Premium Customers
3716-BDVDB,3,Established Standard Customers
3716-LRGXK,1,Loyal Premium Customers
3716-UVSPD,2,New Budget Customers
3717-FDJFU,2,New Budget Customers
3717-LNXKW,3,Established Standard Customers
3717-OEAUQ,2,New Budget Customers
3717-OFRTN,2,New Budget Customers
3719-TDVQB,0,Loyal Budget Customers
3720-DBRWL,1,Loyal Premium Customers
3721-CNEYS,3,Established Standard Customers
3721-CNZHX,2,New Budget Customers
3721-WKIIL,2,New Budget Customers
3722-WPXTK,3,Established Standard Customers
3723-BFBGR,3,Established Standard Customers
3724-BSCVH,2,New Budget Customers
3724-UCSHY,2,New Budget Customers
3726-TBHQT,1,Loyal Premium Customers
3727-JEZTU,2,New Budget Customers
3727-OVPRY,0,Loyal Budget Customers
3727-OWVYD,3,Established Standard Customers
3727-RJMEO,3,Established Standard Customers
3729-OWRVL,1,Loyal Premium Customers
3733-LSYCE,3,Established Standard Customers
3733-UOCWF,1,Loyal Premium Customers
3733-ZEECP,3,Established Standard Customers
3736-BLEPA,3,Established Standard Customers
3737-GCSPV,3,Established Standard Customers
3737-XBQDD,3,Established Standard Customers
3739-YBWAB,0,Loyal Budget Customers
3740-RLMVT,1,Loyal Premium Customers
3744-ZBHON,2,New Budget Customers
3744-ZRRDZ,3,Established Standard Customers
3745-HRPHI,1,Loyal Premium Customers
3746-EUBYR,3,Established Standard Customers
3748-FVMZZ,3,Established Standard Customers
3750-CKVKH,3,Established Standard Customers
3750-RNQKR,2,New Budget Customers
3750-YHRYO,2,New Budget Customers
3751-KTZEL,2,New Budget Customers
3752-CQSJI,2,New Budget Customers
3753-TSEMP,3,Established Standard Customers
3754-DXMRT,2,New Budget Customers
3755-JBMNH,3,Established Standard Customers
3756-VNWDH,1,Loyal Premium Customers
3757-NJYBX,1,Loyal Premium Customers
3758-CKOQL,1,Loyal Premium Customers
3761-FLYZI,1,Loyal Premium Customers
3763-GCZHZ,1,Loyal Premium Customers
3764-MNMOI,0,Loyal Budget Customers
3765-JXVKY,3,Established Standard Customers
3766-EJLFL,1,Loyal Premium Customers
3768-NLUBH,1,Loyal Premium Customers
3768-VHXQO,0,Loyal Budget Customers
3769-MHZNV,0,Loyal Budget Customers
3771-PZOBW,3,Established Standard Customers
3774-VBNXY,0,Loyal Budget Customers
3776-EKTKM,2,New Budget Customers
3777-XROBG,0,Loyal Budget Customers
3778-FOAQW,2,New Budget Customers
3779-OSWCF,1,Loyal Premium Customers
3780-DDGSE,1,Loyal Premium Customers
3780-YVMFA,3,Established Standard Customers
3785-KTYSH,0,Loyal Budget Customers
3785-NRHYR,2,New Budget Customers
3786-WOVKF,1,Loyal Premium Customers
3787-TRIAL,2,New Budget Customers
3791-LGQCY,1,Loyal Premium Customers
3793-MMFUH,3,Established Standard Customers
3794-NFNCH,3,Established Standard Customers
3795-CAWEX,1,Loyal Premium Customers
3795-GWTRD,1,Loyal Premium Customers
3796-ENZGF,1,Loyal Premium Customers
3797-FKOGQ,3,Established Standard Customers
3797-VTIDR,2,New Budget Customers
3798-EPWRR,2,New Budget Customers
3799-ISUZQ,3,Established Standard Customers
3800-LYTRK,2,New Budget Customers
3801-HMYNL,3,Established Standard Customers
3803-KMQFW,2,New Budget Customers
3804-RVTGV,1,Loyal Premium Customers
3806-DXQOM,2,New Budget Customers
3806-YAZOV,2,New Budget Customers
3807-BPOMJ,1,Loyal Premium Customers
3807-XHCJH,2,New Budget Customers
3808-HFKDE,2,New Budget Customers
3810-DVDQQ,1,Loyal Premium Customers
3810-PJUHR,0,Loyal Budget Customers
3811-VBYBZ,3,Established Standard Customers
3812-LRZIR,2,New Budget Customers
3813-DHBBB,1,Loyal Premium Customers
3814-MLAXC,3,Established Standard Customers
3815-SLMEF,2,New Budget Customers
3823-KYNQY,2,New Budget Customers
3824-RHKVR,2,New Budget Customers
3831-YCPUO,1,Loyal Premium Customers
3834-XUIFC,3,Established Standard Customers
3836-FZSDJ,0,Loyal Budget Customers
3838-OZURD,1,Loyal Premium Customers
3841-CONLJ,2,New Budget Customers
3841-NFECX,1,Loyal Premium Customers
3842-IYKUE,3,Established Standard Customers
3842-QTGDL,3,Established Standard Customers
3845-FXCYS,2,New Budget Customers
3845-JHAMY,2,New Budget Customers
3847-BAERP,2,New Budget Customers
3850-OKINF,1,Loyal Premium Customers
3853-LYGAM,3,Established Standard Customers
3855-ONCAR,3,Established Standard Customers
3858-VOBET,3,Established Standard Customers
3858-XHYJO,1,Loyal Premium Customers
3859-CVCET,2,New Budget Customers
3863-IUBJR,3,Established Standard Customers
3863-QSTYI,1,Loyal Premium Customers
3865-QBWSJ,3,Established Standard Customers
3865-YIOTT,1,Loyal Premium Customers
3865-ZFZIB,2,New Budget Customers
3865-ZYKAD,1,Loyal Premium Customers
3866-MDTUB,3,Established Standard Customers
3870-MQAMG,1,Loyal Premium Customers
3870-SPZSI,1,Loyal Premium Customers
3871-IKPYH,3,Established Standard Customers
3873-NFTGI,3,Established Standard Customers
3873-WOSBC,0,Loyal Budget Customers
3874-EQOEP,3,Established Standard Customers
3877-JRJIP,3,Established Standard Customers
3878-AVSOQ,3,Established Standard Customers
3882-IYOIJ,0,Loyal Budget Customers
3884-HCSWG,3,Established Standard Customers
3884-UEBXB,0,Loyal Budget Customers
3886-CERTZ,1,Loyal Premium Customers
3887-PBQAO,0,Loyal Budget Customers
3889-VWBID,1,Loyal Premium Customers
3890-RTCMS,3,Established Standard Customers
3891-NLXJB,0,Loyal Budget Customers
3891-PUQOD,3,Established Standard Customers
3892-NXAZG,1,Loyal Premium Customers
3893-JRNFS,0,Loyal Budget Customers
3896-RCYYE,1,Loyal Premium Customers
3896-ZVNET,2,New Budget Customers
3898-BSJYF,3,Established Standard Customers
3898-GUYTS,1,Loyal Premium Customers
3900-AQPHZ,2,New Budget Customers
3902-FOIGH,3,Established Standard Customers
3902-MIVLE,1,Loyal Premium Customers
3904-UKFRE,3,Established Standard Customers
3908-BLSYF,3,Established Standard Customers
3908-MKIMJ,0,Loyal Budget Customers
3910-MRQOY,0,Loyal Budget Customers
3911-RSNHI,1,Loyal Premium Customers
3913-FCUUW,1,Loyal Premium Customers
3913-RDSJZ,0,Loyal Budget Customers
3914-FDRHP,3,Established Standard Customers
3915-ODIYG,1,Loyal Premium Customers
3916-NRPAP,3,Established Standard Customers
3920-HIHMQ,2,New Budget Customers
3923-CSIHK,0,Loyal Budget Customers
3926-CUQZX,2,New Budget Customers
3926-YZVVX,0,Loyal Budget Customers
3927-NLNRY,1,Loyal Premium Customers
3930-ZGWVE,2,New Budget Customers
3932-CMDTD,3,Established Standard Customers
3932-IJWDZ,1,Loyal Premium Customers
3933-DQPWX,0,Loyal Budget Customers
3934-HXCFZ,3,Established Standard Customers
3935-TBRZZ,0,Loyal Budget Customers
3936-QQFLL,2,New Budget Customers
3938-YFPXD,1,Loyal Premium Customers
3941-XTSKM,3,Established Standard Customers
3943-KDREE,3,Established Standard Customers
3945-GFWQL,2,New Budget Customers
3946-JEWRQ,1,Loyal Premium Customers
3946-MHCZW,3,Established Standard Customers
3948-FVVRP,3,Established Standard Customers
3948-KXDUF,1,Loyal Premium Customers
3948-XHGNA,3,Established Standard Customers
3950-VPYJB,1,Loyal Premium Customers
3951-NJCVI,3,Established Standard Customers
3955-JBZZM,2,New Budget Customers
3956-CJUST,3,Established Standard Customers
3956-MGXOG,3,Established Standard Customers
3957-HHLMR,1,Loyal Premium Customers
3957-LXOLK,1,Loyal Premium Customers
3957-SQXML,0,Loyal Budget Customers
3961-SXAXY,2,New Budget Customers
3963-RYFNS,1,Loyal Premium Customers
3966-HRMZA,3,Established Standard Customers
3967-KXAPS,1,Loyal Premium Customers
3967-VQOGC,0,Loyal Budget Customers
3969-GYXEL,3,Established Standard Customers
3969-JQABI,1,Loyal Premium Customers
3970-XGJDU,0,Loyal Budget Customers
3973-SKMLN,0,Loyal Budget Customers
3976-BWUCK,3,Established Standard Customers
3976-HXHCE,0,Loyal Budget Customers
3976-NLDEZ,2,New Budget Customers
3977-QCRSL,2,New Budget Customers
3978-YNKDD,2,New Budget Customers
3981-QSVQI,2,New Budget Customers
3982-DQLUS,1,Loyal Premium Customers
3982-JGSFD,0,Loyal Budget Customers
3982-XWFZQ,0,Loyal Budget Customers
3985-HOYPM,2,New Budget Customers
3987-KQDDU,3,Established Standard Customers
3988-RQIXO,3,Established Standard Customers
3990-QYKBE,1,Loyal Premium Customers
3992-YWPKO,3,Established Standard Customers
3995-WFCSM,3,Established Standard Customers
3996-ZNWYK,0,Loyal Budget Customers
3999-QGRJH,3,Established Standard Customers
3999-WRNGR,1,Loyal Premium Customers
4000-VGMQP,1,Loyal Premium Customers
4001-TSBTV,1,Loyal Premium Customers
4002-BQWPQ,1,Loyal Premium Customers
4003-FUSHP,3,Established Standard Customers
4003-OCTMP,3,Established Standard Customers
4006-HKYHO,1,Loyal Premium Customers
4007-NHVHI,1,Loyal Premium Customers
4009-ALQFH,1,Loyal Premium Customers
4010-YLMVT,1,Loyal Premium Customers
4011-ARPHK,2,New Budget Customers
4012-YCFAI,1,Loyal Premium Customers
4012-ZTHBR,2,New Budget Customers
4013-GUXND,2,New Budget Customers
4013-TLDHQ,3,Established Standard Customers
4013-UBXWQ,3,Established Standard Customers
4016-BJKTZ,1,Loyal Premium Customers
4018-KJYUY,2,New Budget Customers
4018-PPNDW,0,Loyal Budget Customers
4020-KIUDI,2,New Budget Customers
4021-RQSNY,3,Established Standard Customers
4023-RTIQM,3,Established Standard Customers
4024-CSNBY,1,Loyal Premium Customers
4026-SKKHW,3,Established Standard Customers
4029-HPFVY,3,Established Standard Customers
4030-VPZBD,2,New Budget Customers
4032-RMHCI,0,Loyal Budget Customers
4039-HEUNW,1,Loyal Premium Customers
4039-PIMHX,0,Loyal Budget Customers
4043-MKDTV,1,Loyal Premium Customers
4049-ZPALD,1,Loyal Premium Customers
4054-CUMIA,2,New Budget Customers
4056-QHXHZ,1,Loyal Premium Customers
4057-FKCZK,1,Loyal Premium Customers
4059-IIEBK,3,Established Standard Customers
4060-LDNLU,3,Established Standard Customers
4061-UKJWL,2,New Budget Customers
4062-HBMOS,1,Loyal Premium Customers
4063-EIKNQ,2,New Budget Customers
4065-JJAVA,2,New Budget Customers
4067-HLYQI,3,Established Standard Customers
4070-OKWVH,1,Loyal Premium Customers
4072-IPYLT,3,Established Standard Customers
4074-SJFFA,3,Established Standard Customers
4075-JFPGR,1,Loyal Premium Customers
4075-WKNIU,3,Established Standard Customers
4077-CROMM,1,Loyal Premium Customers
4077-HWUYD,0,Loyal Budget Customers
4078-SAYYN,3,Established Standard Customers
4079-ULGFR,2,New Budget Customers
4079-VTGLK,3,Established Standard Customers
4079-WWQQQ,1,Loyal Premium Customers
4080-IIARD,3,Established Standard Customers
4080-OGPJL,3,Established Standard Customers
4081-DYXAV,3,Established Standard Customers
4083-BFNYK,1,Loyal Premium Customers
4083-EUGRJ,2,New Budget Customers
4086-ATNFV,3,Established Standard Customers
4086-WITJG,0,Loyal Budget Customers
4086-YQSNZ,3,Established Standard Customers
4088-YLDSU,1,Loyal Premium Customers
4090-KPJIP,3,Established Standard Customers
4091-TVOCN,1,Loyal Premium Customers
4092-OFQZS,2,New Budget Customers
4094-NSEDU,3,Established Standard Customers
4097-YODCF,1,Loyal Premium Customers
4098-NAUKP,1,Loyal Premium Customers
4102-HLENU,1,Loyal Premium Customers
4102-OQUPX,3,Established Standard Customers
4104-PVRPS,3,Established Standard Customers
4106-HADHQ,1,Loyal Premium Customers
4109-CYRBD,3,Established Standard Customers
4110-PFEUZ,3,Established Standard Customers
4111-BNXIF,1,Loyal Premium Customers
4112-LUEIZ,3,Established Standard Customers
4114-QMKVN,1,Loyal Premium Customers
4115-BNPJY,1,Loyal Premium Customers
4115-NZRKS,3,Established Standard Customers
4115-UMJFQ,0,Loyal Budget Customers
4116-IQRFR,2,New Budget Customers
4116-TZAQJ,3,Established Standard Customers
4118-CEVPF,1,Loyal Premium Customers
4119-ZYPZY,1,Loyal Premium Customers
4121-AGSIN,0,Loyal Budget Customers
4123-DVHPH,3,Established Standard Customers
4123-FCVCB,3,Established Standard Customers
4124-MMETB,3,Established Standard Customers
4128-ETESU,0,Loyal Budget Customers
4129-LYCOI,1,Loyal Premium Customers
4130-MZLCC,3,Established Standard Customers
4132-KALRO,3,Established Standard Customers
4132-POCZS,0,Loyal Budget Customers
4134-BSXLX,3,Established Standard Customers
4135-FRWKJ,1,Loyal Premium Customers
4137-BTIKL,3,Established Standard Customers
4137-JOPHL,1,Loyal Premium Customers
4138-NAXED,3,Established Standard Customers
4139-DETXS,1,Loyal Premium Customers
4139-JPIAM,1,Loyal Premium Customers
4139-SUGLD,2,New Budget Customers
4140-MUHUG,3,Established Standard Customers
4140-WJAWW,2,New Budget Customers
4143-HHPMK,1,Loyal Premium Customers
4143-OOBWZ,3,Established Standard Customers
4145-UQXUQ,3,Established Standard Customers
4146-SVFUD,2,New Budget Customers
4154-AQUGT,3,Established Standard Customers
4159-NAAIX,1,Loyal Premium Customers
4160-AMJTL,2,New Budget Customers
4163-HFTUK,0,Loyal Budget Customers
4163-KIUHY,0,Loyal Budget Customers
4163-NCJAK,0,Loyal Budget Customers
4174-LPGTI,1,Loyal Premium Customers
4176-FXYBO,1,Loyal Premium Customers
4176-RELJR,0,Loyal Budget Customers
4177-JPDFU,2,New Budget Customers
4178-EGMON,1,Loyal Premium Customers
4182-BGSIQ,2,New Budget Customers
4183-MYFRB,3,Established Standard Customers
4183-WCSEP,3,Established Standard Customers
4184-TJFAN,3,Established Standard Customers
4184-VODJZ,1,Loyal Premium Customers
4186-ZBUEW,3,Established Standard Customers
4187-CINZD,1,Loyal Premium Customers
4188-FRABG,1,Loyal Premium Customers
4188-PCPIG,1,Loyal Premium Customers
4189-NAKJS,2,New Budget Customers
4190-MFLUW,3,Established Standard Customers
4191-XOVOM,1,Loyal Premium Customers
4192-GORJT,3,Established Standard Customers
4193-IBKSW,0,Loyal Budget Customers
4193-ORFCL,2,New Budget Customers
4194-FJARJ,1,Loyal Premium Customers
4194-WHFCB,1,Loyal Premium Customers
4195-NZGTA,2,New Budget Customers
4195-PNGZS,0,Loyal Budget Customers
4195-SMMNX,2,New Budget Customers
4198-VFOEA,2,New Budget Customers
4199-QHJNM,1,Loyal Premium Customers
4201-JMNGR,3,Established Standard Customers
4203-QGNZA,2,New Budget Customers
4208-UFFGW,2,New Budget Customers
4210-QFJMF,3,Established Standard Customers
4211-MMAZN,2,New Budget Customers
4213-HKBJO,0,Loyal Budget Customers
4220-TINQT,1,Loyal Premium Customers
4223-BKEOR,3,Established Standard Customers
4223-WOZCM,3,Established Standard Customers
4226-KKDON,3,Established Standard Customers
4227-OJHAL,1,Loyal Premium Customers
4228-ZGYUW,3,Established Standard Customers
4229-CZMLL,3,Established Standard Customers
4231-LZUYM,0,Loyal Budget Customers
4232-JGKIY,2,New Budget Customers
4234-XTNEA,3,Established Standard Customers
4236-UJPWO,2,New Budget Customers
4236-XPXAV,3,Established Standard Customers
4237-CLSMM,2,New Budget Customers
4237-RLAQD,2,New Budget Customers
4238-HFHSN,1,Loyal Premium Customers
4238-JSSWH,1,Loyal Premium Customers
4248-HCETZ,3,Established Standard Customers
4248-QPAVC,3,Established Standard Customers
4250-FDVOU,3,Established Standard Customers
4250-WAROZ,1,Loyal Premium Customers
4250-ZBWLV,1,Loyal Premium Customers
4254-QPEDE,1,Loyal Premium Customers
4255-DDUOU,2,New Budget Customers
4256-ZWTZI,2,New Budget Customers
4257-GAESD,3,Established Standard Customers
4273-MBHYA,3,Established Standard Customers
4274-DRSQT,1,Loyal Premium Customers
4274-OWWYO,3,Established Standard Customers
4277-BWBML,0,Loyal Budget Customers
4277-PVRAN,3,Established Standard Customers
4277-UDIEF,3,Established Standard Customers
4280-DLSHD,3,Established Standard Customers
4282-ACRXS,0,Loyal Budget Customers
4282-MSACW,1,Loyal Premium Customers
4282-YMKNA,3,Established Standard Customers
4283-FUTGF,3,Established Standard Customers
4283-IVYCI,3,Established Standard Customers
4285-GYRQC,3,Established Standard Customers
4289-DTDKW,1,Loyal Premium Customers
4290-BSXUX,3,Established Standard Customers
4291-HPAXL,2,New Budget Customers
4291-HYEBC,3,Established Standard Customers
4291-SHSBH,3,Established Standard Customers
4291-TPNFG,1,Loyal Premium Customers
4291-YZODP,2,New Budget Customers
4293-ETKAP,1,Loyal Premium Customers
4295-YURET,1,Loyal Premium Customers
4298-OYIFC,3,Established Standard Customers
4299-OPXEJ,0,Loyal Budget Customers
4299-SIMNS,3,Established Standard Customers
4301-VVZKA,3,Established Standard Customers
4302-ZYFEL,0,Loyal Budget Customers
4304-TSPVK,1,Loyal Premium Customers
4304-XUMGI,1,Loyal Premium Customers
4307-KTUMW,1,Loyal Premium Customers
4307-KWMXE,2,New Budget Customers
4310-KEDTB,2,New Budget Customers
4311-QTTAI,2,New Budget Customers
4312-GVYNH,1,Loyal Premium Customers
4312-KFRXN,0,Loyal Budget Customers
4315-MURBD,3,Established Standard Customers
4316-XCSLJ,3,Established Standard Customers
4317-VTEOA,3,Established Standard Customers
4318-RAJVY,2,New Budget Customers
4320-QMLLA,3,Established Standard Customers
4322-RCYMT,1,Loyal Premium Customers
4323-ELYYB,2,New Budget Customers
4323-OHFOW,1,Loyal Premium Customers
4323-SADQS,2,New Budget Customers
4324-AHJKS,3,Established Standard Customers
4324-BZCKL,3,Established Standard Customers
4325-NFSKC,3,Established Standard Customers
4328-VUFWD,3,Established Standard Customers
4329-YPDDQ,1,Loyal Premium Customers
4332-MUOEZ,3,Established Standard Customers
4334-HOWRP,1,Loyal Premium Customers
4335-BSMJS,0,Loyal Budget Customers
4335-UPJSI,2,New Budget Customers
4338-EYCER,3,Established Standard Customers
4342-HENTK,3,Established Standard Customers
4342-HFXWS,1,Loyal Premium Customers
4343-EJVQB,3,Established Standard Customers
4349-GFQHK,3,Established Standard Customers
4350-ZTLPI,1,Loyal Premium Customers
4351-QLCSU,3,Established Standard Customers
4353-HYOJD,3,Established Standard Customers
4355-CVPVS,1,Loyal Premium Customers
4355-HBJHH,1,Loyal Premium Customers
4359-INNWN,2,New Budget Customers
4360-PNRQB,3,Established Standard Customers
4360-QRAVE,0,Loyal Budget Customers
4361-BKAXE,1,Loyal Premium Customers
4361-FEBGN,0,Loyal Budget Customers
4361-JEIVL,2,New Budget Customers
4365-MSDYN,2,New Budget Customers
4366-CTOUZ,1,Loyal Premium Customers
4367-NHWMM,2,New Budget Customers
4367-NUYAO,2,New Budget Customers
4369-HTUIF,3,Established Standard Customers
4369-NYSCF,1,Loyal Premium Customers
4373-MAVJG,3,Established Standard Customers
4373-VVHQL,2,New Budget Customers
4374-YMUSQ,1,Loyal Premium Customers
4376-KFVRS,1,Loyal Premium Customers
4377-VDHYI,0,Loyal Budget Customers
4378-BZYFP,2,New Budget Customers
4378-MYPGO,1,Loyal Premium Customers
4381-MHQDC,1,Loyal Premium Customers
4385-GZQXV,3,Established Standard Customers
4385-ZKVNW,0,Loyal Budget Customers
4389-UEFCZ,1,Loyal Premium Customers
4390-KYULV,2,New Budget Customers
4391-LNRXK,3,Established Standard Customers
4391-RESHN,1,Loyal Premium Customers
4393-GEADV,1,Loyal Premium Customers
4393-OBCRR,2,New Budget Customers
4393-RYCRE,1,Loyal Premium Customers
4395-PZMSN,3,Established Standard Customers
4396-KLSEH,2,New Budget Customers
4397-FRLTA,2,New Budget Customers
4398-HSCJH,3,Established Standard Customers
4402-FTBXC,1,Loyal Premium Customers
4403-BWPAY,2,New Budget Customers
4404-HIBDJ,3,Established Standard Customers
4412-YLTKF,3,Established Standard Customers
4415-IJZTP,3,Established Standard Customers
4415-WNGVR,3,Established Standard Customers
4418-LZMSV,3,Established Standard Customers
4419-UJMUS,1,Loyal Premium Customers
4422-QVIJA,0,Loyal Budget Customers
4423-JWZJN,1,Loyal Premium Customers
4423-YLHDV,3,Established Standard Customers
4424-TKOPW,3,Established Standard Customers
4425-OWHWB,2,New Budget Customers
4429-WYGFR,3,Established Standard Customers
4430-UZIPO,2,New Budget Customers
4430-YHXGG,2,New Budget Customers
4431-EDMIQ,3,Established Standard Customers
4432-ADRLB,2,New Budget Customers
4433-JCGCG,1,Loyal Premium Customers
4439-JMPMT,3,Established Standard Customers
4439-YRNVD,2,New Budget Customers
4441-NIHPT,3,Established Standard Customers
4443-EMBNA,0,Loyal Budget Customers
4445-KWOKW,1,Loyal Premium Customers
4445-ZJNMU,3,Established Standard Customers
4446-BZKHU,1,Loyal Premium Customers
4450-DLLMH,3,Established Standard Customers
4450-MDZFX,0,Loyal Budget Customers
4450-YOOHP,3,Established Standard Customers
4451-RWASJ,2,New Budget Customers
4452-QIIEB,2,New Budget Customers
4452-ROHMO,2,New Budget Customers
4455-BFSPD,1,Loyal Premium Customers
4456-RHSNB,3,Established Standard Customers
4458-KVRBJ,0,Loyal Budget Customers
4459-BBGHE,3,Established Standard Customers
4462-CYWMH,1,Loyal Premium Customers
4464-JCOLN,2,New Budget Customers
4465-VDKIQ,3,Established Standard Customers
4468-KAZHE,3,Established Standard Customers
4468-YDOVK,3,Established Standard Customers
4471-KXAUH,1,Loyal Premium Customers
4472-LVYGI,3,Established Standard Customers
4472-VESGY,1,Loyal Premium Customers
4475-NVTLU,0,Loyal Budget Customers
4476-OSWTN,1,Loyal Premium Customers
4480-MBMLB,1,Loyal Premium Customers
4480-QQRHC,3,Established Standard Customers
4482-EWFMI,3,Established Standard Customers
4482-FTFFX,3,Established Standard Customers
4484-CGXFK,3,Established Standard Customers
4484-GLZOU,1,Loyal Premium Customers
4486-EFAEB,2,New Budget Customers
4487-ZYJZK,0,Loyal Budget Customers
4488-KQFDT,1,Loyal Premium Customers
4488-PSYCG,2,New Budget Customers
4489-SNOJF,1,Loyal Premium Customers
4495-LHSSK,3,Established Standard Customers
4500-HKANN,3,Established Standard Customers
4501-EQDRN,3,Established Standard Customers
4501-UYKBC,1,Loyal Premium Customers
4501-VCPFK,2,New Budget Customers
4503-BDXBD,3,Established Standard Customers
4504-YOULA,3,Established Standard Customers
4505-EXZHB,3,Established Standard Customers
4508-OEBEY,1,Loyal Premium Customers
4510-HIMLV,3,Established Standard Customers
4510-PYUSH,3,Established Standard Customers
4512-ZUIYL,3,Established Standard Customers
4513-CXYIX,1,Loyal Premium Customers
4514-GFCFI,3,Established Standard Customers
4518-FZBSX,0,Loyal Budget Customers
4521-WFJAI,0,Loyal Budget Customers
4521-YEEHE,3,Established Standard Customers
4522-AKYLR,3,Established Standard Customers
4522-XRWWI,1,Loyal Premium Customers
4523-WXCEF,1,Loyal Premium Customers
4524-QCSSM,3,Established Standard Customers
4525-VZCZG,1,Loyal Premium Customers
4526-EXKKN,0,Loyal Budget Customers
4526-RMTLL,3,Established Standard Customers
4526-ZJJTM,3,Established Standard Customers
4529-CKBCL,3,Established Standard Customers
4530-NDRKU,0,Loyal Budget Customers
4531-AUZNK,1,Loyal Premium Customers
4534-WGCIR,0,Loyal Budget Customers
4536-PLEQY,3,Established Standard Customers
4537-CIBHB,2,New Budget Customers
4537-DKTAL,2,New Budget Customers
4538-WNTMJ,0,Loyal Budget Customers
4541-RMRLG,2,New Budget Customers
4544-RXFMG,2,New Budget Customers
4546-FOKWR,3,Established Standard Customers
4547-FZJWE,1,Loyal Premium Customers
4547-KQRTM,3,Established Standard Customers
4547-LYTDD,3,Established Standard Customers
4548-SDBKE,3,Established Standard Customers
4549-ZDQYY,1,Loyal Premium Customers
4550-EVXNY,3,Established Standard Customers
4550-VBOFE,1,Loyal Premium Customers
4553-DVPZG,1,Loyal Premium Customers
4554-YGZIH,1,Loyal Premium Customers
4558-CGYCZ,2,New Budget Customers
4558-FANTW,3,Established Standard Customers
4559-UWIHT,3,Established Standard Customers
4560-WQAQW,1,Loyal Premium Customers
4565-EVZMJ,1,Loyal Premium Customers
4565-NLZBV,0,Loyal Budget Customers
4566-GOLUK,1,Loyal Premium Customers
4566-NECEV,3,Established Standard Customers
4566-QVRRW,2,New Budget Customers
4567-AKPIA,1,Loyal Premium Customers
4568-KNYWR,1,Loyal Premium Customers
4568-TTZRT,2,New Budget Customers
4570-QHXHL,2,New Budget Customers
4572-DVCGN,3,Established Standard Customers
4573-JKNAE,2,New Budget Customers
4576-CSAJH,3,Established Standard Customers
4578-PHJYZ,1,Loyal Premium Customers
4580-TMHJU,0,Loyal Budget Customers
4581-LNWUM,3,Established Standard Customers
4581-SSPWD,3,Established Standard Customers
4583-PARNH,3,Established Standard Customers
4584-LBNMK,0,Loyal Budget Customers
4585-HETAI,2,New Budget Customers
4587-NUKOX,3,Established Standard Customers
4587-VVTOX,3,Established Standard Customers
4588-YBNIB,2,New Budget Customers
4589-IUAJB,0,Loyal Budget Customers
4592-IWTJI,2,New Budget Customers
4597-ELFTS,0,Loyal Budget Customers
4597-NUCQV,3,Established Standard Customers
4598-XLKNJ,3,Established Standard Customers
4598-ZADCK,1,Loyal Premium Customers
4603-JANFB,3,Established Standard Customers
4607-CHPCA,3,Established Standard Customers
4608-LCIMN,2,New Budget Customers
4609-KNNWG,2,New Budget Customers
4611-ANLQC,1,Loyal Premium Customers
4612-SSVHJ,3,Established Standard Customers
4612-THJBS,1,Loyal Premium Customers
4614-NUVZD,3,Established Standard Customers
4615-PIVVU,1,Loyal Premium Customers
4616-EWBNJ,2,New Budget Customers
4616-ULAOA,1,Loyal Premium Customers
4619-EVPHY,3,Established Standard Customers
4622-YNKIJ,3,Established Standard Customers
4623-ZKHLY,2,New Budget Customers
4625-EWPTF,2,New Budget Customers
4625-LAMOB,0,Loyal Budget Customers
4625-XMOYM,0,Loyal Budget Customers
4626-GYCZP,3,Established Standard Customers
4626-OZDTJ,1,Loyal Premium Customers
4627-MIHJH,1,Loyal Premium Customers
4628-CTTLA,0,Loyal Budget Customers
4628-WQCQQ,3,Established Standard Customers
4629-NRXKX,3,Established Standard Customers
4631-OACRM,3,Established Standard Customers
4632-PAOYU,2,New Budget Customers
4632-XJMEX,1,Loyal Premium Customers
4633-MKHYU,3,Established Standard Customers
4634-JLRJT,2,New Budget Customers
4635-EJYPD,2,New Budget Customers
4636-JGAAI,3,Established Standard Customers
4636-OLWOE,1,Loyal Premium Customers
4636-QRJKY,3,Established Standard Customers
4636-TVXVG,0,Loyal Budget Customers
4640-UHDOS,3,Established Standard Customers
4641-FROLU,2,New Budget Customers
4644-OBGFZ,0,Loyal Budget Customers
4644-PIZRT,3,Established Standard Customers
4646-QZXTF,3,Established Standard Customers
4647-MUZON,3,Established Standard Customers
4647-XXZAM,2,New Budget Customers
4648-YPBTM,1,Loyal Premium Customers
4652-NNHNY,3,Established Standard Customers
4652-ODEVH,0,Loyal Budget Customers
4654-DLAMQ,1,Loyal Premium Customers
4654-GGUII,2,New Budget Customers
4654-ULTTN,1,Loyal Premium Customers
4656-CAURT,0,Loyal Budget Customers
4657-FWVFY,1,Loyal Premium Customers
4658-HCOHW,1,Loyal Premium Customers
4659-NZRUF,3,Established Standard Customers
4660-IRIBM,3,Established Standard Customers
4661-NJEUX,2,New Budget Customers
4662-EKDPQ,3,Established Standard Customers
4664-NJCMS,1,Loyal Premium Customers
4667-OHGKG,2,New Budget Customers
4667-QONEA,1,Loyal Premium Customers
4670-TABXH,1,Loyal Premium Customers
4671-LXRDQ,2,New Budget Customers
4671-VJLCL,1,Loyal Premium Customers
4672-FOTSD,3,Established Standard Customers
4673-KKSLS,3,Established Standard Customers
4674-HGNUA,1,Loyal Premium Customers
4676-MQUEA,1,Loyal Premium Customers
4676-WLUHT,1,Loyal Premium Customers
4678-DVQEO,3,Established Standard Customers
4680-KUTAJ,3,Established Standard Customers
4682-BLBUC,1,Loyal Premium Customers
4683-WYDOU,1,Loyal Premium Customers
4685-ERGHK,1,Loyal Premium Customers
4685-TFLLS,2,New Budget Customers
4686-GEFRM,1,Loyal Premium Customers
4686-UXDML,3,Established Standard Customers
4690-LLKUA,2,New Budget Customers
4690-PKDQG,1,Loyal Premium Customers
4692-NNQRU,3,Established Standard Customers
4693-VWVBO,2,New Budget Customers
4694-PHWFW,2,New Budget Customers
4695-VADHF,3,Established Standard Customers
4695-WJZUE,3,Established Standard Customers
4697-LUPSU,2,New Budget Customers
4698-KVLLG,0,Loyal Budget Customers
4700-UBQMV,3,Established Standard Customers
4701-AHWMW,1,Loyal Premium Customers
4701-LKOZD,1,Loyal Premium Customers
4701-MLJPN,3,Established Standard Customers
4702-HDRKD,1,Loyal Premium Customers
4702-IOQDC,3,Established Standard Customers
4703-MQYKT,2,New Budget Customers
4704-ERYFC,3,Established Standard Customers
4706-AXVKM,3,Established Standard Customers
4706-DGAHW,2,New Budget Customers
4707-MAXGU,0,Loyal Budget Customers
4707-YNOQA,0,Loyal Budget Customers
4709-LKHYG,2,New Budget Customers
4710-FDUIZ,1,Loyal Premium Customers
4710-NKCAW,3,Established Standard Customers
4712-AUQZO,2,New Budget Customers
4712-UYOOI,2,New Budget Customers
4713-LZDRV,3,Established Standard Customers
4713-ZBURT,1,Loyal Premium Customers
4716-HHKQH,3,Established Standard Customers
4716-MRVEN,2,New Budget Customers
4717-GHADL,1,Loyal Premium Customers
4718-DHSMV,2,New Budget Customers
4718-WXBGI,1,Loyal Premium Customers
4719-UMSIY,2,New Budget Customers
4720-VSTSI,1,Loyal Premium Customers
4723-BEGSG,0,Loyal Budget Customers
4724-WXVWF,1,Loyal Premium Customers
4726-DLWQN,1,Loyal Premium Customers
4727-MCYZG,3,Established Standard Customers
4729-XKASR,2,New Budget Customers
4730-AWNAU,1,Loyal Premium Customers
4732-RRJZC,2,New Budget Customers
4735-ASGMA,3,Established Standard Customers
4735-BJKOU,0,Loyal Budget Customers
4737-AQCPU,1,Loyal Premium Customers
4737-HOBAX,1,Loyal Premium Customers
4741-WWJQZ,3,Established Standard Customers
4742-DRORA,1,Loyal Premium Customers
4742-TXUEX,0,Loyal Budget Customers
4745-LSPLO,2,New Budget Customers
4747-LCAQL,1,Loyal Premium Customers
4749-OJKQU,3,Established Standard Customers
4749-VFKVB,2,New Budget Customers
4750-UKWJK,0,Loyal Budget Customers
4750-ZRXIU,3,Established Standard Customers
4751-ERMAN,1,Loyal Premium Customers
4753-PADAS,1,Loyal Premium Customers
4759-PXTAN,1,Loyal Premium Customers
4759-TRPLW,3,Established Standard Customers
4760-THGOT,1,Loyal Premium Customers
4760-XOHVN,2,New Budget Customers
4763-PGDPO,3,Established Standard Customers
4765-OXPPD,3,Established Standard Customers
4767-HZZHQ,3,Established Standard Customers
4770-QAZXN,2,New Budget Customers
4770-UEZOX,3,Established Standard Customers
4774-HHGGS,2,New Budget Customers
4776-XSKYQ,2,New Budget Customers
4778-IZARL,1,Loyal Premium Customers
4779-ZGICK,0,Loyal Budget Customers
4781-ZXYGU,2,New Budget Customers
4782-OSFXZ,1,Loyal Premium Customers
4785-FCIFB,0,Loyal Budget Customers
4785-NKHCX,2,New Budget Customers
4785-QRJHC,1,Loyal Premium Customers
4786-UKSNZ,2,New Budget Customers
4789-KWMXN,1,Loyal Premium Customers
4791-QRGMF,1,Loyal Premium Customers
4795-KTRTH,3,Established Standard Customers
4795-UXVCJ,2,New Budget Customers
4795-WRNVT,3,Established Standard Customers
4797-AXPXK,3,Established Standard Customers
4797-MIWUM,2,New Budget Customers
4800-CZMPC,1,Loyal Premium Customers
4800-VHZKI,2,New Budget Customers
4801-JZAZL,2,New Budget Customers
4801-KFYKL,2,New Budget Customers
4803-AXVYP,1,Loyal Premium Customers
4803-LBYPN,0,Loyal Budget Customers
4804-NCPET,2,New Budget Customers
4806-DXQCE,1,Loyal Premium Customers
4806-HIPDW,3,Established Standard Customers
4806-KEXQR,3,Established Standard Customers
4807-IZYOZ,0,Loyal Budget Customers
4808-YNLEU,3,Established Standard Customers
4811-JBUVU,3,Established Standard Customers
4813-HQMGZ,3,Established Standard Customers
4815-GBTCD,2,New Budget Customers
4815-TUMEQ,2,New Budget Customers
4815-YOSUK,1,Loyal Premium Customers
4816-JBHOV,2,New Budget Customers
4816-LXZYW,2,New Budget Customers
4816-OKWNX,1,Loyal Premium Customers
4817-KEQSP,0,Loyal Budget Customers
4817-QRJSX,3,Established Standard Customers
4817-VYYWS,1,Loyal Premium Customers
4818-DRBQT,3,Established Standard Customers
4818-QIUFN,3,Established Standard Customers
4819-HJPIW,2,New Budget Customers
4821-SJHJV,3,Established Standard Customers
4821-WQOYN,0,Loyal Budget Customers
4822-LPTYJ,1,Loyal Premium Customers
4822-NGOCH,3,Established Standard Customers
4822-RVYBB,3,Established Standard Customers
4822-YCXMX,3,Established Standard Customers
4824-GUCBY,3,Established Standard Customers
4825-FUREZ,0,Loyal Budget Customers
4825-XJGDM,1,Loyal Premium Customers
4826-DXMUP,1,Loyal Premium Customers
4826-TZEVA,3,Established Standard Customers
4826-XTSOH,3,Established Standard Customers
4827-DPADN,1,Loyal Premium Customers
4827-LTQRJ,1,Loyal Premium Customers
4827-USJHP,3,Established Standard Customers
4828-FAZPK,3,Established Standard Customers
4829-AUOAX,1,Loyal Premium Customers
4829-ZLJTK,1,Loyal Premium Customers
4830-FAXFM,2,New Budget Customers
4831-EOBFE,3,Established Standard Customers
4832-VRBMR,1,Loyal Premium Customers
4833-QTJNO,1,Loyal Premium Customers
4835-YSJMR,0,Loyal Budget Customers
4836-WNFNO,0,Loyal Budget Customers
4837-PZTIC,0,Loyal Budget Customers
4837-QUSFT,1,Loyal Premium Customers
4840-ORQXB,1,Loyal Premium Customers
4844-JJWUY,3,Established Standard Customers
4846-WHAFZ,3,Established Standard Customers
4847-QNOKA,2,New Budget Customers
4847-TAJYI,3,Established Standard Customers
4849-PYRLQ,1,Loyal Premium Customers
4851-BQDNX,3,Established Standard Customers
4853-OITSN,3,Established Standard Customers
4853-RULSV,1,Loyal Premium Customers
4854-CIDCF,3,Established Standard Customers
4854-SSLTN,3,Established Standard Customers
4855-SNKMY,2,New Budget Customers
4859-ZSRDZ,1,Loyal Premium Customers
4860-IJUDE,3,Established Standard Customers
4860-YZGZM,2,New Budget Customers
4868-AADLV,1,Loyal Premium Customers
4869-EPIUS,1,Loyal Premium Customers
4871-JTKJF,3,Established Standard Customers
4872-JCVCA,1,Loyal Premium Customers
4872-VXRIL,1,Loyal Premium Customers
4873-ILOLJ,3,Established Standard Customers
4877-EVATK,2,New Budget Customers
4877-TSOFF,1,Loyal Premium Customers
4878-BUNFV,0,Loyal Budget Customers
4879-GZLFH,1,Loyal Premium Customers
4881-GQJTW,2,New Budget Customers
4881-JVQOD,2,New Budget Customers
4883-KCPZJ,2,New Budget Customers
4883-QICIH,3,Established Standard Customers
4884-LEVMQ,0,Loyal Budget Customers
4884-TVUQF,1,Loyal Premium Customers
4884-ZTHVF,3,Established Standard Customers
4890-VMUAV,1,Loyal Premium Customers
4891-NLUBA,1,Loyal Premium Customers
4892-VLANZ,2,New Budget Customers
4893-GYUJU,0,Loyal Budget Customers
4895-TMWIR,2,New Budget Customers
4896-CPRPF,0,Loyal Budget Customers
4897-QSUYC,2,New Budget Customers
4900-MSOMT,1,Loyal Premium Customers
4902-OHLSK,3,Established Standard Customers
4903-CNOZC,3,Established Standard Customers
4903-UYAVB,2,New Budget Customers
4905-JEFDW,2,New Budget Customers
4906-ZHGPK,1,Loyal Premium Customers
4908-XAXAY,1,Loyal Premium Customers
4909-JOUPP,1,Loyal Premium Customers
4910-AQFFX,3,Established Standard Customers
4910-GMJOT,3,Established Standard Customers
4911-BANWH,3,Established Standard Customers
4912-PIGUY,3,Established Standard Customers
4913-EHYUI,1,Loyal Premium Customers
4915-BFSXL,1,Loyal Premium Customers
4918-FYJNT,1,Loyal Premium Customers
4918-QLLIW,3,Established Standard Customers
4919-IKATY,3,Established Standard Customers
4919-MOAVT,3,Established Standard Customers
4922-CVPDX,3,Established Standard Customers
4923-ADWXJ,3,Established Standard Customers
4925-LMHOK,3,Established Standard Customers
4926-UMJZD,2,New Budget Customers
4927-WWOOZ,3,Established Standard Customers
4929-BSTRX,3,Established Standard Customers
4929-ROART,3,Established Standard Customers
4929-XIHVW,3,Established Standard Customers
4931-TRZWN,3,Established Standard Customers
4933-BSAIP,0,Loyal Budget Customers
4933-IKULF,2,New Budget Customers
4936-YPJNK,2,New Budget Customers
4937-QPZPO,1,Loyal Premium Customers
4939-KYYPY,3,Established Standard Customers
4940-KHCWD,0,Loyal Budget Customers
4942-VZZOM,1,Loyal Premium Customers
4945-RVMTE,3,Established Standard Customers
4946-EDSEW,2,New Budget Customers
4947-DSMXK,1,Loyal Premium Customers
4948-WBBKL,3,Established Standard Customers
4950-BDEUX,3,Established Standard Customers
4950-HKQTE,2,New Budget Customers
4951-UKAAQ,3,Established Standard Customers
4952-YSOGZ,3,Established Standard Customers
4955-VCWBI,0,Loyal Budget Customers
4957-SREEC,0,Loyal Budget Customers
4957-TIALW,3,Established Standard Customers
4957-TREIR,3,Established Standard Customers
4958-GZWIY,2,New Budget Customers
4958-XCBDQ,1,Loyal Premium Customers
4959-JOSRX,2,New Budget Customers
4962-CHQPW,2,New Budget Customers
4967-WPNCF,1,Loyal Premium Customers
4971-PUYQO,3,Established Standard Customers
4973-MGTON,1,Loyal Premium Customers
4973-RLZVI,3,Established Standard Customers
4976-LNFVV,2,New Budget Customers
4979-HPRFL,0,Loyal Budget Customers
4980-URKXC,0,Loyal Budget Customers
4981-FLTMF,1,Loyal Premium Customers
4983-CCWMC,3,Established Standard Customers
4983-CLMLV,1,Loyal Premium Customers
4986-MXSFP,2,New Budget Customers
4987-GQWPO,2,New Budget Customers
4988-IQIGL,3,Established Standard Customers
4989-LIXVT,1,Loyal Premium Customers
4990-ALDGW,0,Loyal Budget Customers
4992-LTJNE,0,Loyal Budget Customers
4993-JCRGJ,3,Established Standard Customers
4994-OBRSZ,3,Established Standard Customers
4998-IKFSE,3,Established Standard Customers
4999-IEZLT,0,Loyal Budget Customers
5002-GCQFH,1,Loyal Premium Customers
5003-OKNNK,2,New Budget Customers
5003-XZWWO,0,Loyal Budget Customers
5006-MXVRN,0,Loyal Budget Customers
5010-IPEAQ,1,Loyal Premium Customers
5012-YSPJJ,3,Established Standard Customers
5013-SBUIH,1,Loyal Premium Customers
5014-GSOUQ,2,New Budget Customers
5014-WUQMG,1,Loyal Premium Customers
5016-ETTFF,2,New Budget Customers
5016-IBERQ,3,Established Standard Customers
5016-LIPDW,0,Loyal Budget Customers
5018-GWURO,1,Loyal Premium Customers
5018-HEKFO,2,New Budget Customers
5018-LXQQG,3,Established Standard Customers
5019-GQVCR,3,Established Standard Customers
5020-ZSTTY,1,Loyal Premium Customers
5022-JNQEQ,3,Established Standard Customers
5022-KVDQT,3,Established Standard Customers
5025-GOOKI,2,New Budget Customers
5027-QPKTE,3,Established Standard Customers
5027-XWQHA,2,New Budget Customers
5027-YOCXN,1,Loyal Premium Customers
5028-GZLDO,2,New Budget Customers
5028-HTLJB,2,New Budget Customers
5032-MIYKT,3,Established Standard Customers
5032-USPKF,1,Loyal Premium Customers
5035-BVCXS,3,Established Standard Customers
5035-PGZXH,1,Loyal Premium Customers
5038-ETMLM,1,Loyal Premium Customers
5039-LZRQT,2,New Budget Customers
5043-TRZWM,3,Established Standard Customers
5044-LRQAQ,3,Established Standard Customers
5044-XDPYX,0,Loyal Budget Customers
5046-NUHWD,3,Established Standard Customers
5047-LHVLY,2,New Budget Customers
5049-GLYVG,2,New Budget Customers
5049-MUBWG,3,Established Standard Customers
5052-PNLOS,3,Established Standard Customers
5054-IEXZT,3,Established Standard Customers
5055-BRMNE,1,Loyal Premium Customers
5055-MGMGF,1,Loyal Premium Customers
5056-FIMPT,1,Loyal Premium Customers
5057-LCOUI,3,Established Standard Customers
5057-RKGLH,2,New Budget Customers
5060-TQUQN,3,Established Standard Customers
5061-PBXFW,3,Established Standard Customers
5062-CJJKH,3,Established Standard Customers
5063-IUOKK,2,New Budget Customers
5066-GFJMM,2,New Budget Customers
5067-DGXLL,2,New Budget Customers
5067-WJEUN,0,Loyal Budget Customers
5067-XJQFU,1,Loyal Premium Customers
5071-FBJFS,3,Established Standard Customers
5073-RZGBK,1,Loyal Premium Customers
5073-WXOYN,1,Loyal Premium Customers
5074-FBGHB,1,Loyal Premium Customers
5075-JSDKI,0,Loyal Budget Customers
5076-YVXCM,1,Loyal Premium Customers
5077-DXTCG,2,New Budget Customers
5081-NWSUP,3,Established Standard Customers
5084-OOVCJ,3,Established Standard Customers
5087-SUURX,2,New Budget Customers
5088-QZLRL,2,New Budget Customers
5089-IFSDP,1,Loyal Premium Customers
5090-EMGTC,1,Loyal Premium Customers
5091-HFAZW,3,Established Standard Customers
5092-STPKP,3,Established Standard Customers
5093-FEGLU,0,Loyal Budget Customers
5095-AESKG,3,Established Standard Customers
5095-ETBRJ,1,Loyal Premium Customers
5099-BAILX,1,Loyal Premium Customers
5103-MHMHY,2,New Budget Customers
5108-ADXWO,3,Established Standard Customers
5110-CHOPY,1,Loyal Premium Customers
5115-GZDEL,1,Loyal Premium Customers
5115-SQAAU,0,Loyal Budget Customers
5117-IFGPS,3,Established Standard Customers
5117-ZSMHQ,1,Loyal Premium Customers
5118-MUEYH,1,Loyal Premium Customers
5119-KEPFY,1,Loyal Premium Customers
5119-NZPTV,3,Established Standard Customers
5120-ZBLAI,1,Loyal Premium Customers
5122-CYFXA,3,Established Standard Customers
5124-EOGYE,2,New Budget Customers
5125-CNDSP,0,Loyal Budget Customers
5126-RCXYW,0,Loyal Budget Customers
5127-BZENZ,1,Loyal Premium Customers
5129-HHMZC,1,Loyal Premium Customers
5129-JLPIS,1,Loyal Premium Customers
5130-IEKQT,3,Established Standard Customers
5130-YPIRV,1,Loyal Premium Customers
5131-PONJI,1,Loyal Premium Customers
5133-POWUA,2,New Budget Customers
5133-VRSAB,2,New Budget Customers
5134-IKDAY,3,Established Standard Customers
5135-GRQJV,1,Loyal Premium Customers
5135-RDDQL,0,Loyal Budget Customers
5136-GFPMB,1,Loyal Premium Customers
5136-KCKGI,1,Loyal Premium Customers
5136-RGMZO,3,Established Standard Customers
5138-WVKYJ,3,Established Standard Customers
5140-FOMCQ,1,Loyal Premium Customers
5141-ZUVBH,3,Established Standard Customers
5143-EGQFK,2,New Budget Customers
5143-WMWOG,2,New Budget Customers
5144-PQCDZ,2,New Budget Customers
5144-TVGLP,3,Established Standard Customers
5146-CBVOE,3,Established Standard Customers
5146-YYFRZ,0,Loyal Budget Customers
5148-HKFIR,2,New Budget Customers
5148-ORICT,1,Loyal Premium Customers
5149-CUZUJ,3,Established Standard Customers
5149-QYTTU,1,Loyal Premium Customers
5149-TGWDZ,1,Loyal Premium Customers
5150-ITWWB,3,Established Standard Customers
5150-LJNSR,3,Established Standard Customers
5151-HQRDG,3,Established Standard Customers
5153-LXKDT,1,Loyal Premium Customers
5153-RTHKF,3,Established Standard Customers
5154-VEKBL,3,Established Standard Customers
5155-AZQPB,2,New Budget Customers
5156-UMKOW,2,New Budget Customers
5158-RIVOP,2,New Budget Customers
5159-YFPKQ,3,Established Standard Customers
5160-UXJED,2,New Budget Customers
5161-UBZXI,1,Loyal Premium Customers
5161-XEUVX,1,Loyal Premium Customers
5167-GBFRE,2,New Budget Customers
5167-ZFFMM,3,Established Standard Customers
5168-MQQCA,1,Loyal Premium Customers
5168-MSWXT,3,Established Standard Customers
5170-PTRKA,0,Loyal Budget Customers
5171-EPLKN,2,New Budget Customers
5172-MIGPM,3,Established Standard Customers
5172-RKOCB,1,Loyal Premium Customers
5173-WXOQV,3,Established Standard Customers
5173-ZXXXL,2,New Budget Customers
5174-ITUMV,1,Loyal Premium Customers
5174-RNGBH,3,Established Standard Customers
5175-AOBHI,2,New Budget Customers
5175-WLYXL,3,Established Standard Customers
5176-LDKUH,3,Established Standard Customers
5176-LMJXE,0,Loyal Budget Customers
5176-OLSKT,1,Loyal Premium Customers
5177-RVZNU,0,Loyal Budget Customers
5178-LMXOP,3,Established Standard Customers
5180-UCIIQ,2,New Budget Customers
5181-OABFK,1,Loyal Premium Customers
5183-KLYEM,1,Loyal Premium Customers
5183-SNMJQ,3,Established Standard Customers
5186-EJEGL,3,Established Standard Customers
5186-PEIZU,0,Loyal Budget Customers
5186-SAMNZ,3,Established Standard Customers
5188-HGMLP,0,Loyal Budget Customers
5192-EBGOV,3,Established Standard Customers
5193-QLVZB,1,Loyal Premium Customers
5195-KPUNQ,1,Loyal Premium Customers
5196-SGOAK,3,Established Standard Customers
5196-WPYOW,1,Loyal Premium Customers
5197-LQXXH,1,Loyal Premium Customers
5197-PYEPU,1,Loyal Premium Customers
5197-YPYBZ,2,New Budget Customers
5198-EFNBM,1,Loyal Premium Customers
5198-HQAEN,3,Established Standard Customers
5199-FPUSP,0,Loyal Budget Customers
5201-CBWYG,0,Loyal Budget Customers
5201-FRKKS,3,Established Standard Customers
5201-USSQZ,3,Established Standard Customers
5202-IVJNU,0,Loyal Budget Customers
5203-XEHAX,3,Established Standard Customers
5204-HMGYF,1,Loyal Premium Customers
5204-QZXPU,2,New Budget Customers
5206-HPJKM,3,Established Standard Customers
5206-XZZQI,1,Loyal Premium Customers
5207-PLSTK,3,Established Standard Customers
5208-FVQKB,1,Loyal Premium Customers
5208-HFSBT,3,Established Standard Customers
5213-TWWJU,3,Established Standard Customers
5214-CHIWJ,2,New Budget Customers
5214-NLTIT,1,Loyal Premium Customers
5215-LNLDJ,2,New Budget Customers
5216-WASFJ,3,Established Standard Customers
5219-YIPTK,1,Loyal Premium Customers
5220-AGAAX,0,Loyal Budget Customers
5222-IMUKT,3,Established Standard Customers
5222-JCXZT,2,New Budget Customers
5223-UZAVK,1,Loyal Premium Customers
5226-NOZFC,3,Established Standard Customers
5227-JSCFE,1,Loyal Premium Customers
5228-EXCET,3,Established Standard Customers
5229-DTFYB,1,Loyal Premium Customers
5229-PRWKT,3,Established Standard Customers
5231-FIQPA,0,Loyal Budget Customers
5232-NXPAY,1,Loyal Premium Customers
5233-AOZUF,3,Established Standard Customers
5233-GEEAX,2,New Budget Customers
5236-PERKL,1,Loyal Premium Customers
5236-XMZJY,1,Loyal Premium Customers
5240-CAOYT,1,Loyal Premium Customers
5240-IJOQT,3,Established Standard Customers
5242-UOWHD,0,Loyal Budget Customers
5243-SAOTC,1,Loyal Premium Customers
5244-IRFIH,3,Established Standard Customers
5245-VDBUR,0,Loyal Budget Customers
5248-KWLAR,1,Loyal Premium Customers
5248-RPYWW,1,Loyal Premium Customers
5248-YGIJN,1,Loyal Premium Customers
5249-QYHEX,0,Loyal Budget Customers
5256-SKJGO,1,Loyal Premium Customers
5260-UMPWX,2,New Budget Customers
5261-QSHQM,2,New Budget Customers
5266-PFRQK,0,Loyal Budget Customers
5268-DSMNQ,1,Loyal Premium Customers
5269-NRGDP,1,Loyal Premium Customers
5271-DBYSJ,3,Established Standard Customers
5271-YNWVR,1,Loyal Premium Customers
5274-XHAKY,1,Loyal Premium Customers
5275-PMFUT,1,Loyal Premium Customers
5275-SQEIZ,3,Established Standard Customers
5276-KQWHG,3,Established Standard Customers
5277-ZLOOR,3,Established Standard Customers
5278-PNYOX,1,Loyal Premium Customers
5281-BUZGT,3,Established Standard Customers
5285-MVEHD,1,Loyal Premium Customers
5286-YHCVC,1,Loyal Premium Customers
5287-QWLKY,1,Loyal Premium Customers
5288-AHOUP,3,Established Standard Customers
5293-WXJAK,3,Established Standard Customers
5294-CDGWY,1,Loyal Premium Customers
5294-DMSFH,3,Established Standard Customers
5294-IMHHT,1,Loyal Premium Customers
5295-PCJOO,2,New Budget Customers
5296-BFCYD,0,Loyal Budget Customers
5296-PSYVW,0,Loyal Budget Customers
5297-MDOIR,1,Loyal Premium Customers
5298-GSTLM,1,Loyal Premium Customers
5299-RULOA,3,Established Standard Customers
5299-SJCZT,3,Established Standard Customers
5301-GAUUY,3,Established Standard Customers
5302-BDJNT,1,Loyal Premium Customers
5304-EFJLP,1,Loyal Premium Customers
5306-BVTKJ,1,Loyal Premium Customers
5307-DZCVC,3,Established Standard Customers
5307-UVGNB,1,Loyal Premium Customers
5309-TAIKL,3,Established Standard Customers
5310-NOOVA,0,Loyal Budget Customers
5311-IHLEI,3,Established Standard Customers
5312-IRCFR,1,Loyal Premium Customers
5312-TSZVC,2,New Budget Customers
5312-UXESG,1,Loyal Premium Customers
5313-FPXWG,0,Loyal Budget Customers
5315-CKEQK,2,New Budget Customers
5317-FLPJF,1,Loyal Premium Customers
5318-IXUZF,3,Established Standard Customers
5318-YKDPV,1,Loyal Premium Customers
5320-BRKGK,1,Loyal Premium Customers
5321-NTRKC,1,Loyal Premium Customers
5322-TEUJK,1,Loyal Premium Customers
5322-ZSMZY,2,New Budget Customers
5324-KTGCG,0,Loyal Budget Customers
5325-UWTWJ,3,Established Standard Customers
5327-CNLUQ,1,Loyal Premium Customers
5327-XOKKY,1,Loyal Premium Customers
5329-KRDTM,1,Loyal Premium Customers
5331-RGMTT,1,Loyal Premium Customers
5334-AFQJB,0,Loyal Budget Customers
5334-JLAXU,1,Loyal Premium Customers
5336-UFNZP,1,Loyal Premium Customers
5337-IIWKZ,3,Established Standard Customers
5338-YHWYT,3,Established Standard Customers
5339-PXDVH,3,Established Standard Customers
5339-TJFEK,1,Loyal Premium Customers
5343-SGUBI,1,Loyal Premium Customers
5345-BMKWB,2,New Budget Customers
5346-BZCHP,0,Loyal Budget Customers
5348-CAGXB,3,Established Standard Customers
5349-AZPEW,2,New Budget Customers
5349-IECLD,3,Established Standard Customers
5351-QESIO,2,New Budget Customers
5353-WILCI,3,Established Standard Customers
5356-CSVSQ,3,Established Standard Customers
5356-KZCKT,0,Loyal Budget Customers
5356-RHIPP,2,New Budget Customers
5357-TZHPP,3,Established Standard Customers
5360-LJCNJ,1,Loyal Premium Customers
5360-XGYAZ,1,Loyal Premium Customers
5364-EVNIB,3,Established Standard Customers
5364-XYIRR,1,Loyal Premium Customers
5365-LLFYV,2,New Budget Customers
5366-IJEQJ,3,Established Standard Customers
5366-OBVMR,3,Established Standard Customers
5370-IIVVL,1,Loyal Premium Customers
5371-VYLSX,1,Loyal Premium Customers
5372-FBKBN,2,New Budget Customers
5373-SFODM,3,Established Standard Customers
5375-XLDOF,1,Loyal Premium Customers
5376-DEQCP,3,Established Standard Customers
5376-PCKNB,1,Loyal Premium Customers
5377-NDTOU,1,Loyal Premium Customers
5378-IKEEG,2,New Budget Customers
5380-AFSSK,3,Established Standard Customers
5380-WJKOV,1,Loyal Premium Customers
5380-XPJNZ,0,Loyal Budget Customers
5382-SOYZL,3,Established Standard Customers
5382-TEMLV,0,Loyal Budget Customers
5383-MMTWC,3,Established Standard Customers
5384-ZTTWP,2,New Budget Customers
5385-SUIRI,1,Loyal Premium Customers
5386-THSLQ,0,Loyal Budget Customers
5387-ASZNZ,0,Loyal Budget Customers
5389-FFVKB,3,Established Standard Customers
5392-AKEMH,2,New Budget Customers
5393-HJZSM,1,Loyal Premium Customers
5393-RXQSZ,3,Established Standard Customers
5394-MEITZ,1,Loyal Premium Customers
5394-SVGJV,1,Loyal Premium Customers
5396-IZEPB,2,New Budget Customers
5397-NSKQG,1,Loyal Premium Customers
5397-TUPSH,0,Loyal Budget Customers
5399-ZIMKF,3,Established Standard Customers
5402-HTOTQ,3,Established Standard Customers
5404-GGUKR,3,Established Standard Customers
5405-ZMYXQ,3,Established Standard Customers
5406-KGRMX,0,Loyal Budget Customers
5414-OFQCB,1,Loyal Premium Customers
5419-CONWX,3,Established Standard Customers
5419-JKZNQ,3,Established Standard Customers
5419-JPRRN,3,Established Standard Customers
5419-KLXBN,3,Established Standard Customers
5423-BHIXO,3,Established Standard Customers
5424-RLQLC,3,Established Standard Customers
5429-LWCMV,3,Established Standard Customers
5433-KYGHE,3,Established Standard Customers
5438-QMDDL,3,Established Standard Customers
5439-WIKXB,1,Loyal Premium Customers
5440-FLBQG,1,Loyal Premium Customers
5440-VHLUL,1,Loyal Premium Customers
5442-BHQNG,3,Established Standard Customers
5442-BXVND,0,Loyal Budget Customers
5442-PPTJY,2,New Budget Customers
5442-UTCVD,3,Established Standard Customers
5442-XSDCW,3,Established Standard Customers
5443-SCMKX,1,Loyal Premium Customers
5445-GLVOT,3,Established Standard Customers
5445-PZWGX,1,Loyal Premium Customers
5445-UTODQ,3,Established Standard Customers
5446-DKWYW,1,Loyal Premium Customers
5447-VYTKW,3,Established Standard Customers
5447-WZAFP,1,Loyal Premium Customers
5448-VWNAM,3,Established Standard Customers
5449-FIBXJ,3,Established Standard Customers
5451-MHQOF,0,Loyal Budget Customers
5451-YHYPW,1,Loyal Premium Customers
5453-AXEPF,3,Established Standard Customers
5453-YBTWV,1,Loyal Premium Customers
5456-ITGIC,1,Loyal Premium Customers
5457-COLHT,1,Loyal Premium Customers
5458-CQJTA,1,Loyal Premium Customers
5461-QKNTN,1,Loyal Premium Customers
5465-BUBFA,0,Loyal Budget Customers
5468-BPMMO,0,Loyal Budget Customers
5469-CTCWN,1,Loyal Premium Customers
5469-NUJUR,2,New Budget Customers
5472-CVMDX,0,Loyal Budget Customers
5473-KHBPS,1,Loyal Premium Customers
5474-LAMUQ,2,New Budget Customers
5478-JJVZK,3,Established Standard Customers
5480-HPRRX,2,New Budget Customers
5480-TBGPH,1,Loyal Premium Customers
5480-XTFFL,2,New Budget Customers
5481-NTDOH,1,Loyal Premium Customers
5482-NUPNA,3,Established Standard Customers
5482-PLVPE,2,New Budget Customers
5482-VXSXJ,3,Established Standard Customers
5485-ITNPC,1,Loyal Premium Customers
5485-WUYWF,3,Established Standard Customers
5493-SDRDQ,3,Established Standard Customers
5494-HECPR,3,Established Standard Customers
5494-WOZRZ,1,Loyal Premium Customers
5495-GPSRW,2,New Budget Customers
5498-IBWPI,0,Loyal Budget Customers
5498-TXHLF,3,Established Standard Customers
5499-ECUTN,1,Loyal Premium Customers
5501-TVMGM,3,Established Standard Customers
5502-RLUYV,1,Loyal Premium Customers
5504-WSIUR,1,Loyal Premium Customers
5505-OVWQW,2,New Budget Customers
5510-BOIUJ,2,New Budget Customers
5512-IDZEI,0,Loyal Budget Customers
5514-YQENT,1,Loyal Premium Customers
5515-AKOAJ,1,Loyal Premium Customers
5515-IDEJJ,2,New Budget Customers
5515-RUGKN,3,Established Standard Customers
5519-NPHVG,3,Established Standard Customers
5519-TEEUH,0,Loyal Budget Customers
5519-YLDGW,3,Established Standard Customers
5520-FVEWJ,3,Established Standard Customers
5522-JBWMO,2,New Budget Customers
5522-NYKPB,3,Established Standard Customers
5524-KHNJP,1,Loyal Premium Customers
5527-ACHSO,3,Established Standard Customers
5529-GIBVH,0,Loyal Budget Customers
5533-NHFRF,3,Established Standard Customers
5533-RJFTJ,0,Loyal Budget Customers
5536-RTPWK,1,Loyal Premium Customers
5536-SLHPM,1,Loyal Premium Customers
5537-UXXVS,2,New Budget Customers
5539-HIVAK,2,New Budget Customers
5539-TMZLF,3,Established Standard Customers
5542-DHSXL,3,Established Standard Customers
5542-NKVRU,0,Loyal Budget Customers
5542-TBBWB,3,Established Standard Customers
5543-QDCRY,3,Established Standard Customers
5546-BYZSM,0,Loyal Budget Customers
5546-QUERU,2,New Budget Customers
5549-ZGHFB,0,Loyal Budget Customers
5550-VFRLC,3,Established Standard Customers
5552-ZNFSJ,2,New Budget Customers
5553-AOINX,1,Loyal Premium Customers
5555-RNPGT,2,New Budget Customers
5561-NWEVX,3,Established Standard Customers
5562-BETPV,2,New Budget Customers
5562-YJQGT,2,New Budget Customers
5564-NEMQO,3,Established Standard Customers
5565-FILXA,3,Established Standard Customers
5566-SOEZD,3,Established Standard Customers
5567-GZKQY,0,Loyal Budget Customers
5567-WSELE,3,Established Standard Customers
5568-DMXZS,3,Established Standard Customers
5569-IDSEY,1,Loyal Premium Customers
5569-KGJHX,3,Established Standard Customers
5569-OUICF,3,Established Standard Customers
5570-PTWEH,3,Established Standard Customers
5572-ZDXHY,3,Established Standard Customers
5574-NXZIU,0,Loyal Budget Customers
5575-GNVDE,3,Established Standard Customers
5575-TPIZQ,1,Loyal Premium Customers
5577-OTWWW,2,New Budget Customers
5578-NKCXI,1,Loyal Premium Customers
5583-EJXRD,1,Loyal Premium Customers
5583-SXDAG,3,Established Standard Customers
5590-BYNII,3,Established Standard Customers
5590-YRFJT,2,New Budget Customers
5590-ZSKRV,3,Established Standard Customers
5593-SUAOO,3,Established Standard Customers
5597-GLBUC,3,Established Standard Customers
5598-IKHQQ,0,Loyal Budget Customers
5599-HVLTW,3,Established Standard Customers
5600-KTXFM,3,Established Standard Customers
5600-PDUJF,3,Established Standard Customers
5602-BVFMK,2,New Budget Customers
5605-IYGFG,3,Established Standard Customers
5605-XNWEN,0,Loyal Budget Customers
5606-AMZBO,3,Established Standard Customers
5609-CEBID,3,Established Standard Customers
5609-IMCGG,3,Established Standard Customers
5614-DNZCE,1,Loyal Premium Customers
5616-PRTNT,2,New Budget Customers
5619-PTMIK,3,Established Standard Customers
5619-XZZKR,2,New Budget Customers
5622-UEJFI,0,Loyal Budget Customers
5624-BQSSA,2,New Budget Customers
5624-RYAMH,2,New Budget Customers
5626-MGTUK,3,Established Standard Customers
5627-TVBPP,0,Loyal Budget Customers
5628-FCGYG,3,Established Standard Customers
5628-RKIFK,1,Loyal Premium Customers
5630-AHZIL,3,Established Standard Customers
5630-IXDXV,1,Loyal Premium Customers
5639-NTUPK,3,Established Standard Customers
5640-CAXOA,3,Established Standard Customers
5641-DMBFJ,1,Loyal Premium Customers
5642-MHDQT,0,Loyal Budget Customers
5644-PDMZC,3,Established Standard Customers
5647-FXOTP,1,Loyal Premium Customers
5647-URDKA,2,New Budget Customers
5649-ANRML,3,Established Standard Customers
5649-RXQTV,1,Loyal Premium Customers
5649-TJHOV,2,New Budget Customers
5649-VUKMC,3,Established Standard Customers
5650-VDUDS,2,New Budget Customers
5650-YLIBA,3,Established Standard Customers
5651-CPDND,2,New Budget Customers
5651-CRHKQ,1,Loyal Premium Customers
5651-WYIPH,3,Established Standard Customers
5651-YLPRD,3,Established Standard Customers
5652-MSDEY,3,Established Standard Customers
5655-JSMZM,1,Loyal Premium Customers
5656-JAMLX,0,Loyal Budget Customers
5656-MJEFC,3,Established Standard Customers
5663-QBGIS,1,Loyal Premium Customers
5666-CYCYZ,3,Established Standard Customers
5666-MBJPT,0,Loyal Budget Customers
5668-MEISB,1,Loyal Premium Customers
5669-SRAIP,3,Established Standard Customers
5671-RQRLP,0,Loyal Budget Customers
5671-UUNXD,1,Loyal Premium Customers
5673-FSSMF,3,Established Standard Customers
5673-TIYIB,3,Established Standard Customers
5676-CFLYY,1,Loyal Premium Customers
5678-VFNEQ,1,Loyal Premium Customers
5680-LQOGP,1,Loyal Premium Customers
5681-LLOEI,0,Loyal Budget Customers
5684-FJVYR,1,Loyal Premium Customers
5685-IIXLY,3,Established Standard Customers
5686-CMAWK,3,Established Standard Customers
5687-DKDTV,2,New Budget Customers
5688-KZTSN,2,New Budget Customers
5692-FPTAH,2,New Budget Customers
5692-ICXLW,3,Established Standard Customers
5693-PIPCS,1,Loyal Premium Customers
5696-CEIQJ,1,Loyal Premium Customers
5696-EXCYS,2,New Budget Customers
5696-JVVQY,1,Loyal Premium Customers
5696-QURRL,2,New Budget Customers
5697-GOMBF,2,New Budget Customers
5698-BQJOH,3,Established Standard Customers
5699-BNCAS,0,Loyal Budget Customers
5701-GUXDC,2,New Budget Customers
5701-SVCWR,2,New Budget Customers
5701-YVSVF,3,Established Standard Customers
5701-ZIKJE,3,Established Standard Customers
5702-KVQRD,1,Loyal Premium Customers
5702-SKUOB,2,New Budget Customers
5707-ORNDZ,3,Established Standard Customers
5707-ZMDJP,1,Loyal Premium Customers
5708-EVONK,1,Loyal Premium Customers
5709-LVOEQ,3,Established Standard Customers
5712-AHQNN,1,Loyal Premium Customers
5712-PTIWW,3,Established Standard Customers
5712-VBOXD,2,New Budget Customers
5716-EZXZN,1,Loyal Premium Customers
5716-LIBJC,3,Established Standard Customers
5724-BIDBU,0,Loyal Budget Customers
5726-CVNYA,2,New Budget Customers
5727-MYATE,1,Loyal Premium Customers
5729-KLZAR,3,Established Standard Customers
5730-DBDSI,0,Loyal Budget Customers
5730-RIITO,0,Loyal Budget Customers
5732-IKGQH,1,Loyal Premium Customers
5734-EJKXG,1,Loyal Premium Customers
5736-YEJAX,1,Loyal Premium Customers
5740-YHGTW,1,Loyal Premium Customers
5743-KHMNA,0,Loyal Budget Customers
5747-PMBSQ,3,Established Standard Customers
5748-RNCJT,1,Loyal Premium Customers
5751-USDBL,1,Loyal Premium Customers
5753-QQWPW,3,Established Standard Customers
5756-JYOJT,3,Established Standard Customers
5756-OZRIO,1,Loyal Premium Customers
5759-RCVCB,2,New Budget Customers
5760-FXFVO,3,Established Standard Customers
5760-IFJOZ,3,Established Standard Customers
5760-WRAHC,3,Established Standard Customers
5762-TJXGK,1,Loyal Premium Customers
5766-FTRTS,1,Loyal Premium Customers
5766-XQXMQ,3,Established Standard Customers
5766-ZJYBB,2,New Budget Customers
5774-QPLTF,0,Loyal Budget Customers
5774-XZTQC,2,New Budget Customers
5777-KJIRB,0,Loyal Budget Customers
5777-ZPQNC,2,New Budget Customers
5778-BVOFB,3,Established Standard Customers
5780-INQIK,3,Established Standard Customers
5781-BKHOP,1,Loyal Premium Customers
5781-RFZRP,1,Loyal Premium Customers
5787-KXGIY,0,Loyal Budget Customers
5788-YPOEG,1,Loyal Premium Customers
5789-LDFXO,2,New Budget Customers
5791-KAJFD,1,Loyal Premium Customers
5792-JALQC,1,Loyal Premium Customers
5793-YOLJN,0,Loyal Budget Customers
5795-BKOYE,1,Loyal Premium Customers
5795-KTGUD,1,Loyal Premium Customers
5797-APWZC,3,Established Standard Customers
5799-JRCZO,0,Loyal Budget Customers
5802-ADBRC,1,Loyal Premium Customers
5803-NQJZO,1,Loyal Premium Customers
5804-HYIEZ,1,Loyal Premium Customers
5804-JMYIO,0,Loyal Budget Customers
5804-LEPIM,3,Established Standard Customers
5808-TOTXO,2,New Budget Customers
5811-IWXYM,1,Loyal Premium Customers
5813-UECBU,3,Established Standard Customers
5815-HGGHV,3,Established Standard Customers
5816-JMLGY,0,Loyal Budget Customers
5816-QVHRX,1,Loyal Premium Customers
5816-SCGFC,3,Established Standard Customers
5820-PTRYM,1,Loyal Premium Customers
5821-MMEIL,0,Loyal Budget Customers
5825-XJOCM,1,Loyal Premium Customers
5827-MWCZK,1,Loyal Premium Customers
5828-AVIPD,3,Established Standard Customers
5828-DWPIL,1,Loyal Premium Customers
5829-NVSQN,3,Established Standard Customers
5832-EXGTT,3,Established Standard Customers
5832-TRLPB,1,Loyal Premium Customers
5832-XKAES,3,Established Standard Customers
5834-ASPWA,3,Established Standard Customers
5835-BEQEU,3,Established Standard Customers
5837-LXSDN,3,Established Standard Customers
5839-SUYVZ,3,Established Standard Customers
5840-NVDCG,3,Established Standard Customers
5842-POCOP,3,Established Standard Customers
5843-TTHGI,2,New Budget Customers
5844-QVTAT,3,Established Standard Customers
5845-BZZIB,0,Loyal Budget Customers
5846-ABOBJ,0,Loyal Budget Customers
5846-NEQVZ,1,Loyal Premium Customers
5846-QFDFI,1,Loyal Premium Customers
5847-MXBEO,2,New Budget Customers
5848-FHRFC,0,Loyal Budget Customers
5849-ASHZJ,2,New Budget Customers
5850-BDWCY,2,New Budget Customers
5854-KSRBJ,0,Loyal Budget Customers
5855-EIBDE,1,Loyal Premium Customers
5857-TYBCJ,1,Loyal Premium Customers
5857-XRECV,2,New Budget Customers
5858-EAFCZ,2,New Budget Customers
5859-HZYLF,2,New Budget Customers
5862-BRIXZ,1,Loyal Premium Customers
5863-OOKCL,2,New Budget Customers
5868-CZJDR,2,New Budget Customers
5868-YTYKS,2,New Budget Customers
5868-YWPDW,3,Established Standard Customers
5871-DGTXZ,2,New Budget Customers
5872-OEQNH,1,Loyal Premium Customers
5875-YPQFJ,3,Established Standard Customers
5876-HZVZM,3,Established Standard Customers
5876-QMYLD,2,New Budget Customers
5879-HMFFH,1,Loyal Premium Customers
5879-SESNB,3,Established Standard Customers
5882-CMAZQ,2,New Budget Customers
5883-GTGVD,3,Established Standard Customers
5884-FBCTL,0,Loyal Budget Customers
5884-GCYMI,3,Established Standard Customers
5886-VLQVU,3,Established Standard Customers
5887-IKKYO,1,Loyal Premium Customers
5889-JTMUL,1,Loyal Premium Customers
5889-LFOLL,3,Established Standard Customers
5893-KCLGT,0,Loyal Budget Customers
5893-PYOLZ,1,Loyal Premium Customers
5895-QSXOD,3,Established Standard Customers
5896-NPFWW,3,Established Standard Customers
5897-ZYEKH,1,Loyal Premium Customers
5898-IGSLP,3,Established Standard Customers
5899-MQZZL,3,Established Standard Customers
5899-OUVKV,1,Loyal Premium Customers
5902-WBLSE,0,Loyal Budget Customers
5906-BFOZT,2,New Budget Customers
5906-CVLHP,3,Established Standard Customers
5906-DVAPM,1,Loyal Premium Customers
5908-QMGOE,3,Established Standard Customers
5909-ECHUI,3,Established Standard Customers
5913-INRQV,3,Established Standard Customers
5914-DVBWJ,3,Established Standard Customers
5914-GXMDA,2,New Budget Customers
5914-XRFQB,1,Loyal Premium Customers
5915-ANOEI,1,Loyal Premium Customers
5915-DGNVC,1,Loyal Premium Customers
5916-QEWPT,3,Established Standard Customers
5917-HBSDW,0,Loyal Budget Customers
5917-RYRMG,2,New Budget Customers
5918-VUKWP,2,New Budget Customers
5919-TMRGD,3,Established Standard Customers
5919-VCZYM,2,New Budget Customers
5921-NGYRH,1,Loyal Premium Customers
5922-ABDVO,3,Established Standard Customers
5923-GXUOC,3,Established Standard Customers
5924-IFQTT,3,Established Standard Customers
5924-SNGKP,0,Loyal Budget Customers
5928-QLDHB,3,Established Standard Customers
5930-GBIWP,1,Loyal Premium Customers
5931-FLJJF,3,Established Standard Customers
5934-RMPOV,3,Established Standard Customers
5934-TSSAU,3,Established Standard Customers
5935-FCCNB,2,New Budget Customers
5937-EORGB,3,Established Standard Customers
5939-SXWHM,0,Loyal Budget Customers
5939-XAIXZ,3,Established Standard Customers
5940-AHUHD,3,Established Standard Customers
5940-NFXKV,3,Established Standard Customers
5944-UGLLK,1,Loyal Premium Customers
5945-AZYHT,1,Loyal Premium Customers
5947-SGKCL,3,Established Standard Customers
5948-UJZLF,3,Established Standard Customers
5949-EBSQK,3,Established Standard Customers
5949-HGVJL,3,Established Standard Customers
5949-XIKAE,3,Established Standard Customers
5950-AAAGJ,3,Established Standard Customers
5951-AOFIH,3,Established Standard Customers
5954-BDFSG,1,Loyal Premium Customers
5955-EPOAZ,2,New Budget Customers
5955-ERIHD,3,Established Standard Customers
5956-VKDTT,3,Established Standard Customers
5956-YHHRX,3,Established Standard Customers
5959-BELXA,3,Established Standard Customers
5960-MVTUK,2,New Budget Customers
5960-WPXQM,3,Established Standard Customers
5961-VUSRV,2,New Budget Customers
5965-GGPRW,1,Loyal Premium Customers
5966-EMAZU,1,Loyal Premium Customers
5968-HYJRZ,0,Loyal Budget Customers
5968-VXZLG,2,New Budget Customers
5968-XQIVE,1,Loyal Premium Customers
5970-GHJAW,0,Loyal Budget Customers
5973-EJGDP,1,Loyal Premium Customers
5975-BAICR,1,Loyal Premium Customers
5976-JCJRH,3,Established Standard Customers
5977-CKHON,1,Loyal Premium Customers
5980-BDHPY,1,Loyal Premium Customers
5980-NOPLP,1,Loyal Premium Customers
5981-ITEMU,1,Loyal Premium Customers
5981-ZVXOT,1,Loyal Premium Customers
5982-FPVQN,1,Loyal Premium Customers
5982-PSMKW,1,Loyal Premium Customers
5982-XMDEX,0,Loyal Budget Customers
5985-BEHZK,1,Loyal Premium Customers
5985-TBABQ,3,Established Standard Customers
5986-WWXDV,0,Loyal Budget Customers
5989-AXPUC,1,Loyal Premium Customers
5989-OMNJE,3,Established Standard Customers
5989-PGKJB,3,Established Standard Customers
5993-BQHEA,2,New Budget Customers
5993-JSUWV,1,Loyal Premium Customers
5995-LFTLE,0,Loyal Budget Customers
5995-OIGLP,3,Established Standard Customers
5995-SNNEW,3,Established Standard Customers
5995-WWKKG,0,Loyal Budget Customers
5996-DAOQL,2,New Budget Customers
5996-EBTKM,1,Loyal Premium Customers
5996-NRVXR,1,Loyal Premium Customers
5997-OPVFA,1,Loyal Premium Customers
5998-DZLYR,1,Loyal Premium Customers
5998-VVEJY,3,Established Standard Customers
5999-LCXAO,2,New Budget Customers
6000-APYLU,3,Established Standard Customers
6000-UKLWI,0,Loyal Budget Customers
6005-OBZPH,3,Established Standard Customers
6007-TCTST,1,Loyal Premium Customers
6008-NAIXK,1,Loyal Premium Customers
6010-DDPPW,0,Loyal Budget Customers
6013-BHCAW,1,Loyal Premium Customers
6015-VVHHE,3,Established Standard Customers
6016-LVTJQ,0,Loyal Budget Customers
6016-NXBNJ,0,Loyal Budget Customers
6017-PPLPX,3,Established Standard Customers
6022-KOUQO,2,New Budget Customers
6022-UGGSO,3,Established Standard Customers
6023-GSSXW,1,Loyal Premium Customers
6023-YEBUP,3,Established Standard Customers
6024-RUGGH,0,Loyal Budget Customers
6029-CSMJE,2,New Budget Customers
6029-WTIPC,1,Loyal Premium Customers
6030-REHUX,1,Loyal Premium Customers
6032-IGALN,2,New Budget Customers
6032-KRXXO,3,Established Standard Customers
6034-YMTOB,3,Established Standard Customers
6034-ZRYCV,1,Loyal Premium Customers
6035-BXTTY,3,Established Standard Customers
6035-RIIOM,1,Loyal Premium Customers
6036-TTFYU,2,New Budget Customers
6038-GCYEC,3,Established Standard Customers
6040-CGACY,2,New Budget Customers
6047-SUHPR,3,Established Standard Customers
6047-YHPVI,3,Established Standard Customers
6048-NJXHX,0,Loyal Budget Customers
6048-QBXKL,3,Established Standard Customers
6048-UWKAL,1,Loyal Premium Customers
6050-FFXES,1,Loyal Premium Customers
6050-IJRHS,1,Loyal Premium Customers
6051-PTVNS,0,Loyal Budget Customers
6060-DRTNL,3,Established Standard Customers
6060-QBMGV,0,Loyal Budget Customers
6061-GWWAV,1,Loyal Premium Customers
6061-PQHMK,2,New Budget Customers
6064-PUPMC,3,Established Standard Customers
6064-ZATLR,3,Established Standard Customers
6067-NGCEU,0,Loyal Budget Customers
6072-NUQCB,2,New Budget Customers
6075-QMNRR,0,Loyal Budget Customers
6075-SLNIL,1,Loyal Premium Customers
6077-BDPXA,3,Established Standard Customers
6078-VESFR,3,Established Standard Customers
6080-LNESI,0,Loyal Budget Customers
6080-TCMYC,3,Established Standard Customers
6082-GLJIX,2,New Budget Customers
6082-OQFBA,2,New Budget Customers
6086-ESGRL,2,New Budget Customers
6087-MVHJH,3,Established Standard Customers
6087-YPWHO,1,Loyal Premium Customers
6088-BXMRG,1,Loyal Premium Customers
6092-QZVPP,1,Loyal Premium Customers
6094-ZIVKX,1,Loyal Premium Customers
6096-EGVTU,0,Loyal Budget Customers
6097-EQISJ,1,Loyal Premium Customers
6100-FJZDG,2,New Budget Customers
6100-QQHEB,3,Established Standard Customers
6101-IMRMM,3,Established Standard Customers
6103-BOCOU,3,Established Standard Customers
6103-LIANB,1,Loyal Premium Customers
6103-QCKFX,0,Loyal Budget Customers
6108-OQZDQ,3,Established Standard Customers
6110-OHIHY,3,Established Standard Customers
6112-KTHFQ,2,New Budget Customers
6114-TCFID,3,Established Standard Customers
6115-ZTBFQ,1,Loyal Premium Customers
6116-RFVHN,1,Loyal Premium Customers
6119-SPUDB,0,Loyal Budget Customers
6120-RJKLU,1,Loyal Premium Customers
6121-TNHBO,1,Loyal Premium Customers
6121-VZNQB,2,New Budget Customers
6122-EFVKN,2,New Budget Customers
6122-LJADA,1,Loyal Premium Customers
6124-ACRHJ,2,New Budget Customers
6127-ISGTU,3,Established Standard Customers
6127-IYJOZ,2,New Budget Customers
6128-AQBMT,1,Loyal Premium Customers
6128-CZOMY,2,New Budget Customers
6128-DAFVY,0,Loyal Budget Customers
6131-FOYAS,3,Established Standard Customers
6131-IUNXN,2,New Budget Customers
6131-JLWZM,2,New Budget Customers
6133-OZILE,2,New Budget Customers
6134-KWTBV,0,Loyal Budget Customers
6135-OZQVA,3,Established Standard Customers
6137-MFAJN,0,Loyal Budget Customers
6137-NICCO,3,Established Standard Customers
6139-ZZRBQ,0,Loyal Budget Customers
6140-QNRQQ,3,Established Standard Customers
6141-OOXUQ,2,New Budget Customers
6142-VSJQO,2,New Budget Customers
6143-JQKEA,2,New Budget Customers
6145-NNPNO,2,New Budget Customers
6147-CBCRA,0,Loyal Budget Customers
6152-ONASV,0,Loyal Budget Customers
6156-UZDLF,3,Established Standard Customers
6158-DWPZT,2,New Budget Customers
6158-HDPXZ,2,New Budget Customers
6161-ERDGD,1,Loyal Premium Customers
6161-UUUTA,3,Established Standard Customers
6164-HAQTX,1,Loyal Premium Customers
6164-HXUGH,2,New Budget Customers
6166-ILMNY,3,Established Standard Customers
6166-YIPFO,1,Loyal Premium Customers
6168-WFVVF,3,Established Standard Customers
6168-YBYNP,1,Loyal Premium Customers
6169-PGNCD,1,Loyal Premium Customers
6169-PPETC,0,Loyal Budget Customers
6171-ZTVYB,1,Loyal Premium Customers
6172-FECYY,1,Loyal Premium Customers
6173-GOLSU,1,Loyal Premium Customers
6173-ITPWD,1,Loyal Premium Customers
6174-NRBTZ,0,Loyal Budget Customers
6175-IRFIT,3,Established Standard Customers
6176-YJWAS,1,Loyal Premium Customers
6177-PEVRA,1,Loyal Premium Customers
6178-KFNHS,3,Established Standard Customers
6179-GJPSO,1,Loyal Premium Customers
6180-YBIQI,2,New Budget Customers
6181-AXXYF,0,Loyal Budget Customers
6184-DYUOB,2,New Budget Customers
6185-TASNN,2,New Budget Customers
6188-UXBBR,0,Loyal Budget Customers
6194-HBGQN,1,Loyal Premium Customers
6195-MELTI,1,Loyal Premium Customers
6196-HBOBZ,1,Loyal Premium Customers
6198-PNNSZ,1,Loyal Premium Customers
6198-RTPMF,3,Established Standard Customers
6198-ZFIOJ,3,Established Standard Customers
6199-IPCAO,2,New Budget Customers
6199-IWKGC,1,Loyal Premium Customers
6202-DYYFX,2,New Budget Customers
6202-JVYEU,2,New Budget Customers
6203-HBZPA,1,Loyal Premium Customers
6204-IEUXJ,3,Established Standard Customers
6207-WIOLX,3,Established Standard Customers
6210-KBBPI,3,Established Standard Customers
6211-WHMYA,0,Loyal Budget Customers
6211-WWLTF,1,Loyal Premium Customers
6212-ATMLK,1,Loyal Premium Customers
6214-EDAKZ,3,Established Standard Customers
6215-NQCPY,3,Established Standard Customers
6217-KDYWC,0,Loyal Budget Customers
6217-TOWGS,3,Established Standard Customers
6218-KNUBD,3,Established Standard Customers
6221-AVQYL,3,Established Standard Customers
6223-DHJGV,0,Loyal Budget Customers
6227-FBDXH,1,Loyal Premium Customers
6227-HWPWX,3,Established Standard Customers
6229-LSCKB,3,Established Standard Customers
6229-UOLQL,1,Loyal Premium Customers
6230-BSUXY,3,Established Standard Customers
6231-WFGFH,2,New Budget Customers
6233-HXJMX,1,Loyal Premium Customers
6234-PFPXL,3,Established Standard Customers
6234-RAAPL,1,Loyal Premium Customers
6235-VDHOM,2,New Budget Customers
6240-EURKS,2,New Budget Customers
6242-FEGFD,1,Loyal Premium Customers
6242-MBHPK,3,Established Standard Customers
6242-SGYTS,1,Loyal Premium Customers
6243-OZGFH,3,Established Standard Customers
6244-BESBM,1,Loyal Premium Customers
6248-BSHKG,0,Loyal Budget Customers
6248-TKCQV,1,Loyal Premium Customers
6250-CGGUN,1,Loyal Premium Customers
6252-DFGTK,3,Established Standard Customers
6253-GNHWH,1,Loyal Premium Customers
6253-WRFHY,3,Established Standard Customers
6257-DTAYD,1,Loyal Premium Customers
6257-RJOHI,3,Established Standard Customers
6258-NGCNG,2,New Budget Customers
6258-PVZWJ,1,Loyal Premium Customers
6259-WJQLC,3,Established Standard Customers
6260-ONULR,3,Established Standard Customers
6260-XLACS,2,New Budget Customers
6261-LHRTG,3,Established Standard Customers
6261-RCVNS,1,Loyal Premium Customers
6265-FRMTQ,2,New Budget Customers
6265-SXWBU,1,Loyal Premium Customers
6266-QHOJZ,1,Loyal Premium Customers
6267-DCFFZ,3,Established Standard Customers
6270-OMFIW,1,Loyal Premium Customers
6275-YDUVO,2,New Budget Customers
6278-FEPBZ,2,New Budget Customers
6281-FKEWS,1,Loyal Premium Customers
6283-GITPX,1,Loyal Premium Customers
6284-AHOOQ,3,Established Standard Customers
6284-KMNUF,1,Loyal Premium Customers
6285-FTQBF,0,Loyal Budget Customers
6286-SUUWT,2,New Budget Customers
6286-ZHAOK,2,New Budget Customers
6288-CHQJB,1,Loyal Premium Customers
6288-LBEAR,3,Established Standard Customers
6289-CPNLD,1,Loyal Premium Customers
6292-TOSSS,0,Loyal Budget Customers
6295-OSINB,1,Loyal Premium Customers
6296-DDOOR,3,Established Standard Customers
6297-NOOPG,1,Loyal Premium Customers
6298-QDFNH,3,Established Standard Customers
6300-BWMJX,1,Loyal Premium Customers
6302-JGYRJ,1,Loyal Premium Customers
6303-KFWSL,3,Established Standard Customers
6304-IJFSQ,3,Established Standard Customers
6305-YLBMM,1,Loyal Premium Customers
6308-CQRBU,1,Loyal Premium Customers
6311-UEUME,3,Established Standard Customers
6313-GIDIT,1,Loyal Premium Customers
6317-YPKDH,2,New Budget Customers
6319-IEJWJ,3,Established Standard Customers
6319-QSUSR,2,New Budget Customers
6322-HRPFA,1,Loyal Premium Customers
6322-PJJDJ,1,Loyal Premium Customers
6323-AYBRX,0,Loyal Budget Customers
6326-MTTXK,3,Established Standard Customers
6328-ZPBGN,3,Established Standard Customers
6330-JKLPC,3,Established Standard Customers
6331-EWIEB,3,Established Standard Customers
6331-LWDTQ,3,Established Standard Customers
6332-FBZRI,1,Loyal Premium Customers
6333-YDVLT,1,Loyal Premium Customers
6338-AVWCY,2,New Budget Customers
6339-DKLMK,2,New Budget Customers
6339-RZCBJ,1,Loyal Premium Customers
6339-TBELP,1,Loyal Premium Customers
6339-YPSAH,3,Established Standard Customers
6340-DACFT,0,Loyal Budget Customers
6341-AEVKX,1,Loyal Premium Customers
6341-JVQGF,1,Loyal Premium Customers
6344-SFJVH,2,New Budget Customers
6345-FZOQH,0,Loyal Budget Customers
6345-HOVES,0,Loyal Budget Customers
6345-ULYRW,1,Loyal Premium Customers
6347-DCUIK,3,Established Standard Customers
6348-SNFUS,1,Loyal Premium Customers
6349-JDHQP,0,Loyal Budget Customers
6350-XFYGW,3,Established Standard Customers
6351-SCJKT,3,Established Standard Customers
6352-GIGGQ,1,Loyal Premium Customers
6352-TWCAU,3,Established Standard Customers
6353-BRMMA,1,Loyal Premium Customers
6356-ELRKD,3,Established Standard Customers
6357-JJPQT,3,Established Standard Customers
6358-LYNGM,3,Established Standard Customers
6360-SVNWV,3,Established Standard Customers
6362-QHAFM,1,Loyal Premium Customers
6365-HITVU,1,Loyal Premium Customers
6365-MTGZX,3,Established Standard Customers
6366-XIVKZ,3,Established Standard Customers
6366-ZGQGL,2,New Budget Customers
6368-NWMCE,1,Loyal Premium Customers
6368-TZZDT,2,New Budget Customers
6369-MCAKO,1,Loyal Premium Customers
6370-ZVHDV,0,Loyal Budget Customers
6371-NZYEG,3,Established Standard Customers
6372-RFVNS,3,Established Standard Customers
6374-AFWOX,1,Loyal Premium Customers
6374-NTQLP,1,Loyal Premium Customers
6376-GAHQE,3,Established Standard Customers
6377-KSLXC,2,New Budget Customers
6377-WHAOX,1,Loyal Premium Customers
6379-RXJRQ,3,Established Standard Customers
6380-ARCEH,2,New Budget Customers
6383-ZTSIW,1,Loyal Premium Customers
6384-VMJHP,1,Loyal Premium Customers
6386-SZZKH,1,Loyal Premium Customers
6388-TABGU,1,Loyal Premium Customers
6390-DSAZX,3,Established Standard Customers
6393-WRYZE,1,Loyal Premium Customers
6394-HHHZM,2,New Budget Customers
6394-MFYNG,1,Loyal Premium Customers
6397-JNZZG,1,Loyal Premium Customers
6400-BWQKW,3,Established Standard Customers
6402-EJMWF,3,Established Standard Customers
6402-SSEJG,3,Established Standard Customers
6402-ZFPPI,3,Established Standard Customers
6407-GSJNL,0,Loyal Budget Customers
6407-UTSLV,3,Established Standard Customers
6408-OTUBZ,1,Loyal Premium Customers
6408-WHTEF,1,Loyal Premium Customers
6410-LEFEN,2,New Budget Customers
6413-XKKPU,3,Established Standard Customers
6416-JNVRK,3,Established Standard Customers
6416-TVAIH,3,Established Standard Customers
6416-YJTTB,3,Established Standard Customers
6418-HNFED,1,Loyal Premium Customers
6418-PIQSP,1,Loyal Premium Customers
6419-ZTTLE,2,New Budget Customers
6421-SZVEM,3,Established Standard Customers
6424-ELEYH,3,Established Standard Customers
6425-JWTDV,0,Loyal Budget Customers
6425-YQLLO,1,Loyal Premium Customers
6427-FEFIG,3,Established Standard Customers
6429-SHBCB,3,Established Standard Customers
6432-TWQLB,3,Established Standard Customers
6434-TTGJP,3,Established Standard Customers
6435-SRWBJ,3,Established Standard Customers
6435-VWCCY,1,Loyal Premium Customers
6437-UDQJM,1,Loyal Premium Customers
6437-UKHMV,3,Established Standard Customers
6439-GTPCA,1,Loyal Premium Customers
6439-LAJXL,3,Established Standard Customers
6439-PKTRR,1,Loyal Premium Customers
6440-DKQGE,3,Established Standard Customers
6445-TNRXS,1,Loyal Premium Customers
6447-EGDIV,2,New Budget Customers
6447-GORXK,2,New Budget Customers
6457-GIRWB,3,Established Standard Customers
6457-USBER,3,Established Standard Customers
6458-CYIDZ,3,Established Standard Customers
6461-PPAXN,3,Established Standard Customers
6461-SZMCV,1,Loyal Premium Customers
6463-HHXJR,1,Loyal Premium Customers
6463-MVYRY,1,Loyal Premium Customers
6464-KEXXH,2,New Budget Customers
6465-GSRCL,1,Loyal Premium Customers
6467-CHFZW,1,Loyal Premium Customers
6469-MRVET,2,New Budget Customers
6469-QJKZW,2,New Budget Customers
6473-ULUHT,3,Established Standard Customers
6474-FVJLC,3,Established Standard Customers
6475-VHUIZ,3,Established Standard Customers
6476-EPYZR,2,New Budget Customers
6476-YHMGA,3,Established Standard Customers
6478-HRRCZ,1,Loyal Premium Customers
6479-OAUSD,2,New Budget Customers
6479-SZPLM,0,Loyal Budget Customers
6479-VDGRK,1,Loyal Premium Customers
6480-YAGIY,1,Loyal Premium Customers
6481-ESCNL,1,Loyal Premium Customers
6481-LXPWL,0,Loyal Budget Customers
6481-OGDOO,1,Loyal Premium Customers
6483-OATDN,3,Established Standard Customers
6484-LATFU,0,Loyal Budget Customers
6485-QXWWE,0,Loyal Budget Customers
6486-LHTMA,3,Established Standard Customers
6490-FGZAT,2,New Budget Customers
6496-JDSSB,3,Established Standard Customers
6496-SLWHQ,3,Established Standard Customers
6497-TILVL,3,Established Standard Customers
6500-JVEGC,1,Loyal Premium Customers
6502-HCJTI,3,Established Standard Customers
6502-KUGLL,3,Established Standard Customers
6502-MJQAE,3,Established Standard Customers
6504-VBLFL,1,Loyal Premium Customers
6505-OZNPG,3,Established Standard Customers
6506-EYCNH,2,New Budget Customers
6507-DTJZV,3,Established Standard Customers
6507-ZJSUR,3,Established Standard Customers
6508-NJYRO,2,New Budget Customers
6509-TSGWN,0,Loyal Budget Customers
6510-UPNKS,2,New Budget Customers
6513-EECDB,3,Established Standard Customers
6516-NKQBO,1,Loyal Premium Customers
6518-KZXCB,2,New Budget Customers
6518-LGAOV,1,Loyal Premium Customers
6518-PPLMZ,0,Loyal Budget Customers
6519-CFDBX,2,New Budget Customers
6519-ZHPXP,1,Loyal Premium Customers
6521-YYTYI,3,Established Standard Customers
6522-OIQSX,1,Loyal Premium Customers
6522-YRBXD,1,Loyal Premium Customers
6527-PZFPV,2,New Budget Customers
6532-YLWSI,0,Loyal Budget Customers
6537-OTKMY,3,Established Standard Customers
6537-QLGEX,2,New Budget Customers
6538-POCHL,3,Established Standard Customers
6542-LWGXJ,2,New Budget Customers
6543-CPZMK,2,New Budget Customers
6543-JXSOO,3,Established Standard Customers
6543-XRMYR,3,Established Standard Customers
6546-OPBBH,0,Loyal Budget Customers
6549-BTYPG,1,Loyal Premium Customers
6549-NNDYT,2,New Budget Customers
6549-YMFAW,2,New Budget Customers
6551-GNYDG,3,Established Standard Customers
6551-VLJMV,0,Loyal Budget Customers
6551-ZCOTS,0,Loyal Budget Customers
6556-DBKZF,1,Loyal Premium Customers
6557-BZXLQ,3,Established Standard Customers
6559-ILWKJ,0,Loyal Budget Customers
6559-PDZLR,1,Loyal Premium Customers
6559-RAKOZ,1,Loyal Premium Customers
6563-VNPMN,1,Loyal Premium Customers
6563-VRERX,0,Loyal Budget Customers
6567-HOOPW,2,New Budget Customers
6568-POCUI,1,Loyal Premium Customers
6569-KTMDU,2,New Budget Customers
6572-ADKRS,3,Established Standard Customers
6574-MCOEH,1,Loyal Premium Customers
6575-SUVOI,3,Established Standard Customers
6576-FBXOJ,3,Established Standard Customers
6578-KRMAW,1,Loyal Premium Customers
6579-JPICP,2,New Budget Customers
6581-NQCBA,3,Established Standard Customers
6582-OIVSP,2,New Budget Customers
6582-PLFUU,0,Loyal Budget Customers
6583-KQJLK,3,Established Standard Customers
6583-QGCSI,1,Loyal Premium Customers
6583-SZVGP,1,Loyal Premium Customers
6584-VQMYT,3,Established Standard Customers
6585-WCEWR,0,Loyal Budget Customers
6586-MYGKD,1,Loyal Premium Customers
6586-PSJOX,3,Established Standard Customers
6591-QGOYB,3,Established Standard Customers
6595-COKXZ,2,New Budget Customers
6595-YGXIT,3,Established Standard Customers
6598-KELSS,0,Loyal Budget Customers
6598-RFFVI,2,New Budget Customers
6599-CEBNN,3,Established Standard Customers
6599-GZWCM,3,Established Standard Customers
6599-RCLCJ,1,Loyal Premium Customers
6599-SFQVE,3,Established Standard Customers
6603-QWSPR,1,Loyal Premium Customers
6603-YRDCJ,3,Established Standard Customers
6608-QQLVK,3,Established Standard Customers
6609-MXJHJ,2,New Budget Customers
6614-FHDBO,1,Loyal Premium Customers
6614-VBEGU,3,Established Standard Customers
6614-YOLAC,1,Loyal Premium Customers
6614-YWYSC,0,Loyal Budget Customers
6615-NGGZJ,3,Established Standard Customers
6615-ZGEDR,2,New Budget Customers
6616-AALSR,1,Loyal Premium Customers
6617-WLBQC,3,Established Standard Customers
6618-RYATB,3,Established Standard Customers
6619-RPLQZ,0,Loyal Budget Customers
6620-HVDUJ,3,Established Standard Customers
6620-JDYNW,3,Established Standard Customers
6621-NRZAK,0,Loyal Budget Customers
6621-YOBKI,2,New Budget Customers
6624-JDRDS,2,New Budget Customers
6625-FLENO,0,Loyal Budget Customers
6625-IUTTT,1,Loyal Premium Customers
6625-UTXEW,3,Established Standard Customers
6627-CFOSN,1,Loyal Premium Customers
6629-CZTTH,3,Established Standard Customers
6629-LADHQ,3,Established Standard Customers
6630-UJZMY,3,Established Standard Customers
6631-HMANX,1,Loyal Premium Customers
6633-MPWBS,3,Established Standard Customers
6633-SYEUS,3,Established Standard Customers
6635-CPNUN,3,Established Standard Customers
6635-MYYYZ,1,Loyal Premium Customers
6637-KYRCV,2,New Budget Customers
6641-XRPSU,3,Established Standard Customers
6645-MXQJT,3,Established Standard Customers
6646-JPPHA,3,Established Standard Customers
6646-QVXLR,1,Loyal Premium Customers
6646-VRFOL,1,Loyal Premium Customers
6647-ZEDXT,1,Loyal Premium Customers
6648-INWPS,2,New Budget Customers
6650-BWFRT,1,Loyal Premium Customers
6650-VJONK,2,New Budget Customers
6651-AZVTJ,1,Loyal Premium Customers
6651-RLGGM,0,Loyal Budget Customers
6652-YFFJO,3,Established Standard Customers
6653-CBBOM,3,Established Standard Customers
6654-QGBZZ,2,New Budget Customers
6655-LHBYW,1,Loyal Premium Customers
6656-GULJQ,1,Loyal Premium Customers
6656-JWRQX,2,New Budget Customers
6661-EIPZC,0,Loyal Budget Customers
6661-HBGWL,1,Loyal Premium Customers
6663-JOCQO,1,Loyal Premium Customers
6664-FPDAC,1,Loyal Premium Customers
6668-CNMFP,3,Established Standard Customers
6670-MFRPK,1,Loyal Premium Customers
6671-NGWON,2,New Budget Customers
6674-KVJHG,2,New Budget Customers
6680-NENYN,1,Loyal Premium Customers
6680-WKXRZ,3,Established Standard Customers
6681-ZSEXG,1,Loyal Premium Customers
6682-QJDGB,3,Established Standard Customers
6682-VCIXC,3,Established Standard Customers
6683-VLCTZ,3,Established Standard Customers
6685-GBWJZ,1,Loyal Premium Customers
6685-XSHHU,0,Loyal Budget Customers
6686-YPGHK,1,Loyal Premium Customers
6688-UZPWD,3,Established Standard Customers
6689-KXGBO,3,Established Standard Customers
6689-TCZHQ,3,Established Standard Customers
6689-VRRTK,1,Loyal Premium Customers
6691-CCIHA,1,Loyal Premium Customers
6692-UDPJC,3,Established Standard Customers
6692-YQHXC,3,Established Standard Customers
6693-DJWTY,0,Loyal Budget Customers
6693-FRIRW,3,Established Standard Customers
6695-AMZUF,1,Loyal Premium Customers
6695-FRVEC,1,Loyal Premium Customers
6696-YDAYZ,2,New Budget Customers
6698-OXETB,2,New Budget Customers
6701-DHKWQ,1,Loyal Premium Customers
6701-YVNQG,1,Loyal Premium Customers
6702-OHFWR,3,Established Standard Customers
6704-UTUKK,3,Established Standard Customers
6705-LNMDD,3,Established Standard Customers
6705-LXORM,3,Established Standard Customers
6710-HSJRD,1,Loyal Premium Customers
6711-FLDFB,3,Established Standard Customers
6711-VTNRE,1,Loyal Premium Customers
6712-OAWRH,3,Established Standard Customers
6713-OKOMC,2,New Budget Customers
6715-OFDBP,3,Established Standard Customers
6718-BDGHG,3,Established Standard Customers
6719-FGEDO,1,Loyal Premium Customers
6719-OXYBR,3,Established Standard Customers
6723-CEGQI,0,Loyal Budget Customers
6723-WSNTY,1,Loyal Premium Customers
6725-TPKJO,0,Loyal Budget Customers
6726-NNFWD,1,Loyal Premium Customers
6726-WEXXK,3,Established Standard Customers
6727-IOTLZ,3,Established Standard Customers
6728-CZFEI,3,Established Standard Customers
6728-DKUCO,1,Loyal Premium Customers
6728-VOIFY,1,Loyal Premium Customers
6728-WYQBC,2,New Budget Customers
6729-FZWSY,0,Loyal Budget Customers
6729-GDNGC,3,Established Standard Customers
6732-FZUGP,1,Loyal Premium Customers
6732-VAILE,1,Loyal Premium Customers
6733-LRIZX,1,Loyal Premium Customers
6734-CKRSM,2,New Budget Customers
6734-FQAJX,1,Loyal Premium Customers
6734-GMPVK,3,Established Standard Customers
6734-JDTTV,0,Loyal Budget Customers
6734-PSBAW,0,Loyal Budget Customers
6736-DHUQI,1,Loyal Premium Customers
6738-ISCBM,1,Loyal Premium Customers
6741-EGCBI,3,Established Standard Customers
6741-QRLUP,1,Loyal Premium Customers
6743-HHQPF,0,Loyal Budget Customers
6745-JEFZB,3,Established Standard Customers
6746-WAUWT,2,New Budget Customers
6749-UTDVX,1,Loyal Premium Customers
6752-APNJL,3,Established Standard Customers
6754-LZUKA,1,Loyal Premium Customers
6754-WKSHP,2,New Budget Customers
6762-NSODU,0,Loyal Budget Customers
6762-QVYJO,1,Loyal Premium Customers
6765-MBQNU,2,New Budget Customers
6766-HFKLA,1,Loyal Premium Customers
6769-DCQLI,1,Loyal Premium Customers
6769-DYBQN,1,Loyal Premium Customers
6770-UAYGJ,0,Loyal Budget Customers
6770-XUAGN,2,New Budget Customers
6771-XWBDM,1,Loyal Premium Customers
6772-KSATR,3,Established Standard Customers
6772-WFQRD,0,Loyal Budget Customers
6773-LQTVT,2,New Budget Customers
6776-TLWOI,2,New Budget Customers
6777-TGHTM,1,Loyal Premium Customers
6778-EICRF,3,Established Standard Customers
6778-JFCMK,3,Established Standard Customers
6778-YSNIH,3,Established Standard Customers
6784-XYJAE,0,Loyal Budget Customers
6786-OBWQR,3,Established Standard Customers
6789-HJBWG,2,New Budget Customers
6791-YBNAK,2,New Budget Customers
6794-HKIAJ,1,Loyal Premium Customers
6797-LNAQX,1,Loyal Premium Customers
6797-UCJHZ,1,Loyal Premium Customers
6804-GDMOI,1,Loyal Premium Customers
6806-YDEUL,2,New Budget Customers
6807-SIWJI,1,Loyal Premium Customers
6810-VCAEX,0,Loyal Budget Customers
6813-GZQCG,0,Loyal Budget Customers
6814-ZPWFQ,0,Loyal Budget Customers
6815-ABQFQ,1,Loyal Premium Customers
6817-WTYHE,2,New Budget Customers
6818-DJXAA,3,Established Standard Customers
6818-WOBHJ,1,Loyal Premium Customers
6821-BUXUX,3,Established Standard Customers
6821-JPCDC,1,Loyal Premium Customers
6823-SIDFQ,2,New Budget Customers
6825-UYPFK,3,Established Standard Customers
6827-IEAUQ,3,Established Standard Customers
6828-HMKWP,2,New Budget Customers
6833-JMZYP,3,Established Standard Customers
6834-NXDCA,2,New Budget Customers
6837-BJYDQ,2,New Budget Customers
6837-HAEVO,1,Loyal Premium Customers
6838-HVLXG,2,New Budget Customers
6838-YAUVY,1,Loyal Premium Customers
6839-ITVZJ,3,Established Standard Customers
6840-RESVB,1,Loyal Premium Customers
6844-DZKRF,2,New Budget Customers
6845-RGTYS,1,Loyal Premium Customers
6847-KJLTS,1,Loyal Premium Customers
6848-HJTXY,0,Loyal Budget Customers
6848-YLDFR,1,Loyal Premium Customers
6849-OYAMU,3,Established Standard Customers
6849-WLEYG,2,New Budget Customers
6851-WEFYX,1,Loyal Premium Customers
6854-EXGSF,3,Established Standard Customers
6855-VLGOS,0,Loyal Budget Customers
6856-RAURS,3,Established Standard Customers
6857-TKDJV,0,Loyal Budget Customers
6857-VWJDT,3,Established Standard Customers
6859-QNXIQ,1,Loyal Premium Customers
6859-RKMZJ,2,New Budget Customers
6860-YRJZP,3,Established Standard Customers
6861-OKBCE,2,New Budget Customers
6861-XWTWQ,3,Established Standard Customers
6862-CQUMB,1,Loyal Premium Customers
6865-JZNKO,3,Established Standard Customers
6867-ACCZI,3,Established Standard Customers
6869-FGJJC,1,Loyal Premium Customers
6870-ECSHE,2,New Budget Customers
6870-ZWMNX,1,Loyal Premium Customers
6872-HXFNF,1,Loyal Premium Customers
6873-UDNLD,1,Loyal Premium Customers
6874-SGLHU,1,Loyal Premium Customers
6876-ADESB,3,Established Standard Customers
6877-LGWXO,3,Established Standard Customers
6877-TJMBR,3,Established Standard Customers
6878-GGDWG,2,New Budget Customers
6885-PKOAM,1,Loyal Premium Customers
6888-SBYAI,3,Established Standard Customers
6890-PFRQX,3,Established Standard Customers
6891-JPYFF,1,Loyal Premium Customers
6892-BOGQE,0,Loyal Budget Customers
6892-EZDTG,3,Established Standard Customers
6892-XPFPU,1,Loyal Premium Customers
6893-ODYYE,1,Loyal Premium Customers
6894-LFHLY,3,Established Standard Customers
6896-SRVYQ,3,Established Standard Customers
6897-RWMUB,0,Loyal Budget Customers
6897-UUBNU,3,Established Standard Customers
6898-MDLZW,3,Established Standard Customers
6898-RBTLU,0,Loyal Budget Customers
6899-PPEEA,3,Established Standard Customers
6900-PXRMS,3,Established Standard Customers
6900-RBKER,1,Loyal Premium Customers
6901-GOGZG,1,Loyal Premium Customers
6904-JLBGY,1,Loyal Premium Customers
6905-NIQIN,3,Established Standard Customers
6906-ANDWJ,3,Established Standard Customers
6906-MPARY,1,Loyal Premium Customers
6907-CQGPN,2,New Budget Customers
6907-FLBER,2,New Budget Customers
6907-NZZIJ,1,Loyal Premium Customers
6908-VVYHM,1,Loyal Premium Customers
6910-HADCM,3,Established Standard Customers
6916-HIJSE,1,Loyal Premium Customers
6917-FIJHC,0,Loyal Budget Customers
6917-IAYHD,2,New Budget Customers
6917-YACBP,1,Loyal Premium Customers
6918-UMQCG,3,Established Standard Customers
6919-ELBGL,1,Loyal Premium Customers
6921-OZMFH,3,Established Standard Customers
6922-NCEDI,0,Loyal Budget Customers
6923-AQONU,2,New Budget Customers
6923-EFPNL,2,New Budget Customers
6923-JHPMP,3,Established Standard Customers
6924-TDGMT,2,New Budget Customers
6925-BAYGL,0,Loyal Budget Customers
6927-WTFIV,3,Established Standard Customers
6928-ONTRW,0,Loyal Budget Customers
6933-FHBZC,3,Established Standard Customers
6933-VLYFX,3,Established Standard Customers
6937-GCDGQ,3,Established Standard Customers
6941-KXRRV,1,Loyal Premium Customers
6941-PMGEP,3,Established Standard Customers
6942-LBFDP,2,New Budget Customers
6946-LMSQS,3,Established Standard Customers
6950-TWMYB,1,Loyal Premium Customers
6952-OMNWB,1,Loyal Premium Customers
6953-PBDIN,1,Loyal Premium Customers
6954-OOYZZ,2,New Budget Customers
6956-SMUCM,3,Established Standard Customers
6959-GQEGV,1,Loyal Premium Customers
6959-UWKHF,2,New Budget Customers
6960-HVYXR,3,Established Standard Customers
6961-MJKBO,0,Loyal Budget Customers
6961-VCPMC,3,Established Standard Customers
6963-EZQEE,1,Loyal Premium Customers
6963-KQYQB,0,Loyal Budget Customers
6967-PEJLL,0,Loyal Budget Customers
6967-QIQRV,3,Established Standard Customers
6968-GMKPR,1,Loyal Premium Customers
6968-MHOMU,0,Loyal Budget Customers
6968-URWQU,0,Loyal Budget Customers
6969-MVBAI,3,Established Standard Customers
6972-SNKKW,2,New Budget Customers
6974-DAFLI,0,Loyal Budget Customers
6976-BWGLQ,0,Loyal Budget Customers
6979-TNDEU,2,New Budget Customers
6979-ZNSFF,3,Established Standard Customers
6980-CDGFC,0,Loyal Budget Customers
6980-IMXXE,0,Loyal Budget Customers
6981-TDRFT,1,Loyal Premium Customers
6982-SSHFK,2,New Budget Customers
6982-UQZLY,2,New Budget Customers
6985-HAYWX,3,Established Standard Customers
6986-IJDHX,3,Established Standard Customers
6986-IXNDM,3,Established Standard Customers
6987-XQSJT,1,Loyal Premium Customers
6988-CJEYV,1,Loyal Premium Customers
6990-YNRIO,1,Loyal Premium Customers
6992-TKNYO,1,Loyal Premium Customers
6993-OHLXR,3,Established Standard Customers
6993-YCOBK,1,Loyal Premium Customers
6993-YGFJV,1,Loyal Premium Customers
6994-FGRHH,1,Loyal Premium Customers
6994-KERXL,3,Established Standard Customers
6994-ORCWG,3,Established Standard Customers
6996-KNSML,3,Established Standard Customers
6997-UVGOX,1,Loyal Premium Customers
6999-CHVCF,1,Loyal Premium Customers
7000-WCEVQ,3,Established Standard Customers
7005-CCBKV,3,Established Standard Customers
7005-CYUIL,1,Loyal Premium Customers
7008-LZVOZ,0,Loyal Budget Customers
7009-LGECI,3,Established Standard Customers
7009-PCARS,0,Loyal Budget Customers
7010-BRBUU,0,Loyal Budget Customers
7010-ZMVBF,2,New Budget Customers
7011-CVEUC,3,Established Standard Customers
7013-PSXHK,1,Loyal Premium Customers
7014-ZZXAW,0,Loyal Budget Customers
7016-BPGEU,2,New Budget Customers
7016-NVRIC,3,Established Standard Customers
7017-VFHAY,1,Loyal Premium Customers
7017-VFULY,2,New Budget Customers
7018-FPXHH,1,Loyal Premium Customers
7018-WBJNK,3,Established Standard Customers
7020-OZKXZ,3,Established Standard Customers
7021-XSNYE,3,Established Standard Customers
7024-OHCCK,3,Established Standard Customers
7025-IWFHT,1,Loyal Premium Customers
7025-WCBNE,1,Loyal Premium Customers
7026-YMSBE,2,New Budget Customers
7028-DVOIQ,3,Established Standard Customers
7029-IJEJK,1,Loyal Premium Customers
7029-RPUAV,3,Established Standard Customers
7030-FZTFM,1,Loyal Premium Customers
7030-NJVDP,3,Established Standard Customers
7032-LMBHI,3,Established Standard Customers
7033-CLAMM,0,Loyal Budget Customers
7036-TYDEC,1,Loyal Premium Customers
7036-ZZKBD,3,Established Standard Customers
7037-MTYVW,1,Loyal Premium Customers
7041-TXQJH,0,Loyal Budget Customers
7044-YAACC,3,Established Standard Customers
7047-FWEYA,1,Loyal Premium Customers
7047-YXDMZ,2,New Budget Customers
7048-GXDAY,1,Loyal Premium Customers
7049-GKVZY,2,New Budget Customers
7054-DMVAS,1,Loyal Premium Customers
7054-ENNGU,3,Established Standard Customers
7054-LGEQW,2,New Budget Customers
7055-HNEOJ,3,Established Standard Customers
7055-JCGNI,1,Loyal Premium Customers
7055-VKGDA,1,Loyal Premium Customers
7056-IMHCC,1,Loyal Premium Customers
7061-OVMIM,2,New Budget Customers
7064-FRRSW,1,Loyal Premium Customers
7064-JHXCE,0,Loyal Budget Customers
7065-YUNRY,2,New Budget Customers
7067-KSAZT,1,Loyal Premium Customers
7072-MBHEV,3,Established Standard Customers
7073-QETQY,0,Loyal Budget Customers
7074-IEVOJ,3,Established Standard Customers
7074-STDCN,0,Loyal Budget Customers
7075-BNDVQ,2,New Budget Customers
7077-XJMET,3,Established Standard Customers
7078-NVFAM,0,Loyal Budget Customers
7079-QRCBC,3,Established Standard Customers
7080-TNUWP,1,Loyal Premium Customers
7083-MIOPC,0,Loyal Budget Customers
7083-YNSKY,2,New Budget Customers
7088-FBAWU,3,Established Standard Customers
7089-IVVAZ,3,Established Standard Customers
7089-RKVSZ,2,New Budget Customers
7089-XXAYG,2,New Budget Customers
7094-MSZAO,2,New Budget Customers
7096-UCLNH,2,New Budget Customers
7096-ZNBZI,0,Loyal Budget Customers
7100-FQPRV,1,Loyal Premium Customers
7101-HRBLJ,1,Loyal Premium Customers
7102-JJVTX,3,Established Standard Customers
7103-IPXPJ,1,Loyal Premium Customers
7103-ZGVNT,0,Loyal Budget Customers
7105-BENQF,3,Established Standard Customers
7105-MXJLL,3,Established Standard Customers
7107-UBYKY,0,Loyal Budget Customers
7108-DGVUU,3,Established Standard Customers
7109-CQYUZ,1,Loyal Premium Customers
7109-MFBYV,2,New Budget Customers
7110-BDTWG,1,Loyal Premium Customers
7112-OPOTK,3,Established Standard Customers
7113-HIPFI,1,Loyal Premium Customers
7114-AEOZE,0,Loyal Budget Customers
7115-IRDHS,0,Loyal Budget Customers
7120-RFMVS,3,Established Standard Customers
7123-WQUHX,1,Loyal Premium Customers
7124-UGSUR,1,Loyal Premium Customers
7126-RBHSD,3,Established Standard Customers
7128-GGCNO,3,Established Standard Customers
7129-ACFOG,2,New Budget Customers
7129-AZJDE,3,Established Standard Customers
7129-CAKJW,3,Established Standard Customers
7130-CTCUS,3,Established Standard Customers
7130-VTEWQ,3,Established Standard Customers
7130-YXBRO,1,Loyal Premium Customers
7131-ZQZNK,1,Loyal Premium Customers
7133-VBDCG,3,Established Standard Customers
7134-HBPBS,1,Loyal Premium Customers
7134-MJPDY,1,Loyal Premium Customers
7136-IHZJA,1,Loyal Premium Customers
7136-RVDTZ,0,Loyal Budget Customers
7137-NAXML,2,New Budget Customers
7137-RYLPP,3,Established Standard Customers
7138-GIRSH,1,Loyal Premium Customers
7139-JZFVG,1,Loyal Premium Customers
7140-ADSMJ,2,New Budget Customers
7142-HVGBG,1,Loyal Premium Customers
7143-BQIBA,3,Established Standard Customers
7145-FEJWU,3,Established Standard Customers
7147-AYBAA,3,Established Standard Customers
7148-XZPHA,1,Loyal Premium Customers
7153-CHRBV,1,Loyal Premium Customers
7153-OANIO,3,Established Standard Customers
7156-MHUGY,3,Established Standard Customers
7156-MXBJE,1,Loyal Premium Customers
7157-SMCFK,0,Loyal Budget Customers
7159-FVYPK,3,Established Standard Customers
7159-NOKYQ,1,Loyal Premium Customers
7161-DFHUF,0,Loyal Budget Customers
7162-WPHPM,1,Loyal Premium Customers
7163-OCEQI,2,New Budget Customers
7164-BPTUT,1,Loyal Premium Customers
7167-PCEYD,0,Loyal Budget Customers
7168-HDQHG,0,Loyal Budget Customers
7169-YWAMK,1,Loyal Premium Customers
7173-TETGO,1,Loyal Premium Customers
7175-NTIXE,3,Established Standard Customers
7176-WIONM,3,Established Standard Customers
7176-WRTNX,1,Loyal Premium Customers
7180-PISOG,3,Established Standard Customers
7181-BQYBV,3,Established Standard Customers
7181-OQCUT,3,Established Standard Customers
7182-OVLBJ,1,Loyal Premium Customers
7184-LRUUR,3,Established Standard Customers
7188-CBBBA,1,Loyal Premium Customers
7190-XHTWJ,0,Loyal Budget Customers
7191-ADRGF,1,Loyal Premium Customers
7196-LIWRH,2,New Budget Customers
7197-VOJMM,1,Loyal Premium Customers
7198-GLXTC,3,Established Standard Customers
7203-OYKCT,1,Loyal Premium Customers
7205-BAIAD,0,Loyal Budget Customers
7206-GZCDC,3,Established Standard Customers
7206-PQBBZ,3,Established Standard Customers
7207-RMRDB,1,Loyal Premium Customers
7208-PSIHR,1,Loyal Premium Customers
7209-JCUDS,3,Established Standard Customers
7216-EWTRS,3,Established Standard Customers
7216-KAOID,0,Loyal Budget Customers
7217-JYHOQ,3,Established Standard Customers
7218-HKQFK,3,Established Standard Customers
7219-TLZHO,2,New Budget Customers
7225-CBZPL,3,Established Standard Customers
7225-IILWY,0,Loyal Budget Customers
7228-OMTPN,3,Established Standard Customers
7228-PAQPD,3,Established Standard Customers
7233-DRTRF,1,Loyal Premium Customers
7233-IOQNP,0,Loyal Budget Customers
7233-PAHHL,1,Loyal Premium Customers
7234-FECYN,3,Established Standard Customers
7234-KMNRQ,2,New Budget Customers
7235-NXZCP,3,Established Standard Customers
7239-HZZCX,2,New Budget Customers
7240-ETPTR,3,Established Standard Customers
7240-FQLHE,3,Established Standard Customers
7241-AJHFS,3,Established Standard Customers
7242-EDTYC,0,Loyal Budget Customers
7242-QZLXF,2,New Budget Customers
7243-LCGGZ,2,New Budget Customers
7244-KXYZN,2,New Budget Customers
7244-QWYHG,0,Loyal Budget Customers
7245-JMTTQ,1,Loyal Premium Customers
7245-NIIWQ,3,Established Standard Customers
7246-ZGQDF,3,Established Standard Customers
7247-XOZPB,1,Loyal Premium Customers
7248-VZQLC,1,Loyal Premium Customers
7249-WBIYX,3,Established Standard Customers
7250-EQKIY,3,Established Standard Customers
7251-LJBQN,1,Loyal Premium Customers
7251-XFOIL,1,Loyal Premium Customers
7252-NTGSS,2,New Budget Customers
7253-UVNDW,3,Established Standard Customers
7254-IQWOZ,3,Established Standard Customers
7255-SSFBC,1,Loyal Premium Customers
7266-GSSJX,2,New Budget Customers
7267-FRMJW,2,New Budget Customers
7268-IGMFD,3,Established Standard Customers
7268-WNTCP,0,Loyal Budget Customers
7269-JISCY,0,Loyal Budget Customers
7270-BDIOA,2,New Budget Customers
7271-AJDTL,1,Loyal Premium Customers
7272-QDCKA,3,Established Standard Customers
7273-TEFQD,3,Established Standard Customers
7274-CGTOD,1,Loyal Premium Customers
7274-RTAPZ,3,Established Standard Customers
7277-KAMWT,2,New Budget Customers
7277-OZCGZ,3,Established Standard Customers
7278-CKDNC,3,Established Standard Customers
7279-BUYWN,1,Loyal Premium Customers
7279-NMVJC,2,New Budget Customers
7284-BUYEC,3,Established Standard Customers
7284-ZZLOH,0,Loyal Budget Customers
7285-KLOTR,3,Established Standard Customers
7291-CDTMJ,2,New Budget Customers
7293-LSCDV,0,Loyal Budget Customers
7294-TMAOP,3,Established Standard Customers
7295-JOMMD,3,Established Standard Customers
7296-PIXQY,3,Established Standard Customers
7297-DVYGA,0,Loyal Budget Customers
7298-IZWLY,2,New Budget Customers
7299-GNVPL,2,New Budget Customers
7301-ABVAD,1,Loyal Premium Customers
7302-ZHMHP,2,New Budget Customers
7305-ZWMAJ,2,New Budget Customers
7306-YDSOI,1,Loyal Premium Customers
7310-EGVHZ,2,New Budget Customers
7311-MQJCH,2,New Budget Customers
7312-XSBAT,3,Established Standard Customers
7314-OXENN,3,Established Standard Customers
7315-WYOAW,3,Established Standard Customers
7317-GGVPB,1,Loyal Premium Customers
7318-EIVKO,3,Established Standard Customers
7319-VENRZ,3,Established Standard Customers
7319-ZNRTR,2,New Budget Customers
7321-KKSDU,2,New Budget Customers
7321-PKUYW,3,Established Standard Customers
7321-VGNKU,3,Established Standard Customers
7321-ZNSLA,3,Established Standard Customers
7322-OCWHC,1,Loyal Premium Customers
7325-ENZFI,0,Loyal Budget Customers
7326-RIGQZ,3,Established Standard Customers
7328-OWMOM,2,New Budget Customers
7328-ZJAJO,0,Loyal Budget Customers
7330-WZLNC,3,Established Standard Customers
7336-RLLRH,3,Established Standard Customers
7337-CINUD,2,New Budget Customers
7338-ERIVA,3,Established Standard Customers
7339-POGZN,2,New Budget Customers
7340-KEFQE,0,Loyal Budget Customers
7341-LXCAF,3,Established Standard Customers
7343-EOBEU,2,New Budget Customers
7346-MEDWM,1,Loyal Premium Customers
7349-ALMUX,1,Loyal Premium Customers
7351-KYHQH,3,Established Standard Customers
7351-MHQVU,3,Established Standard Customers
7353-YOWFP,2,New Budget Customers
7354-OIJLX,3,Established Standard Customers
7356-AYNJP,2,New Budget Customers
7356-IWLFW,3,Established Standard Customers
7359-PTSXY,2,New Budget Customers
7359-SSBJK,1,Loyal Premium Customers
7359-WWYJV,1,Loyal Premium Customers
7361-YPXFS,3,Established Standard Customers
7363-QTBIW,3,Established Standard Customers
7365-BVCJH,2,New Budget Customers
7369-TRPFD,2,New Budget Customers
7375-WMVMT,1,Loyal Premium Customers
7377-DMMRI,3,Established Standard Customers
7379-FNIUJ,3,Established Standard Customers
7379-POKDZ,3,Established Standard Customers
7382-DFJTU,2,New Budget Customers
7384-GHBPI,2,New Budget Customers
7389-KBFIT,2,New Budget Customers
7392-YYPYJ,3,Established Standard Customers
7394-FKDNK,3,Established Standard Customers
7394-LWLYN,3,Established Standard Customers
7395-IGJOS,3,Established Standard Customers
7395-XWZOY,3,Established Standard Customers
7396-VJUZB,2,New Budget Customers
7398-HPYZQ,1,Loyal Premium Customers
7398-LXGYX,1,Loyal Premium Customers
7398-SKNQZ,3,Established Standard Customers
7399-QHBJS,1,Loyal Premium Customers
7401-JIXNM,1,Loyal Premium Customers
7401-RUBNK,3,Established Standard Customers
7402-EYFXX,3,Established Standard Customers
7402-PWYJJ,1,Loyal Premium Customers
7404-JLKQG,3,Established Standard Customers
7407-SUJIZ,2,New Budget Customers
7408-OFWXJ,1,Loyal Premium Customers
7409-JURKQ,1,Loyal Premium Customers
7409-KIUTL,3,Established Standard Customers
7410-KTVFV,3,Established Standard Customers
7410-OIEDU,3,Established Standard Customers
7410-YTJIK,3,Established Standard Customers
7416-CKTEP,0,Loyal Budget Customers
7421-ZLUPA,2,New Budget Customers
7422-WNBTY,1,Loyal Premium Customers
7426-GSWPO,1,Loyal Premium Customers
7426-RHZGU,3,Established Standard Customers
7426-WEIJX,1,Loyal Premium Customers
7427-AUFPY,0,Loyal Budget Customers
7432-FFVAR,1,Loyal Premium Customers
7434-SHXLS,2,New Budget Customers
7435-ZNUYY,2,New Budget Customers
7439-DKZTW,3,Established Standard Customers
7442-YGZFK,2,New Budget Customers
7445-WMRBW,1,Loyal Premium Customers
7446-KQISO,1,Loyal Premium Customers
7446-SFAOA,0,Loyal Budget Customers
7446-YPODE,3,Established Standard Customers
7449-HVPIV,1,Loyal Premium Customers
7450-NWRTR,3,Established Standard Customers
7452-FOLON,0,Loyal Budget Customers
7459-IMVYU,3,Established Standard Customers
7459-RRWQZ,3,Established Standard Customers
7460-ITWWP,1,Loyal Premium Customers
7463-IFMQU,0,Loyal Budget Customers
7465-ZZRVX,3,Established Standard Customers
7469-LKBCI,2,New Budget Customers
7470-DYNOE,1,Loyal Premium Customers
7470-MCQTK,3,Established Standard Customers
7471-MQPOS,1,Loyal Premium Customers
7471-WNSUF,0,Loyal Budget Customers
7472-EQOAV,1,Loyal Premium Customers
7473-ZBDSN,2,New Budget Customers
7479-NITWS,3,Established Standard Customers
7480-QNVZJ,1,Loyal Premium Customers
7480-SPLEF,0,Loyal Budget Customers
7481-ATQQS,1,Loyal Premium Customers
7483-IQWIB,1,Loyal Premium Customers
7486-KSRVI,1,Loyal Premium Customers
7488-MXJIV,3,Established Standard Customers
7492-TAFJD,3,Established Standard Customers
7493-GVFIO,0,Loyal Budget Customers
7493-TPUWZ,3,Established Standard Customers
7495-OOKFY,3,Established Standard Customers
7501-IWUNG,1,Loyal Premium Customers
7501-VTYLJ,3,Established Standard Customers
7502-BNYGS,1,Loyal Premium Customers
7503-EPSZW,0,Loyal Budget Customers
7503-MIOGA,1,Loyal Premium Customers
7503-QQRVF,3,Established Standard Customers
7503-ZGUZJ,3,Established Standard Customers
7504-UWHNB,3,Established Standard Customers
7508-DQAKK,1,Loyal Premium Customers
7508-KBIMB,3,Established Standard Customers
7508-MYBOG,3,Established Standard Customers
7508-SMHXL,3,Established Standard Customers
7511-YMXVQ,2,New Budget Customers
7515-LODFU,0,Loyal Budget Customers
7516-GMHUV,1,Loyal Premium Customers
7517-LDMPS,3,Established Standard Customers
7517-SAWMO,3,Established Standard Customers
7519-JTWQH,1,Loyal Premium Customers
7520-HQWJU,1,Loyal Premium Customers
7521-AFHAB,2,New Budget Customers
7521-YXVZY,2,New Budget Customers
7524-VRLPL,1,Loyal Premium Customers
7526-BEZQB,3,Established Standard Customers
7526-IVLYU,2,New Budget Customers
7527-QNRUS,2,New Budget Customers
7529-ZDFXI,1,Loyal Premium Customers
7530-HDYDS,1,Loyal Premium Customers
7531-GQHME,2,New Budget Customers
7534-BFESC,3,Established Standard Customers
7537-CBQUZ,1,Loyal Premium Customers
7537-RBWEA,2,New Budget Customers
7538-GWHML,3,Established Standard Customers
7541-YLXCL,1,Loyal Premium Customers
7542-CYDDM,2,New Budget Customers
7544-ZVIKX,1,Loyal Premium Customers
7547-EKNFS,1,Loyal Premium Customers
7548-SEPYI,3,Established Standard Customers
7549-MYGPK,1,Loyal Premium Customers
7550-WIQVA,1,Loyal Premium Customers
7551-DACSP,3,Established Standard Customers
7551-JOHTI,2,New Budget Customers
7552-KEYGT,2,New Budget Customers
7554-AKDQF,2,New Budget Customers
7554-NEWDD,2,New Budget Customers
7558-IMLMT,0,Loyal Budget Customers
7560-QJAVJ,1,Loyal Premium Customers
7560-QRBXH,0,Loyal Budget Customers
7562-GSUHK,3,Established Standard Customers
7562-UXTPG,3,Established Standard Customers
7563-BIUPC,3,Established Standard Customers
7564-GHCVB,1,Loyal Premium Customers
7566-DSRLQ,1,Loyal Premium Customers
7567-ECMCM,3,Established Standard Customers
7568-PODML,3,Established Standard Customers
7569-NMZYQ,1,Loyal Premium Customers
7570-WELNY,0,Loyal Budget Customers
7571-YXDAD,3,Established Standard Customers
7572-KPVKK,1,Loyal Premium Customers
7576-ASEJU,1,Loyal Premium Customers
7576-JMYWV,1,Loyal Premium Customers
7576-OYWBN,3,Established Standard Customers
7577-SWIFR,3,Established Standard Customers
7579-KKLOE,1,Loyal Premium Customers
7579-OOPEC,3,Established Standard Customers
7580-UGXNC,3,Established Standard Customers
7581-EBBOU,1,Loyal Premium Customers
7586-ZATGZ,3,Established Standard Customers
7587-AOVVU,3,Established Standard Customers
7587-RZNME,2,New Budget Customers
7590-VHVEG,2,New Budget Customers
7593-JNWRU,2,New Budget Customers
7593-XFKDI,2,New Budget Customers
7594-LZNWR,3,Established Standard Customers
7594-RQHXR,3,Established Standard Customers
7595-EHCDL,3,Established Standard Customers
7595-EUIVN,3,Established Standard Customers
7596-IIWYC,2,New Budget Customers
7596-LDUXP,3,Established Standard Customers
7596-ZYWBB,1,Loyal Premium Customers
7598-UAASY,3,Established Standard Customers
7599-FKVXZ,1,Loyal Premium Customers
7599-NTMDP,0,Loyal Budget Customers
7601-DHFWZ,0,Loyal Budget Customers
7601-GNDYK,0,Loyal Budget Customers
7601-WFVZV,2,New Budget Customers
7602-DBTOU,0,Loyal Budget Customers
7602-MVRMB,1,Loyal Premium Customers
7603-USHJS,3,Established Standard Customers
7605-BDWDC,3,Established Standard Customers
7605-SNLQG,0,Loyal Budget Customers
7606-BPHHN,0,Loyal Budget Customers
7607-QKKTJ,1,Loyal Premium Customers
7608-RGIRO,0,Loyal Budget Customers
7609-NRNCA,2,New Budget Customers
7609-YBPXG,1,Loyal Premium Customers
7610-TVOPG,2,New Budget Customers
7611-YKYTC,3,Established Standard Customers
7613-LLQFO,3,Established Standard Customers
7614-QVWQL,0,Loyal Budget Customers
7615-ESMYF,3,Established Standard Customers
7617-EYGLW,2,New Budget Customers
7619-ODSGN,3,Established Standard Customers
7619-PLRLP,1,Loyal Premium Customers
7621-VPNET,1,Loyal Premium Customers
7622-FWGEW,1,Loyal Premium Customers
7622-NXQZR,2,New Budget Customers
7623-HKYRK,2,New Budget Customers
7623-TRNQN,3,Established Standard Customers
7625-XCQRH,3,Established Standard Customers
7627-JKIAZ,3,Established Standard Customers
7629-WFGLW,1,Loyal Premium Customers
7629-WIXZF,3,Established Standard Customers
7632-MNYOY,1,Loyal Premium Customers
7632-YUTXB,2,New Budget Customers
7633-MVPUY,1,Loyal Premium Customers
7634-HLQJR,0,Loyal Budget Customers
7634-WSWDB,3,Established Standard Customers
7636-OWBPG,2,New Budget Customers
7636-PEPNS,0,Loyal Budget Customers
7636-XUHWW,2,New Budget Customers
7638-QVMVY,3,Established Standard Customers
7639-LIAYI,1,Loyal Premium Customers
7639-OPLNG,1,Loyal Premium Customers
7639-SUPCW,2,New Budget Customers
7641-EUYET,1,Loyal Premium Customers
7641-TQFHN,1,Loyal Premium Customers
7643-RCHXS,0,Loyal Budget Customers
7644-OMVMY,2,New Budget Customers
7647-GYYKX,0,Loyal Budget Customers
7649-PHJVR,2,New Budget Customers
7649-SIJJF,1,Loyal Premium Customers
7654-YWJUF,1,Loyal Premium Customers
7657-DYEPJ,1,Loyal Premium Customers
7658-UYUQS,3,Established Standard Customers
7660-HDPJV,3,Established Standard Customers
7661-CPURM,3,Established Standard Customers
7663-CUXZB,1,Loyal Premium Customers
7663-RGWBC,2,New Budget Customers
7663-YJHSN,1,Loyal Premium Customers
7663-ZTEGJ,1,Loyal Premium Customers
7665-NKLAV,3,Established Standard Customers
7665-TOALD,3,Established Standard Customers
7665-VIGUD,2,New Budget Customers
7666-WKRON,3,Established Standard Customers
7668-XCFYV,2,New Budget Customers
7669-LCRSD,3,Established Standard Customers
7670-ZBPOQ,0,Loyal Budget Customers
7672-VFMXZ,1,Loyal Premium Customers
7673-BQGKU,0,Loyal Budget Customers
7673-LPRNY,3,Established Standard Customers
7674-YTAFD,3,Established Standard Customers
7675-OZCZG,2,New Budget Customers
7677-SJJJK,2,New Budget Customers
7682-AZNDK,3,Established Standard Customers
7683-CBDKJ,3,Established Standard Customers
7684-XSZIY,0,Loyal Budget Customers
7688-AWMDX,1,Loyal Premium Customers
7690-KPNCU,1,Loyal Premium Customers
7691-KGKGP,1,Loyal Premium Customers
7691-XVTZH,1,Loyal Premium Customers
7693-LCKZL,3,Established Standard Customers
7693-QPEFS,0,Loyal Budget Customers
7694-VLBWQ,1,Loyal Premium Customers
7695-PKLCZ,0,Loyal Budget Customers
7696-AMHOD,1,Loyal Premium Customers
7696-CFTAT,0,Loyal Budget Customers
7698-YFGEZ,2,New Budget Customers
7703-ZEKEF,3,Established Standard Customers
7706-DZNKK,2,New Budget Customers
7706-YLMQA,0,Loyal Budget Customers
7707-PYBBH,3,Established Standard Customers
7710-JSYOA,1,Loyal Premium Customers
7711-GQBZC,0,Loyal Budget Customers
7711-YIJWC,1,Loyal Premium Customers
7714-YXSMB,3,Established Standard Customers
7716-YTYHG,1,Loyal Premium Customers
7717-BICXI,0,Loyal Budget Customers
7718-RXDGG,3,Established Standard Customers
7718-UPSKJ,1,Loyal Premium Customers
7721-DVEKZ,2,New Budget Customers
7721-JXEAW,0,Loyal Budget Customers
7722-CVFXN,1,Loyal Premium Customers
7722-VJRQD,1,Loyal Premium Customers
7727-SHVZV,2,New Budget Customers
7729-JTEEC,2,New Budget Customers
7729-XBTWX,0,Loyal Budget Customers
7730-CLDSV,1,Loyal Premium Customers
7730-IUTDZ,3,Established Standard Customers
7733-UDMTP,1,Loyal Premium Customers
7734-DBOAI,2,New Budget Customers
7739-LAXOG,3,Established Standard Customers
7740-BTPUX,1,Loyal Premium Customers
7740-KKCXF,0,Loyal Budget Customers
7742-MYPGI,3,Established Standard Customers
7743-EXURX,3,Established Standard Customers
7746-AWNQW,2,New Budget Customers
7746-QYVCO,3,Established Standard Customers
7748-UMTRK,1,Loyal Premium Customers
7750-EYXWZ,3,Established Standard Customers
7752-XUSCI,1,Loyal Premium Customers
7753-USQYQ,1,Loyal Premium Customers
7754-IXRMC,2,New Budget Customers
7758-UJWYS,0,Loyal Budget Customers
7758-XKCBS,2,New Budget Customers
7760-OYPDY,3,Established Standard Customers
7762-ONLJY,2,New Budget Customers
7762-URZQH,1,Loyal Premium Customers
7764-BDPEE,2,New Budget Customers
7765-LWVVH,1,Loyal Premium Customers
7766-CLTIC,3,Established Standard Customers
7767-UXAGJ,2,New Budget Customers
7771-CFQRQ,1,Loyal Premium Customers
7771-ZONAT,3,Established Standard Customers
7774-OJSXI,1,Loyal Premium Customers
7776-QGYJC,3,Established Standard Customers
7776-QWNFX,3,Established Standard Customers
7777-UNYHB,2,New Budget Customers
7779-LGOVN,3,Established Standard Customers
7779-ORAEL,1,Loyal Premium Customers
7780-OTDSO,3,Established Standard Customers
7781-EWARA,1,Loyal Premium Customers
7781-HVGMK,1,Loyal Premium Customers
7783-YKGDV,3,Established Standard Customers
7785-RDVIG,2,New Budget Customers
7786-WBJYI,3,Established Standard Customers
7787-BNTZM,2,New Budget Customers
7789-CRUVC,1,Loyal Premium Customers
7789-HKSBS,1,Loyal Premium Customers
7794-JASDG,3,Established Standard Customers
7795-CFOCW,0,Loyal Budget Customers
7797-EJMDP,3,Established Standard Customers
7798-JVXYM,3,Established Standard Customers
7799-DSEWS,3,Established Standard Customers
7799-LGRDP,0,Loyal Budget Customers
7801-CEDNV,3,Established Standard Customers
7801-KICAO,3,Established Standard Customers
7802-EFKNY,2,New Budget Customers
7803-XOCCZ,1,Loyal Premium Customers
7808-DVWEP,2,New Budget Customers
7811-JIVPF,2,New Budget Customers
7812-FZHPE,2,New Budget Customers
7813-TKCVO,2,New Budget Customers
7813-ZGGAW,3,Established Standard Customers
7814-LEEVE,2,New Budget Customers
7815-PDTHL,0,Loyal Budget Customers
7816-VGHTO,2,New Budget Customers
7817-BOQPW,3,Established Standard Customers
7817-OMJNA,2,New Budget Customers
7820-ZYGNY,1,Loyal Premium Customers
7821-DPRQE,1,Loyal Premium Customers
7823-JSOAG,3,Established Standard Customers
7824-PANSQ,1,Loyal Premium Customers
7825-ECJRF,3,Established Standard Customers
7825-GKXMW,2,New Budget Customers
7826-VVKWT,3,Established Standard Customers
7831-QGOXH,3,Established Standard Customers
7833-PKIHD,1,Loyal Premium Customers
7838-LAZFO,1,Loyal Premium Customers
7839-NUIAA,0,Loyal Budget Customers
7839-QRKXN,2,New Budget Customers
7841-FCRQD,3,Established Standard Customers
7841-TZDMQ,2,New Budget Customers
7845-URHJN,2,New Budget Customers
7850-THJMU,2,New Budget Customers
7850-VWJUU,3,Established Standard Customers
7851-FLGGQ,3,Established Standard Customers
7851-WZEKY,3,Established Standard Customers
7852-LECYP,3,Established Standard Customers
7853-GVUDZ,2,New Budget Customers
7853-OETYL,2,New Budget Customers
7853-WNZSY,2,New Budget Customers
7854-EDSSA,3,Established Standard Customers
7854-EKTJL,2,New Budget Customers
7854-FOKSF,2,New Budget Customers
7855-DIWPO,3,Established Standard Customers
7856-GANIL,1,Loyal Premium Customers
7858-GTZSP,3,Established Standard Customers
7860-KSUGX,1,Loyal Premium Customers
7860-UXCRM,1,Loyal Premium Customers
7861-UVUFT,3,Established Standard Customers
7868-BGSZA,1,Loyal Premium Customers
7868-TMWMZ,1,Loyal Premium Customers
7869-ZYDST,3,Established Standard Customers
7872-BAAZR,0,Loyal Budget Customers
7872-RDDLZ,0,Loyal Budget Customers
7873-CVMAW,1,Loyal Premium Customers
7874-ECPQJ,2,New Budget Customers
7876-AEHIG,1,Loyal Premium Customers
7876-BEUTG,2,New Budget Customers
7876-DNYAP,0,Loyal Budget Customers
7878-JGDKK,2,New Budget Customers
7878-RTCZG,2,New Budget Customers
7879-CGSFV,1,Loyal Premium Customers
7880-XSOJX,3,Established Standard Customers
7881-EVUAD,3,Established Standard Customers
7881-INRLC,1,Loyal Premium Customers
7883-ROJOC,2,New Budget Customers
7890-VYYWG,2,New Budget Customers
7892-POOKP,1,Loyal Premium Customers
7892-QVYKW,3,Established Standard Customers
7893-IXHRQ,2,New Budget Customers
7895-VONWT,3,Established Standard Customers
7898-PDWQE,1,Loyal Premium Customers
7901-HXJVA,3,Established Standard Customers
7901-IIDQV,3,Established Standard Customers
7901-TBKJX,1,Loyal Premium Customers
7903-CMPEY,3,Established Standard Customers
7905-NJMXS,3,Established Standard Customers
7905-TVXTA,3,Established Standard Customers
7908-QCBCA,3,Established Standard Customers
7909-FIOIY,2,New Budget Customers
7912-SYRQT,3,Established Standard Customers
7916-VCCPB,3,Established Standard Customers
7919-ZODZZ,3,Established Standard Customers
7921-BEPCI,1,Loyal Premium Customers
7921-LMDFQ,1,Loyal Premium Customers
7923-IYJWY,1,Loyal Premium Customers
7924-GJZFI,3,Established Standard Customers
7925-PNRGI,1,Loyal Premium Customers
7926-IJOOU,2,New Budget Customers
7927-AUXBZ,3,Established Standard Customers
7928-VJYAB,3,Established Standard Customers
7929-DMBCV,3,Established Standard Customers
7929-SKFGK,1,Loyal Premium Customers
7931-PXHFC,1,Loyal Premium Customers
7932-WPTDS,2,New Budget Customers
7938-OUHIO,3,Established Standard Customers
7940-UQQUG,1,Loyal Premium Customers
7941-RCJOW,0,Loyal Budget Customers
7943-RQCHR,3,Established Standard Customers
7945-HLKEA,1,Loyal Premium Customers
7945-PRBVF,0,Loyal Budget Customers
7950-XWOVN,2,New Budget Customers
7951-QKZPL,0,Loyal Budget Customers
7951-VRDVK,1,Loyal Premium Customers
7952-OBOYL,3,Established Standard Customers
7954-MLBUN,1,Loyal Premium Customers
7956-XQWGU,2,New Budget Customers
7957-RYHQD,3,Established Standard Customers
7963-GQRMY,2,New Budget Customers
7963-SHNDT,0,Loyal Budget Customers
7964-VEXDG,3,Established Standard Customers
7964-YESJC,3,Established Standard Customers
7964-ZRKKG,1,Loyal Premium Customers
7966-YOTQW,3,Established Standard Customers
7967-HYCDE,3,Established Standard Customers
7968-QUXNS,2,New Budget Customers
7969-AULMZ,3,Established Standard Customers
7969-FFOWG,0,Loyal Budget Customers
7971-HLVXI,1,Loyal Premium Customers
7973-DZRKH,1,Loyal Premium Customers
7975-JMZNT,1,Loyal Premium Customers
7975-TZMLR,1,Loyal Premium Customers
7976-CICYS,2,New Budget Customers
7977-HXJKU,2,New Budget Customers
7978-DKUQH,3,Established Standard Customers
7979-CORPM,3,Established Standard Customers
7980-MHFLQ,0,Loyal Budget Customers
7982-VCELR,1,Loyal Premium Customers
7989-AWGEH,0,Loyal Budget Customers
7989-CHGTL,2,New Budget Customers
7989-VCQOH,3,Established Standard Customers
7993-NQLJE,3,Established Standard Customers
7993-PYKOF,3,Established Standard Customers
7994-UYIVZ,3,Established Standard Customers
7994-XIRTR,1,Loyal Premium Customers
7995-ZHHNZ,0,Loyal Budget Customers
7996-BPXHY,2,New Budget Customers
7996-MHXLW,0,Loyal Budget Customers
7997-EASSD,1,Loyal Premium Customers
7998-WNZEM,1,Loyal Premium Customers
7998-ZLXWN,2,New Budget Customers
8000-REIQB,3,Established Standard Customers
8003-EWNDZ,2,New Budget Customers
8006-PYCSW,2,New Budget Customers
8007-YYPWD,2,New Budget Customers
8008-ESFLK,1,Loyal Premium Customers
8008-HAWED,3,Established Standard Customers
8008-OTEZX,0,Loyal Budget Customers
8010-EZLOU,3,Established Standard Customers
8012-SOUDQ,1,Loyal Premium Customers
8015-IHCGW,1,Loyal Premium Customers
8016-NCFVO,1,Loyal Premium Customers
8016-ZMGMO,1,Loyal Premium Customers
8017-LXHFA,3,Established Standard Customers
8017-UVSZU,3,Established Standard Customers
8019-ENHXU,1,Loyal Premium Customers
8020-BWHYL,3,Established Standard Customers
8022-BECSI,2,New Budget Customers
8023-QHAIO,0,Loyal Budget Customers
8024-XNAFQ,1,Loyal Premium Customers
8028-PNXHQ,0,Loyal Budget Customers
8029-XYPWT,1,Loyal Premium Customers
8033-ATFAS,3,Established Standard Customers
8033-VCZGH,1,Loyal Premium Customers
8034-RYTVV,1,Loyal Premium Customers
8035-BUYVG,0,Loyal Budget Customers
8035-PWSEV,3,Established Standard Customers
8039-ACLPL,1,Loyal Premium Customers
8039-EQPIM,1,Loyal Premium Customers
8040-MNRTF,3,Established Standard Customers
8041-TMEID,1,Loyal Premium Customers
8042-JVNFH,3,Established Standard Customers
8042-RNLKO,0,Loyal Budget Customers
8043-PNYSD,0,Loyal Budget Customers
8044-BGWPI,2,New Budget Customers
8046-DNVTL,0,Loyal Budget Customers
8048-DSDFQ,2,New Budget Customers
8049-WJCLQ,3,Established Standard Customers
8050-DVOJX,1,Loyal Premium Customers
8050-WYBND,3,Established Standard Customers
8050-XGRVL,1,Loyal Premium Customers
8051-HJRLT,3,Established Standard Customers
8053-WWDRO,2,New Budget Customers
8058-DMYRU,0,Loyal Budget Customers
8058-INTPH,3,Established Standard Customers
8058-JMEQO,3,Established Standard Customers
8059-UDZFY,1,Loyal Premium Customers
8060-HIWJJ,1,Loyal Premium Customers
8062-YBDOE,3,Established Standard Customers
8063-GBATB,3,Established Standard Customers
8063-RJYNF,3,Established Standard Customers
8064-RAVOH,3,Established Standard Customers
8065-BVEPF,1,Loyal Premium Customers
8065-QBYTO,1,Loyal Premium Customers
8065-YKXKD,3,Established Standard Customers
8066-POXGX,2,New Budget Customers
8067-NIOYM,2,New Budget Customers
8069-RHUXK,0,Loyal Budget Customers
8069-YQQAJ,2,New Budget Customers
8070-AAWZP,2,New Budget Customers
8071-SBTRN,1,Loyal Premium Customers
8073-IJDCM,2,New Budget Customers
8075-GXIUB,2,New Budget Customers
8076-FEZKJ,2,New Budget Customers
8079-XRJRS,1,Loyal Premium Customers
8080-DDEMJ,2,New Budget Customers
8080-POTJR,1,Loyal Premium Customers
8082-GHXOP,2,New Budget Customers
8083-YTZES,3,Established Standard Customers
8084-OIVBS,2,New Budget Customers
8085-MSNLK,1,Loyal Premium Customers
8086-OVPWV,3,Established Standard Customers
8087-LGYHQ,3,Established Standard Customers
8089-UZWLX,1,Loyal Premium Customers
8091-TTVAX,1,Loyal Premium Customers
8092-NLTGF,0,Loyal Budget Customers
8095-WANWK,2,New Budget Customers
8096-LOIST,3,Established Standard Customers
8097-OMULG,1,Loyal Premium Customers
8097-VBQTZ,1,Loyal Premium Customers
8098-LLAZX,3,Established Standard Customers
8098-TDCBU,0,Loyal Budget Customers
8099-MZPUJ,1,Loyal Premium Customers
8100-HZZLJ,1,Loyal Premium Customers
8100-PNJMH,1,Loyal Premium Customers
8104-OSKWT,3,Established Standard Customers
8106-GWQOK,1,Loyal Premium Customers
8107-KNCIM,3,Established Standard Customers
8107-RZLNV,1,Loyal Premium Customers
8108-UXRQN,3,Established Standard Customers
8109-YUOHE,3,Established Standard Customers
8111-BKVDS,3,Established Standard Customers
8111-RKSPX,3,Established Standard Customers
8111-SLLHI,1,Loyal Premium Customers
8118-LSUEL,3,Established Standard Customers
8118-TJAFG,3,Established Standard Customers
8120-JDCAM,3,Established Standard Customers
8123-QBNAZ,1,Loyal Premium Customers
8124-NZVGJ,3,Established Standard Customers
8125-QPFJD,1,Loyal Premium Customers
8128-YVJRG,3,Established Standard Customers
8129-GMVGI,0,Loyal Budget Customers
8132-YPVBX,3,Established Standard Customers
8133-ANHHJ,1,Loyal Premium Customers
8138-EALND,2,New Budget Customers
8143-ETQTI,2,New Budget Customers
8144-DGHXP,1,Loyal Premium Customers
8146-QQKZH,1,Loyal Premium Customers
8148-BPLZQ,0,Loyal Budget Customers
8148-NLEGT,0,Loyal Budget Customers
8148-WOCMK,2,New Budget Customers
8149-AIQCG,3,Established Standard Customers
8149-RSOUN,3,Established Standard Customers
8150-QUDFX,2,New Budget Customers
8152-UOBNY,1,Loyal Premium Customers
8152-VETUR,1,Loyal Premium Customers
8155-IBNHG,3,Established Standard Customers
8158-WPEZG,2,New Budget Customers
8160-HOWOX,3,Established Standard Customers
8161-QYMTT,3,Established Standard Customers
8164-OCKUJ,0,Loyal Budget Customers
8165-CBKXO,1,Loyal Premium Customers
8165-ZJRNM,0,Loyal Budget Customers
8166-ORCHU,1,Loyal Premium Customers
8166-ZZTFS,1,Loyal Premium Customers
8167-GJLRN,2,New Budget Customers
8168-UQWWF,3,Established Standard Customers
8169-SAEJD,1,Loyal Premium Customers
8173-RXAYP,2,New Budget Customers
8174-LNWMW,2,New Budget Customers
8174-TBVCF,1,Loyal Premium Customers
8178-EYZUO,1,Loyal Premium Customers
8180-AKMJV,2,New Budget Customers
8181-YHCMF,1,Loyal Premium Customers
8182-BJDSI,3,Established Standard Customers
8182-PNAGI,2,New Budget Customers
8183-ONMXC,2,New Budget Customers
8184-WMOFI,1,Loyal Premium Customers
8185-UPYBR,3,Established Standard Customers
8189-DUKMV,2,New Budget Customers
8189-HBVRW,1,Loyal Premium Customers
8189-XRIKE,3,Established Standard Customers
8190-ZTQFB,3,Established Standard Customers
8191-XWSZG,0,Loyal Budget Customers
8194-PEEBY,2,New Budget Customers
8197-BFWVU,1,Loyal Premium Customers
8198-RKSZG,3,Established Standard Customers
8199-ZLLSA,1,Loyal Premium Customers
8200-KLNYW,3,Established Standard Customers
8200-LGKSR,1,Loyal Premium Customers
8201-AAXCB,3,Established Standard Customers
8203-XJZRC,2,New Budget Customers
8204-TIFGJ,2,New Budget Customers
8204-YJCLA,1,Loyal Premium Customers
8205-MQUGY,2,New Budget Customers
8205-OTCHB,3,Established Standard Customers
8205-VSLRB,1,Loyal Premium Customers
8207-DMRVL,1,Loyal Premium Customers
8207-VVMYB,0,Loyal Budget Customers
8208-EUMTE,3,Established Standard Customers
8212-CRQXP,3,Established Standard Customers
8212-DJRCH,3,Established Standard Customers
8213-TAZPM,1,Loyal Premium Customers
8215-NGSPE,0,Loyal Budget Customers
8216-AZUUZ,1,Loyal Premium Customers
8217-QYOHV,3,Established Standard Customers
8218-FFJDS,1,Loyal Premium Customers
8219-VYBVI,0,Loyal Budget Customers
8220-OCUFY,3,Established Standard Customers
8221-EQDGL,3,Established Standard Customers
8221-HVAYI,1,Loyal Premium Customers
8224-DWCKX,3,Established Standard Customers
8224-IVVPA,3,Established Standard Customers
8224-KDLKN,0,Loyal Budget Customers
8224-UAXBZ,0,Loyal Budget Customers
8225-BTJAU,3,Established Standard Customers
8226-BXGES,1,Loyal Premium Customers
8229-BUJHX,0,Loyal Budget Customers
8229-MYEJZ,3,Established Standard Customers
8229-TNIQA,2,New Budget Customers
8231-BSWXX,1,Loyal Premium Customers
8232-CTLKO,1,Loyal Premium Customers
8232-UTFOZ,0,Loyal Budget Customers
8234-GSZYK,0,Loyal Budget Customers
8237-ULIXL,0,Loyal Budget Customers
8241-JUIQO,0,Loyal Budget Customers
8242-JSVBO,2,New Budget Customers
8242-PDSGJ,0,Loyal Budget Customers
8242-SOQUO,3,Established Standard Customers
8245-UMPYT,3,Established Standard Customers
8246-SHFGA,2,New Budget Customers
8249-THVEC,0,Loyal Budget Customers
8250-ZNGGW,3,Established Standard Customers
8257-RZAHR,3,Established Standard Customers
8258-GSTJK,3,Established Standard Customers
8259-DZLIZ,0,Loyal Budget Customers
8259-NFJTV,2,New Budget Customers
8260-NGFNY,2,New Budget Customers
8261-GWDBQ,1,Loyal Premium Customers
8262-COGGB,2,New Budget Customers
8263-JQAIK,2,New Budget Customers
8263-OKETD,3,Established Standard Customers
8263-QMNTJ,1,Loyal Premium Customers
8265-HKSOW,1,Loyal Premium Customers
8266-VBFQL,3,Established Standard Customers
8267-KFGYD,2,New Budget Customers
8267-ZNYVZ,1,Loyal Premium Customers
8268-YDIXR,1,Loyal Premium Customers
8270-RKSAP,3,Established Standard Customers
8272-ONJLV,3,Established Standard Customers
8276-MQBYC,1,Loyal Premium Customers
8277-RVRSV,0,Loyal Budget Customers
8280-MQRQN,3,Established Standard Customers
8285-ABVLB,0,Loyal Budget Customers
8286-AFUYI,3,Established Standard Customers
8290-YWKHZ,3,Established Standard Customers
8292-FRFZQ,0,Loyal Budget Customers
8292-ITGYJ,0,Loyal Budget Customers
8292-TYSPY,3,Established Standard Customers
8294-UIMBA,1,Loyal Premium Customers
8295-FHIVV,2,New Budget Customers
8295-KMENE,1,Loyal Premium Customers
8305-VHZBZ,2,New Budget Customers
8309-IEYJD,3,Established Standard Customers
8309-PPCED,1,Loyal Premium Customers
8311-UEUAB,1,Loyal Premium Customers
8313-AFGBW,1,Loyal Premium Customers
8313-KTIHG,3,Established Standard Customers
8313-NDOIA,3,Established Standard Customers
8314-DPQHL,3,Established Standard Customers
8314-HTWVE,2,New Budget Customers
8316-BBQAY,1,Loyal Premium Customers
8317-BVKSO,2,New Budget Customers
8318-LCNBW,3,Established Standard Customers
8319-QBEHW,2,New Budget Customers
8325-QRPZR,3,Established Standard Customers
8327-LZKAS,1,Loyal Premium Customers
8327-WKMIE,0,Loyal Budget Customers
8328-SKJNO,3,Established Standard Customers
8329-GWVPJ,0,Loyal Budget Customers
8329-IBCTI,2,New Budget Customers
8329-UTMVM,3,Established Standard Customers
8331-ZXFOE,1,Loyal Premium Customers
8332-OSJDW,2,New Budget Customers
8336-TAVKX,1,Loyal Premium Customers
8337-MSSXB,3,Established Standard Customers
8337-UPOAQ,3,Established Standard Customers
8338-QIUNR,1,Loyal Premium Customers
8344-WFMFH,3,Established Standard Customers
8345-MVDYC,1,Loyal Premium Customers
8347-GDTMP,0,Loyal Budget Customers
8348-HFYIV,3,Established Standard Customers
8348-JLBUG,1,Loyal Premium Customers
8350-NYMVI,0,Loyal Budget Customers
8356-WUAOJ,2,New Budget Customers
8357-EQXFO,3,Established Standard Customers
8361-LBRDI,0,Loyal Budget Customers
8361-LTMKD,3,Established Standard Customers
8364-TRMMK,2,New Budget Customers
8372-JUXUI,3,Established Standard Customers
8374-UULRV,1,Loyal Premium Customers
8374-XGEJJ,1,Loyal Premium Customers
8375-DKEBR,3,Established Standard Customers
8375-KVTHK,1,Loyal Premium Customers
8378-LKJAF,1,Loyal Premium Customers
8380-MQINP,0,Loyal Budget Customers
8380-PEFPE,3,Established Standard Customers
8382-SHQEH,3,Established Standard Customers
8383-SGHJU,3,Established Standard Customers
8384-FZBJK,1,Loyal Premium Customers
8387-MOJJT,3,Established Standard Customers
8387-UGUSU,2,New Budget Customers
8388-DMKAE,2,New Budget Customers
8388-FYNPZ,3,Established Standard Customers
8390-FESFV,1,Loyal Premium Customers
8393-DLHGA,3,Established Standard Customers
8393-JMVMB,2,New Budget Customers
8395-ETZKQ,0,Loyal Budget Customers
8397-MVTAZ,1,Loyal Premium Customers
8398-TBIYD,1,Loyal Premium Customers
8399-YNDCH,3,Established Standard Customers
8400-WZICQ,1,Loyal Premium Customers
8401-EMUWF,1,Loyal Premium Customers
8402-EIVQS,1,Loyal Premium Customers
8402-OOOHJ,0,Loyal Budget Customers
8404-FYDIB,3,Established Standard Customers
8404-GFGCZ,3,Established Standard Customers
8404-VIOMB,1,Loyal Premium Customers
8404-VLQFB,2,New Budget Customers
8405-IGQFX,1,Loyal Premium Customers
8406-LNMHF,1,Loyal Premium Customers
8409-WQJUX,3,Established Standard Customers
8410-BGQXN,2,New Budget Customers
8413-VONUO,3,Established Standard Customers
8413-YNHNV,1,Loyal Premium Customers
8414-MYSHR,3,Established Standard Customers
8414-OOEEL,1,Loyal Premium Customers
8417-FMLZI,3,Established Standard Customers
8417-GSODA,3,Established Standard Customers
8421-WZOOW,1,Loyal Premium Customers
8429-XIBUM,3,Established Standard Customers
8430-TWCBX,0,Loyal Budget Customers
8433-WPJTV,1,Loyal Premium Customers
8433-WXGNA,3,Established Standard Customers
8434-PNQZX,1,Loyal Premium Customers
8434-VGEQQ,0,Loyal Budget Customers
8436-BJUMM,3,Established Standard Customers
8439-LTUGF,2,New Budget Customers
8441-SHIPE,0,Loyal Budget Customers
8443-WVPSS,3,Established Standard Customers
8443-ZRDBZ,3,Established Standard Customers
8444-WRIDW,1,Loyal Premium Customers
8445-DNBAE,2,New Budget Customers
8450-JOVAH,3,Established Standard Customers
8450-LUGUK,0,Loyal Budget Customers
8450-UYIBU,0,Loyal Budget Customers
8454-AATJP,1,Loyal Premium Customers
8455-HIRAQ,2,New Budget Customers
8456-QDAVC,3,Established Standard Customers
8457-XIGKN,2,New Budget Customers
8461-EFQYM,0,Loyal Budget Customers
8464-EETCQ,0,Loyal Budget Customers
8465-SBRXP,3,Established Standard Customers
8466-PZBLH,1,Loyal Premium Customers
8467-WYNSR,3,Established Standard Customers
8468-EHYJA,0,Loyal Budget Customers
8468-FZTOE,1,Loyal Premium Customers
8469-SNFFH,1,Loyal Premium Customers
8473-VUVJN,3,Established Standard Customers
8474-UMLNT,3,Established Standard Customers
8480-PPONV,1,Loyal Premium Customers
8481-YYXWG,3,Established Standard Customers
8485-GJCDN,3,Established Standard Customers
8486-AYEQH,3,Established Standard Customers
8490-BXHEO,3,Established Standard Customers
8495-LJDFO,1,Loyal Premium Customers
8495-PRWFH,0,Loyal Budget Customers
8496-DMZUK,3,Established Standard Customers
8496-EJAUI,3,Established Standard Customers
8498-XXGWA,1,Loyal Premium Customers
8499-BRXTD,2,New Budget Customers
8510-AWCXC,3,Established Standard Customers
8510-BBWMU,0,Loyal Budget Customers
8510-TMWYB,1,Loyal Premium Customers
8512-WIWYV,2,New Budget Customers
8513-OLYGY,1,Loyal Premium Customers
8514-VZHEB,0,Loyal Budget Customers
8515-OCTJS,2,New Budget Customers
8519-IMDHU,3,Established Standard Customers
8519-QJGJD,3,Established Standard Customers
8532-UEFWH,0,Loyal Budget Customers
8535-SFUTN,1,Loyal Premium Customers
8540-ZQGEA,0,Loyal Budget Customers
8541-QVFKM,3,Established Standard Customers
8543-MSDMF,3,Established Standard Customers
8544-GOQSH,3,Established Standard Customers
8544-JNBOX,0,Loyal Budget Customers
8547-NSBBO,1,Loyal Premium Customers
8548-AWOFC,1,Loyal Premium Customers
8550-XSXUQ,1,Loyal Premium Customers
8552-OBVRU,1,Loyal Premium Customers
8559-CIZFV,3,Established Standard Customers
8559-WNQZS,2,New Budget Customers
8561-NMTBD,1,Loyal Premium Customers
8562-GHPPI,2,New Budget Customers
8563-IIOXK,3,Established Standard Customers
8563-OYMQY,3,Established Standard Customers
8564-LDKFL,1,Loyal Premium Customers
8565-CLBZW,3,Established Standard Customers
8565-HBFNN,1,Loyal Premium Customers
8565-WUXZU,1,Loyal Premium Customers
8566-YPRGL,2,New Budget Customers
8570-KLJYJ,3,Established Standard Customers
8571-ZCMCX,1,Loyal Premium Customers
8573-CGOCC,2,New Budget Customers
8573-JGCZW,2,New Budget Customers
8577-QSOCG,0,Loyal Budget Customers
8580-AECUZ,3,Established Standard Customers
8580-QVLOC,1,Loyal Premium Customers
8582-KRHPJ,0,Loyal Budget Customers
8584-KMVXD,3,Established Standard Customers
8587-XYZSF,0,Loyal Budget Customers
8590-OHDIW,0,Loyal Budget Customers
8590-YFFQO,1,Loyal Premium Customers
8591-NXRCV,1,Loyal Premium Customers
8591-TKMZH,1,Loyal Premium Customers
8592-PLTMQ,0,Loyal Budget Customers
8593-WHYHV,3,Established Standard Customers
8595-SIZNC,2,New Budget Customers
8597-CTXVJ,1,Loyal Premium Customers
8597-CWYHH,1,Loyal Premium Customers
8601-QACRS,2,New Budget Customers
8603-IJWDN,3,Established Standard Customers
8605-ITULD,2,New Budget Customers
8606-CIQUL,1,Loyal Premium Customers
8606-OEGQZ,2,New Budget Customers
8608-OZTLB,1,Loyal Premium Customers
8610-WFCJF,1,Loyal Premium Customers
8610-ZIKJJ,2,New Budget Customers
8612-GXIDD,2,New Budget Customers
8614-VGMMV,2,New Budget Customers
8617-ENBDS,3,Established Standard Customers
8619-IJNDK,0,Loyal Budget Customers
8620-RJPZN,2,New Budget Customers
8621-MNIHH,3,Established Standard Customers
8622-ZLFKO,3,Established Standard Customers
8623-TMRBY,1,Loyal Premium Customers
8623-ULFNQ,3,Established Standard Customers
8624-GIOUT,1,Loyal Premium Customers
8625-AZYZY,1,Loyal Premium Customers
8626-PTQGE,1,Loyal Premium Customers
8626-XHBIE,0,Loyal Budget Customers
8627-EHGIP,1,Loyal Premium Customers
8627-ZYGSZ,3,Established Standard Customers
8628-MFKAX,1,Loyal Premium Customers
8630-FJLIB,3,Established Standard Customers
8630-QSGXK,1,Loyal Premium Customers
8631-NBHFZ,1,Loyal Premium Customers
8631-WUXGY,1,Loyal Premium Customers
8631-XVRZL,2,New Budget Customers
8634-CILSZ,1,Loyal Premium Customers
8634-MPHTR,1,Loyal Premium Customers
8637-XJIVR,3,Established Standard Customers
8639-NHQEI,1,Loyal Premium Customers
8640-SDGKB,3,Established Standard Customers
8642-GVWRF,3,Established Standard Customers
8644-XLFBW,3,Established Standard Customers
8644-XYTSV,0,Loyal Budget Customers
8645-KOMJQ,1,Loyal Premium Customers
8645-KWHJO,3,Established Standard Customers
8646-JCOMS,1,Loyal Premium Customers
8647-SDTWQ,0,Loyal Budget Customers
8648-PFRMP,3,Established Standard Customers
8650-RHRKE,2,New Budget Customers
8651-ENBZX,1,Loyal Premium Customers
8652-YHIYU,3,Established Standard Customers
8654-DHAOW,2,New Budget Customers
8659-HDIYE,1,Loyal Premium Customers
8659-IOOPU,1,Loyal Premium Customers
8660-BUETV,2,New Budget Customers
8661-BOYNW,1,Loyal Premium Customers
8663-UPDGF,3,Established Standard Customers
8665-UTDHZ,2,New Budget Customers
8668-KNZTI,0,Loyal Budget Customers
8670-ERCJH,1,Loyal Premium Customers
8670-MEFCP,1,Loyal Premium Customers
8671-KKKOS,0,Loyal Budget Customers
8672-OAUPW,0,Loyal Budget Customers
8676-OOQEJ,2,New Budget Customers
8676-TRMJS,3,Established Standard Customers
8677-HDZEE,1,Loyal Premium Customers
8679-JOEVF,3,Established Standard Customers
8679-LZBMD,1,Loyal Premium Customers
8680-CGLTP,3,Established Standard Customers
8681-ICONS,2,New Budget Customers
8685-WHQPW,3,Established Standard Customers
8687-BAFGU,3,Established Standard Customers
8690-UPCZI,3,Established Standard Customers
8690-ZVLCL,1,Loyal Premium Customers
8695-ARGXZ,3,Established Standard Customers
8695-WDYEA,3,Established Standard Customers
8696-JKZNU,3,Established Standard Customers
8699-ASUFO,3,Established Standard Customers
8701-DGLVH,0,Loyal Budget Customers
8705-DWKTI,1,Loyal Premium Customers
8705-WZCYL,2,New Budget Customers
8706-HRADD,3,Established Standard Customers
8707-HOEDG,1,Loyal Premium Customers
8707-RMEZH,1,Loyal Premium Customers
8708-XPXHZ,1,Loyal Premium Customers
8709-KRDVL,1,Loyal Premium Customers
8710-YGLWG,2,New Budget Customers
8711-LOBKY,0,Loyal Budget Customers
8713-IGZSO,2,New Budget Customers
8714-CTZJW,3,Established Standard Customers
8714-EUHJO,3,Established Standard Customers
8715-KKTFG,1,Loyal Premium Customers
8717-VCTXJ,0,Loyal Budget Customers
8718-PTMEZ,2,New Budget Customers
8720-RQSBJ,2,New Budget Customers
8722-NGNBH,3,Established Standard Customers
8722-PRFDV,1,Loyal Premium Customers
8725-JEDFD,3,Established Standard Customers
8727-JQFHV,0,Loyal Budget Customers
8727-XDPUD,0,Loyal Budget Customers
8728-SKJLR,3,Established Standard Customers
8731-WBBMB,1,Loyal Premium Customers
8734-DKSTZ,3,Established Standard Customers
8734-FNWVH,3,Established Standard Customers
8735-DCXNF,3,Established Standard Customers
8735-IJJEG,3,Established Standard Customers
8735-NBLWT,2,New Budget Customers
8735-SDUFN,0,Loyal Budget Customers
8738-JOKAR,1,Loyal Premium Customers
8739-QOTTN,2,New Budget Customers
8739-WWKDU,3,Established Standard Customers
8739-XNIKG,3,Established Standard Customers
8740-CRYFY,3,Established Standard Customers
8740-XLHDR,3,Established Standard Customers
8741-LQOBK,0,Loyal Budget Customers
8745-PVESG,0,Loyal Budget Customers
8746-BFOAJ,2,New Budget Customers
8746-OQQRW,2,New Budget Customers
8747-UDCOI,0,Loyal Budget Customers
8748-HFWBO,2,New Budget Customers
8749-CLJXC,2,New Budget Customers
8749-JMNKX,1,Loyal Premium Customers
8749-TZYEC,0,Loyal Budget Customers
8750-QWZAJ,0,Loyal Budget Customers
8751-EDEKA,3,Established Standard Customers
8752-GHJFU,1,Loyal Premium Customers
8752-IMQOS,2,New Budget Customers
8752-STIVR,3,Established Standard Customers
8755-IWJHN,1,Loyal Premium Customers
8755-OGKNA,0,Loyal Budget Customers
8756-RDDLT,1,Loyal Premium Customers
8757-TFHHJ,3,Established Standard Customers
8760-ZRHKE,1,Loyal Premium Customers
8761-NSOBC,1,Loyal Premium Customers
8763-KIAFH,2,New Budget Customers
8766-PAFNE,1,Loyal Premium Customers
8769-KKTPH,1,Loyal Premium Customers
8773-HHUOZ,3,Established Standard Customers
8774-GSBUN,0,Loyal Budget Customers
8775-CEBBJ,2,New Budget Customers
8775-ERLNB,3,Established Standard Customers
8775-LHDJH,3,Established Standard Customers
8777-MBMTS,1,Loyal Premium Customers
8777-PVYGU,1,Loyal Premium Customers
8778-LMWTJ,3,Established Standard Customers
8779-QRDMV,2,New Budget Customers
8779-YIQQA,2,New Budget Customers
8780-IHCRN,0,Loyal Budget Customers
8780-IXSTS,3,Established Standard Customers
8780-RSYYU,2,New Budget Customers
8780-YRMTT,0,Loyal Budget Customers
8782-LKFPK,1,Loyal Premium Customers
8782-NUUOL,1,Loyal Premium Customers
8784-CGILN,3,Established Standard Customers
8785-CJSHH,1,Loyal Premium Customers
8785-EPNCG,2,New Budget Customers
8788-DOXSU,1,Loyal Premium Customers
8791-GFXLZ,3,Established Standard Customers
8792-AOROI,3,Established Standard Customers
8799-OXZMD,2,New Budget Customers
8800-JOOCF,3,Established Standard Customers
8800-ZKRFW,1,Loyal Premium Customers
8802-UNOJF,3,Established Standard Customers
8805-JNRAZ,3,Established Standard Customers
8806-EAGWC,3,Established Standard Customers
8807-ARQET,0,Loyal Budget Customers
8807-OPMBM,0,Loyal Budget Customers
8808-ELEHO,3,Established Standard Customers
8809-RIHDD,1,Loyal Premium Customers
8809-XKHMD,1,Loyal Premium Customers
8812-ZRHFP,3,Established Standard Customers
8815-LMFLX,2,New Budget Customers
8816-VXNZD,3,Established Standard Customers
8818-DOPVL,1,Loyal Premium Customers
8818-XYFCQ,0,Loyal Budget Customers
8819-IMISP,3,Established Standard Customers
8819-WFGGJ,1,Loyal Premium Customers
8819-ZBYNA,1,Loyal Premium Customers
8821-KVZKQ,1,Loyal Premium Customers
8821-XNHVZ,3,Established Standard Customers
8822-KNBHV,1,Loyal Premium Customers
8823-RLPWL,1,Loyal Premium Customers
8824-RWFXJ,3,Established Standard Customers
8835-VSDSE,3,Established Standard Customers
8837-VVWLQ,3,Established Standard Customers
8838-GPHZP,0,Loyal Budget Customers
8840-DQLGN,1,Loyal Premium Customers
8844-TONUD,3,Established Standard Customers
8845-LWKGE,3,Established Standard Customers
8847-GEOOQ,1,Loyal Premium Customers
8849-AYPTR,3,Established Standard Customers
8849-GYOKR,1,Loyal Premium Customers
8849-PRIQJ,1,Loyal Premium Customers
8851-RAGOV,3,Established Standard Customers
8853-TZDGH,1,Loyal Premium Customers
8854-CCVSQ,3,Established Standard Customers
8857-CUPFQ,0,Loyal Budget Customers
8859-AXJZP,0,Loyal Budget Customers
8859-DZTGQ,0,Loyal Budget Customers
8859-YSTWS,0,Loyal Budget Customers
8861-HGGKB,3,Established Standard Customers
8865-TNMNX,3,Established Standard Customers
8868-GAGIO,1,Loyal Premium Customers
8868-WOZGU,1,Loyal Premium Customers
8869-LIHMK,1,Loyal Premium Customers
8869-TORSS,1,Loyal Premium Customers
8871-JLMHM,1,Loyal Premium Customers
8873-GLDMH,3,Established Standard Customers
8873-TMKGR,2,New Budget Customers
8874-EJNSR,0,Loyal Budget Customers
8875-AKBYH,3,Established Standard Customers
8878-HMWBV,2,New Budget Customers
8878-RYUKI,1,Loyal Premium Customers
8879-XUAHX,1,Loyal Premium Customers
8879-ZKJOF,1,Loyal Premium Customers
8882-TLVRW,0,Loyal Budget Customers
8883-ANODQ,1,Loyal Premium Customers
8883-GRDWQ,3,Established Standard Customers
8884-ADFVN,3,Established Standard Customers
8884-FEEWR,0,Loyal Budget Customers
8884-MRNSU,2,New Budget Customers
8885-QSQBX,3,Established Standard Customers
8887-IPQNC,2,New Budget Customers
8894-JVDCV,1,Loyal Premium Customers
8896-BQTTI,2,New Budget Customers
8896-RAZCR,0,Loyal Budget Customers
8898-KASCD,0,Loyal Budget Customers
8901-HJXTF,2,New Budget Customers
8901-UPRHR,1,Loyal Premium Customers
8902-ZEOVF,0,Loyal Budget Customers
8903-WMRNW,3,Established Standard Customers
8903-XEBGX,3,Established Standard Customers
8904-OPDCK,0,Loyal Budget Customers
8905-IAZPF,1,Loyal Premium Customers
8908-NMQTX,1,Loyal Premium Customers
8908-SLFCJ,2,New Budget Customers
8909-BOLNL,2,New Budget Customers
8910-ICHIU,1,Loyal Premium Customers
8910-LEDAG,3,Established Standard Customers
8914-RBTSB,3,Established Standard Customers
8915-NNTRC,1,Loyal Premium Customers
8917-FAEMR,0,Loyal Budget Customers
8917-SZTTJ,0,Loyal Budget Customers
8919-FYFQZ,0,Loyal Budget Customers
8920-NAVAY,1,Loyal Premium Customers
8922-LIEGH,2,New Budget Customers
8922-NPKBJ,0,Loyal Budget Customers
8929-KSWIH,1,Loyal Premium Customers
8930-XOTDP,3,Established Standard Customers
8931-GJJIQ,3,Established Standard Customers
8932-CZHRQ,1,Loyal Premium Customers
8937-RDTHP,3,Established Standard Customers
8938-UMKPI,1,Loyal Premium Customers
8942-DBMHZ,2,New Budget Customers
8943-URTMR,3,Established Standard Customers
8944-AILEF,2,New Budget Customers
8945-GRKHX,3,Established Standard Customers
8945-MUQUF,1,Loyal Premium Customers
8946-BFWSG,0,Loyal Budget Customers
8947-YRTDV,1,Loyal Premium Customers
8949-JTMAY,1,Loyal Premium Customers
8950-MTZNV,2,New Budget Customers
8952-WCVCD,1,Loyal Premium Customers
8957-THMOA,0,Loyal Budget Customers
8958-JPTRR,0,Loyal Budget Customers
8961-QDZZJ,1,Loyal Premium Customers
8963-JLGJT,3,Established Standard Customers
8963-MQVYN,2,New Budget Customers
8966-KZXXA,0,Loyal Budget Customers
8966-OIQHG,2,New Budget Customers
8966-SNIZF,0,Loyal Budget Customers
8967-SZQAS,2,New Budget Customers
8969-PRHFK,2,New Budget Customers
8970-ANWXO,3,Established Standard Customers
8972-HJWNV,3,Established Standard Customers
8974-OVACP,2,New Budget Customers
8975-SKGRX,1,Loyal Premium Customers
8976-OQHGT,3,Established Standard Customers
8979-CAMGB,1,Loyal Premium Customers
8980-WQFWL,3,Established Standard Customers
8981-FJGLA,3,Established Standard Customers
8982-NHAVY,3,Established Standard Customers
8984-EYLLL,1,Loyal Premium Customers
8984-HPEMB,1,Loyal Premium Customers
8985-OOPOS,3,Established Standard Customers
8988-ECPJR,3,Established Standard Customers
8990-YOZLV,1,Loyal Premium Customers
8990-ZXLSU,3,Established Standard Customers
8992-CEUEN,2,New Budget Customers
8992-JQYUN,3,Established Standard Customers
8992-OBVDG,3,Established Standard Customers
8992-VONJD,3,Established Standard Customers
8993-IZEUX,3,Established Standard Customers
8993-PHFWD,2,New Budget Customers
8996-ZROXE,0,Loyal Budget Customers
8999-BOHSE,3,Established Standard Customers
8999-EXMNO,2,New Budget Customers
8999-XXGNS,1,Loyal Premium Customers
8999-YPYBV,1,Loyal Premium Customers
9000-PLFUZ,0,Loyal Budget Customers
9003-CPATH,3,Established Standard Customers
9013-AQORL,1,Loyal Premium Customers
9018-PCIOK,1,Loyal Premium Customers
9019-QVLZD,3,Established Standard Customers
9025-AOMKI,3,Established Standard Customers
9025-ZRPVR,2,New Budget Customers
9026-LHEVG,2,New Budget Customers
9026-RNUJS,3,Established Standard Customers
9027-TMATR,1,Loyal Premium Customers
9027-YFHQJ,2,New Budget Customers
9028-LIHRP,1,Loyal Premium Customers
9029-FEGVJ,3,Established Standard Customers
9030-QGZNL,2,New Budget Customers
9031-ZVQPT,1,Loyal Premium Customers
9033-EOXWV,3,Established Standard Customers
9036-CSKBW,1,Loyal Premium Customers
9039-RBEEE,3,Established Standard Customers
9039-ZVJDC,2,New Budget Customers
9040-KZVWO,3,Established Standard Customers
9046-DQMTP,0,Loyal Budget Customers
9046-JBFWA,2,New Budget Customers
9048-JVYVF,3,Established Standard Customers
9050-IKDZA,3,Established Standard Customers
9050-QLROH,3,Established Standard Customers
9052-DHNKM,3,Established Standard Customers
9052-VKDUW,1,Loyal Premium Customers
9053-EJUNL,1,Loyal Premium Customers
9053-JZFKV,1,Loyal Premium Customers
9054-FOWNV,3,Established Standard Customers
9055-MOJJJ,1,Loyal Premium Customers
9057-MSWCO,2,New Budget Customers
9057-SIHCH,3,Established Standard Customers
9058-CBREO,2,New Budget Customers
9058-HRZSV,1,Loyal Premium Customers
9058-MJLZC,3,Established Standard Customers
9060-HJJRW,1,Loyal Premium Customers
9061-TIHDA,3,Established Standard Customers
9063-ZGTUY,0,Loyal Budget Customers
9065-ZCPQX,1,Loyal Premium Customers
9066-QRSDU,0,Loyal Budget Customers
9067-SQTNS,0,Loyal Budget Customers
9067-YGSCA,0,Loyal Budget Customers
9068-FHQHD,0,Loyal Budget Customers
9068-VPWQQ,1,Loyal Premium Customers
9069-LGEUL,3,Established Standard Customers
9070-BCKQP,1,Loyal Premium Customers
9073-ZZIAY,1,Loyal Premium Customers
9074-KGVOX,0,Loyal Budget Customers
9076-AXYIK,1,Loyal Premium Customers
9079-LWTFD,1,Loyal Premium Customers
9079-YEXQJ,1,Loyal Premium Customers
9081-WWXKP,0,Loyal Budget Customers
9084-OAYKL,0,Loyal Budget Customers
9086-YJYXS,1,Loyal Premium Customers
9087-EYCPR,0,Loyal Budget Customers
9089-UOWJG,3,Established Standard Customers
9090-SGQXL,1,Loyal Premium Customers
9091-WTUUY,1,Loyal Premium Customers
9092-GDZKO,2,New Budget Customers
9093-FPDLG,3,Established Standard Customers
9094-AZPHK,3,Established Standard Customers
9095-HFAFX,3,Established Standard Customers
9097-ZUBYC,3,Established Standard Customers
9099-FTUHS,3,Established Standard Customers
9101-BWFSS,1,Loyal Premium Customers
9101-NTIXF,2,New Budget Customers
9102-IAYHT,3,Established Standard Customers
9102-OXKFY,0,Loyal Budget Customers
9103-CXVOK,2,New Budget Customers
9103-TCIHJ,3,Established Standard Customers
9107-UKCKY,1,Loyal Premium Customers
9108-EJFJP,3,Established Standard Customers
9108-EQPNQ,2,New Budget Customers
9110-HSGTV,1,Loyal Premium Customers
9112-WSNPU,3,Established Standard Customers
9114-AAFQH,1,Loyal Premium Customers
9114-DPSIA,1,Loyal Premium Customers
9114-VEPUF,1,Loyal Premium Customers
9115-YQHGA,0,Loyal Budget Customers
9117-SHLZX,2,New Budget Customers
9121-PHQSR,3,Established Standard Customers
9122-UMROB,2,New Budget Customers
9124-LHCJQ,3,Established Standard Customers
9127-FHJBZ,1,Loyal Premium Customers
9127-QRZMH,0,Loyal Budget Customers
9128-CPXKI,1,Loyal Premium Customers
9129-UXERG,3,Established Standard Customers
9133-AYJZG,3,Established Standard Customers
9134-CEQMF,3,Established Standard Customers
9134-WYRVP,1,Loyal Premium Customers
9135-HSWOC,0,Loyal Budget Customers
9135-MGVPY,1,Loyal Premium Customers
9136-ALYBR,2,New Budget Customers
9137-NOQKA,2,New Budget Customers
9137-UIYPG,1,Loyal Premium Customers
9138-EFSMO,3,Established Standard Customers
9139-TWBAS,3,Established Standard Customers
9139-WQQDY,1,Loyal Premium Customers
9140-CZQZZ,1,Loyal Premium Customers
9142-KZXOP,3,Established Standard Customers
9142-XMYJH,2,New Budget Customers
9143-CANJF,3,Established Standard Customers
9146-JRIOX,2,New Budget Customers
9150-HEPMB,0,Loyal Budget Customers
9150-KPBJQ,2,New Budget Customers
9152-AMKAK,3,Established Standard Customers
9153-BTBVV,0,Loyal Budget Customers
9154-QDGTH,1,Loyal Premium Customers
9158-VCTQB,1,Loyal Premium Customers
9163-GHAYE,3,Established Standard Customers
9167-APMXZ,3,Established Standard Customers
9168-INPSZ,1,Loyal Premium Customers
9169-BSVIN,3,Established Standard Customers
9170-ARBTB,0,Loyal Budget Customers
9170-CCKOU,3,Established Standard Customers
9170-GYZJC,1,Loyal Premium Customers
9172-ANCRX,3,Established Standard Customers
9172-JITSM,3,Established Standard Customers
9173-IVZVP,0,Loyal Budget Customers
9174-FKWZE,2,New Budget Customers
9174-IHETN,0,Loyal Budget Customers
9178-JHUVJ,2,New Budget Customers
9184-GALIL,0,Loyal Budget Customers
9185-TQCVP,3,Established Standard Customers
9189-JWSHV,3,Established Standard Customers
9190-MFJLN,3,Established Standard Customers
9191-MYQKX,3,Established Standard Customers
9194-GFVOI,1,Loyal Premium Customers
9199-PWQVC,1,Loyal Premium Customers
9200-NLNPD,1,Loyal Premium Customers
9206-GVPEQ,3,Established Standard Customers
9207-ZPANB,1,Loyal Premium Customers
9208-OLGAQ,3,Established Standard Customers
9209-NWPGU,1,Loyal Premium Customers
9210-IAHGH,3,Established Standard Customers
9214-EKVXR,2,New Budget Customers
9220-CXRSC,1,Loyal Premium Customers
9220-ZNKJI,1,Loyal Premium Customers
9221-OTIVJ,3,Established Standard Customers
9223-UCPVT,3,Established Standard Customers
9224-VTYID,1,Loyal Premium Customers
9225-BZLNZ,1,Loyal Premium Customers
9227-LUNBG,2,New Budget Customers
9227-UAQFT,2,New Budget Customers
9227-YBAXE,1,Loyal Premium Customers
9229-RQABD,2,New Budget Customers
9231-ZJYAM,3,Established Standard Customers
9233-PSYHO,1,Loyal Premium Customers
9236-NDUCW,2,New Budget Customers
9237-HQITU,3,Established Standard Customers
9239-GZHZE,1,Loyal Premium Customers
9239-ZBZZV,3,Established Standard Customers
9242-TKFSV,1,Loyal Premium Customers
9244-ZVAPM,2,New Budget Customers
9248-OJYKK,3,Established Standard Customers
9249-FXSCK,1,Loyal Premium Customers
9250-WYPLL,3,Established Standard Customers
9251-AWQGT,0,Loyal Budget Customers
9251-WNSOD,1,Loyal Premium Customers
9253-QXKBE,3,Established Standard Customers
9253-VIFJQ,1,Loyal Premium Customers
9254-RBFON,3,Established Standard Customers
9256-JTBNZ,2,New Budget Customers
9257-AZMTZ,0,Loyal Budget Customers
9258-CNWAC,1,Loyal Premium Customers
9259-PACGQ,3,Established Standard Customers
9261-WDCAF,2,New Budget Customers
9269-CQOOL,3,Established Standard Customers
9272-LSVYH,3,Established Standard Customers
9274-CNFMO,3,Established Standard Customers
9274-UARKJ,3,Established Standard Customers
9277-JOOMO,2,New Budget Customers
9278-VZKCD,1,Loyal Premium Customers
9279-CJEOJ,3,Established Standard Customers
9281-CEDRU,1,Loyal Premium Customers
9281-OFDMF,1,Loyal Premium Customers
9281-PKKZE,0,Loyal Budget Customers
9282-IZGQK,3,Established Standard Customers
9283-LZQOH,3,Established Standard Customers
9286-BHDQG,1,Loyal Premium Customers
9286-DOJGF,3,Established Standard Customers
9289-LBQVU,1,Loyal Premium Customers
9290-SHCMB,3,Established Standard Customers
9294-TDIPC,2,New Budget Customers
9297-EONCV,1,Loyal Premium Customers
9297-FVVDH,1,Loyal Premium Customers
9298-WGMRW,1,Loyal Premium Customers
9300-AGZNL,3,Established Standard Customers
9300-RENDD,3,Established Standard Customers
9305-CDSKC,3,Established Standard Customers
9306-CPCBC,3,Established Standard Customers
9308-ANMVE,3,Established Standard Customers
9309-BZGNT,0,Loyal Budget Customers
9313-CDOGY,0,Loyal Budget Customers
9313-QOLTZ,2,New Budget Customers
9314-IJWSQ,3,Established Standard Customers
9314-QDMDW,3,Established Standard Customers
9317-WZPGV,3,Established Standard Customers
9318-NKNFC,2,New Budget Customers
9323-HGFWY,1,Loyal Premium Customers
9327-QSDED,2,New Budget Customers
9330-DHBFL,3,Established Standard Customers
9330-IJWIO,3,Established Standard Customers
9330-VOFSZ,1,Loyal Premium Customers
9332-GYWLO,3,Established Standard Customers
9334-GWGOW,2,New Budget Customers
9337-SRRNI,0,Loyal Budget Customers
9339-FIIJL,1,Loyal Premium Customers
9342-VNIMQ,3,Established Standard Customers
9347-AERRL,2,New Budget Customers
9348-ROUAI,1,Loyal Premium Customers
9348-YVOMK,2,New Budget Customers
9350-VLHMB,1,Loyal Premium Customers
9350-ZXYJC,2,New Budget Customers
9351-HXDMR,1,Loyal Premium Customers
9351-LZYGF,1,Loyal Premium Customers
9355-NPPFS,3,Established Standard Customers
9356-AXGMP,1,Loyal Premium Customers
9357-UJRUN,3,Established Standard Customers
9359-JANWS,1,Loyal Premium Customers
9359-UGBTK,1,Loyal Premium Customers
9360-AHGNL,1,Loyal Premium Customers
9360-OMDZZ,3,Established Standard Customers
9361-YNQWJ,0,Loyal Budget Customers
9362-MWODR,3,Established Standard Customers
9364-YKUVW,2,New Budget Customers
9365-CSLBQ,0,Loyal Budget Customers
9365-SRSZE,3,Established Standard Customers
9367-OIUXP,2,New Budget Customers
9367-TCUYN,2,New Budget Customers
9367-WXLCH,3,Established Standard Customers
9369-XFEHK,3,Established Standard Customers
9371-BITHB,0,Loyal Budget Customers
9372-TXXPS,1,Loyal Premium Customers
9373-WSLOY,3,Established Standard Customers
9374-YOLBJ,2,New Budget Customers
9375-MHRRS,2,New Budget Customers
9378-FXTIZ,1,Loyal Premium Customers
9381-NDKME,2,New Budget Customers
9385-EHGDO,0,Loyal Budget Customers
9385-NXKDA,1,Loyal Premium Customers
9386-LDCZR,1,Loyal Premium Customers
9388-ZEYVT,0,Loyal Budget Customers
9389-ACWBI,3,Established Standard Customers
9391-DXGGG,1,Loyal Premium Customers
9391-EOYLI,3,Established Standard Customers
9391-LMANN,1,Loyal Premium Customers
9391-TTOYH,2,New Budget Customers
9391-YZEJW,1,Loyal Premium Customers
9392-XBGTD,2,New Budget Customers
9396-ZSFLL,2,New Budget Customers
9397-TZSHA,0,Loyal Budget Customers
9398-MMQTO,3,Established Standard Customers
9399-APLBT,3,Established Standard Customers
9402-CXWPL,1,Loyal Premium Customers
9402-ORRAH,3,Established Standard Customers
9402-ROUMJ,1,Loyal Premium Customers
9405-GPBBG,1,Loyal Premium Customers
9408-HRXRK,1,Loyal Premium Customers
9408-SSNVZ,3,Established Standard Customers
9411-TPQQV,3,Established Standard Customers
9412-ARGBX,1,Loyal Premium Customers
9412-GHEEC,1,Loyal Premium Customers
9415-DPEWS,3,Established Standard Customers
9415-TPKRV,3,Established Standard Customers
9415-ZNBSX,1,Loyal Premium Customers
9418-RUKPH,0,Loyal Budget Customers
9419-IPPBE,1,Loyal Premium Customers
9420-LOJKX,3,Established Standard Customers
9424-CMPOG,2,New Budget Customers
9426-SXNHE,2,New Budget Customers
9430-FRQOC,3,Established Standard Customers
9430-NKQLY,0,Loyal Budget Customers
9432-RUVSL,1,Loyal Premium Customers
9432-VOFYX,3,Established Standard Customers
9435-JMLSX,1,Loyal Premium Customers
9436-ZBZCT,3,Established Standard Customers
9441-QHEVC,2,New Budget Customers
9442-JTWDL,2,New Budget Customers
9443-JUBUO,1,Loyal Premium Customers
9444-JTXHZ,3,Established Standard Customers
9445-SZLCH,1,Loyal Premium Customers
9445-ZUEQE,3,Established Standard Customers
9447-YPTBX,0,Loyal Budget Customers
9448-REEVD,2,New Budget Customers
9450-TRJUU,3,Established Standard Customers
9451-LPGOO,3,Established Standard Customers
9451-WLYRI,0,Loyal Budget Customers
9453-PATOS,1,Loyal Premium Customers
9462-MJUAW,2,New Budget Customers
9465-RWMXL,3,Established Standard Customers
9467-ROOLM,2,New Budget Customers
9469-WEJBT,1,Loyal Premium Customers
9470-RTWDV,3,Established Standard Customers
9470-XCCEM,3,Established Standard Customers
9470-YFUYI,1,Loyal Premium Customers
9473-CBZOP,3,Established Standard Customers
9474-PHLYD,3,Established Standard Customers
9475-NNDGC,1,Loyal Premium Customers
9477-LGWQI,1,Loyal Premium Customers
9479-HYNYL,1,Loyal Premium Customers
9480-BQJEI,1,Loyal Premium Customers
9481-IEBZY,1,Loyal Premium Customers
9481-SFCQY,3,Established Standard Customers
9481-WHGWY,1,Loyal Premium Customers
9483-GCPWE,2,New Budget Customers
9488-FVZCC,1,Loyal Premium Customers
9488-FYQAU,1,Loyal Premium Customers
9488-HGMJH,3,Established Standard Customers
9489-DEDVP,1,Loyal Premium Customers
9489-JMTTN,1,Loyal Premium Customers
9489-UTFKA,3,Established Standard Customers
9490-DFPMD,3,Established Standard Customers
9492-TOKRI,3,Established Standard Customers
9494-BDNNC,1,Loyal Premium Customers
9494-MRNYX,3,Established Standard Customers
9495-REDIY,2,New Budget Customers
9495-SKLKD,1,Loyal Premium Customers
9496-IVVRP,2,New Budget Customers
9497-QCMMS,3,Established Standard Customers
9498-FIMXL,2,New Budget Customers
9499-XPZXM,1,Loyal Premium Customers
9500-IWPXQ,1,Loyal Premium Customers
9500-LTVBP,3,Established Standard Customers
9500-WBGRP,0,Loyal Budget Customers
9501-UKKNL,1,Loyal Premium Customers
9503-XJUME,0,Loyal Budget Customers
9504-DSHWM,3,Established Standard Customers
9504-YAZWB,0,Loyal Budget Customers
9505-SQFSW,3,Established Standard Customers
9506-UXUSK,3,Established Standard Customers
9507-EXLTT,3,Established Standard Customers
9507-HSMMZ,0,Loyal Budget Customers
9508-ILZDG,3,Established Standard Customers
9509-MPYOD,0,Loyal Budget Customers
9512-PHSMG,2,New Budget Customers
9512-UIBFX,3,Established Standard Customers
9513-DXHDA,1,Loyal Premium Customers
9514-JDSKI,2,New Budget Customers
9518-IMLHK,1,Loyal Premium Customers
9518-RWHZL,1,Loyal Premium Customers
9518-XXBXE,3,Established Standard Customers
9522-BNTHX,3,Established Standard Customers
9522-ZSINC,2,New Budget Customers
9524-EGPJC,3,Established Standard Customers
9526-BIHHD,2,New Budget Customers
9526-JAWYF,3,Established Standard Customers
9529-OFXHY,3,Established Standard Customers
9530-EHPOH,3,Established Standard Customers
9530-GRMJG,1,Loyal Premium Customers
9531-NSBMR,0,Loyal Budget Customers
9534-NSXEM,2,New Budget Customers
9537-JALFH,0,Loyal Budget Customers
9537-VHDTA,3,Established Standard Customers
9540-JYROE,3,Established Standard Customers
9541-PWTWO,1,Loyal Premium Customers
9541-ZPSEA,1,Loyal Premium Customers
9544-PYPSJ,1,Loyal Premium Customers
9546-CQJSU,3,Established Standard Customers
9546-KDTRB,2,New Budget Customers
9547-ITEFG,3,Established Standard Customers
9548-LERKT,2,New Budget Customers
9548-LIGTA,1,Loyal Premium Customers
9548-ZMVTX,1,Loyal Premium Customers
9552-TGUZV,3,Established Standard Customers
9553-DLCLU,3,Established Standard Customers
9554-DFKIC,3,Established Standard Customers
9555-SAHUZ,3,Established Standard Customers
9558-IHEZX,1,Loyal Premium Customers
9560-ARGQJ,2,New Budget Customers
9560-BBZXK,0,Loyal Budget Customers
9564-KCLHR,3,Established Standard Customers
9565-AXSMR,0,Loyal Budget Customers
9565-DJPIB,3,Established Standard Customers
9565-FLVCG,1,Loyal Premium Customers
9565-JSNFM,3,Established Standard Customers
9570-KYEUA,1,Loyal Premium Customers
9571-EDEBV,1,Loyal Premium Customers
9572-MTILT,1,Loyal Premium Customers
9572-WUKSB,2,New Budget Customers
9574-BOSMD,0,Loyal Budget Customers
9574-RKJIF,3,Established Standard Customers
9575-IWCAZ,2,New Budget Customers
9576-ANLXO,3,Established Standard Customers
9576-SYUHJ,3,Established Standard Customers
9577-WJVCQ,0,Loyal Budget Customers
9578-FOMUK,2,New Budget Customers
9578-VRMNM,3,Established Standard Customers
9581-GVBXT,0,Loyal Budget Customers
9584-EXCDZ,3,Established Standard Customers
9585-KKMFD,0,Loyal Budget Customers
9586-JGQKH,1,Loyal Premium Customers
9588-OZDMQ,2,New Budget Customers
9588-YRFHY,0,Loyal Budget Customers
9589-ABEPT,1,Loyal Premium Customers
9591-YVTEB,0,Loyal Budget Customers
9592-ERDKV,1,Loyal Premium Customers
9593-CVZKR,0,Loyal Budget Customers
9600-NAXZN,1,Loyal Premium Customers
9600-UDOPK,3,Established Standard Customers
9601-BRXPO,1,Loyal Premium Customers
9602-WCXPI,0,Loyal Budget Customers
9603-OAIHC,3,Established Standard Customers
9605-WGJVW,3,Established Standard Customers
9606-PBKBQ,3,Established Standard Customers
9609-BENEA,3,Established Standard Customers
9610-WCESF,0,Loyal Budget Customers
9611-CTWIH,3,Established Standard Customers
9614-RMGHA,1,Loyal Premium Customers
9617-INGJY,3,Established Standard Customers
9617-UDPEU,2,New Budget Customers
9618-LFJRU,2,New Budget Customers
9619-GSATL,0,Loyal Budget Customers
9620-ENEJV,3,Established Standard Customers
9620-QJREV,0,Loyal Budget Customers
9621-OUPYD,2,New Budget Customers
9624-EGDEQ,0,Loyal Budget Customers
9625-QNLUX,1,Loyal Premium Customers
9625-QSTYE,3,Established Standard Customers
9625-RZFUK,0,Loyal Budget Customers
9626-VFRGG,1,Loyal Premium Customers
9626-WEQRM,2,New Budget Customers
9629-NHXFW,2,New Budget Customers
9631-RXVJM,0,Loyal Budget Customers
9631-XEYKE,2,New Budget Customers
9633-DENPU,1,Loyal Premium Customers
9633-XQABV,3,Established Standard Customers
9637-CDTKZ,1,Loyal Premium Customers
9637-EIHEQ,3,Established Standard Customers
9638-JIQYA,2,New Budget Customers
9639-BUJXT,0,Loyal Budget Customers
9640-ZSLDC,1,Loyal Premium Customers
9643-AVVWI,3,Established Standard Customers
9643-YBLUR,3,Established Standard Customers
9644-KVCNC,1,Loyal Premium Customers
9644-UMGQA,3,Established Standard Customers
9646-NMHXE,0,Loyal Budget Customers
9647-ERGBE,1,Loyal Premium Customers
9648-BCHKM,2,New Budget Customers
9650-VBUOG,0,Loyal Budget Customers
9651-GTSAQ,1,Loyal Premium Customers
9658-WYUFB,3,Established Standard Customers
9659-QEQSY,1,Loyal Premium Customers
9659-ZTWSM,1,Loyal Premium Customers
9661-ACXBS,1,Loyal Premium Customers
9661-JALZV,0,Loyal Budget Customers
9661-MHUMO,3,Established Standard Customers
9667-EQRXU,2,New Budget Customers
9667-TKTVZ,3,Established Standard Customers
9668-PUGNU,0,Loyal Budget Customers
9670-BPNXF,1,Loyal Premium Customers
9674-EHPPG,0,Loyal Budget Customers
9675-ICXCT,1,Loyal Premium Customers
9677-AVKED,1,Loyal Premium Customers
9680-NIAUV,1,Loyal Premium Customers
9681-KYGYB,1,Loyal Premium Customers
9681-OXGVC,3,Established Standard Customers
9685-WKZGT,3,Established Standard Customers
9688-YGXVR,1,Loyal Premium Customers
9689-PTNPG,3,Established Standard Customers
9691-HKOVS,1,Loyal Premium Customers
9692-TUSXH,3,Established Standard Customers
9693-XMUOB,1,Loyal Premium Customers
9695-IDRZR,1,Loyal Premium Customers
9696-RMYBA,3,Established Standard Customers
9699-UBQFS,1,Loyal Premium Customers
9700-ISPUP,3,Established Standard Customers
9700-ZCLOT,2,New Budget Customers
9701-CDXHR,0,Loyal Budget Customers
9702-AIUJO,0,Loyal Budget Customers
9705-IOVQQ,1,Loyal Premium Customers
9705-ZJBCG,3,Established Standard Customers
9708-HPXWZ,3,Established Standard Customers
9708-KFDBY,2,New Budget Customers
9710-NJERN,0,Loyal Budget Customers
9710-ZUSHQ,1,Loyal Premium Customers
9711-FJTBX,1,Loyal Premium Customers
9714-EDSUC,3,Established Standard Customers
9715-SBVSU,3,Established Standard Customers
9715-WZCLW,1,Loyal Premium Customers
9717-IOAAF,2,New Budget Customers
9717-QEBGU,3,Established Standard Customers
9720-JJJOR,1,Loyal Premium Customers
9722-UJOJR,3,Established Standard Customers
9725-SCPZG,3,Established Standard Customers
9728-FTTVZ,3,Established Standard Customers
9730-DRTMJ,3,Established Standard Customers
9732-EQMWY,1,Loyal Premium Customers
9732-KPKBW,3,Established Standard Customers
9732-OUYRN,0,Loyal Budget Customers
9734-UYXQI,3,Established Standard Customers
9734-YWGEX,3,Established Standard Customers
9738-QLWTP,3,Established Standard Customers
9739-JLPQJ,1,Loyal Premium Customers
9741-YLNTD,3,Established Standard Customers
9742-XOKTS,1,Loyal Premium Customers
9743-DQKQW,2,New Budget Customers
9746-MDMBK,1,Loyal Premium Customers
9746-UGFAC,2,New Budget Customers
9746-YKGXB,0,Loyal Budget Customers
9747-DDZOS,3,Established Standard Customers
9750-BOOHV,0,Loyal Budget Customers
9752-ZNQUT,3,Established Standard Customers
9753-OYLBX,2,New Budget Customers
9754-CLVZW,2,New Budget Customers
9755-JHNMN,1,Loyal Premium Customers
9758-MFWGD,0,Loyal Budget Customers
9761-XUJWD,3,Established Standard Customers
9762-YAQAA,3,Established Standard Customers
9763-GRSKD,2,New Budget Customers
9763-PDTKK,3,Established Standard Customers
9764-REAFF,0,Loyal Budget Customers
9766-HGEDE,2,New Budget Customers
9767-FFLEM,3,Established Standard Customers
9769-TSBZE,1,Loyal Premium Customers
9770-KXGQU,1,Loyal Premium Customers
9770-LXDBK,2,New Budget Customers
9773-PEQBZ,3,Established Standard Customers
9774-NRNAU,1,Loyal Premium Customers
9776-CLUJA,1,Loyal Premium Customers
9776-OJUZI,1,Loyal Premium Customers
9777-IQHWP,1,Loyal Premium Customers
9777-WJJPR,3,Established Standard Customers
9778-OGKQZ,1,Loyal Premium Customers
9779-DPNEJ,3,Established Standard Customers
9780-FKVVF,3,Established Standard Customers
9782-LGXMC,1,Loyal Premium Customers
9786-IJYDL,1,Loyal Premium Customers
9786-YWNHU,1,Loyal Premium Customers
9787-XVQIU,3,Established Standard Customers
9788-HNGUT,1,Loyal Premium Customers
9788-YTFGE,2,New Budget Customers
9793-WECQC,2,New Budget Customers
9795-NREXC,1,Loyal Premium Customers
9795-SHUHB,1,Loyal Premium Customers
9795-VOWON,2,New Budget Customers
9796-BPKIW,3,Established Standard Customers
9796-MVYXX,3,Established Standard Customers
9798-DRYDS,3,Established Standard Customers
9798-OPFEM,0,Loyal Budget Customers
9799-CAYJJ,3,Established Standard Customers
9800-ONTFE,3,Established Standard Customers
9800-OUIGR,0,Loyal Budget Customers
9801-GDWGV,1,Loyal Premium Customers
9801-NOSHQ,2,New Budget Customers
9802-CAQUT,1,Loyal Premium Customers
9803-FTJCG,1,Loyal Premium Customers
9804-ICWBG,3,Established Standard Customers
9805-FILKB,0,Loyal Budget Customers
9809-IMGCQ,3,Established Standard Customers
9812-GHVRI,3,Established Standard Customers
9814-AOUDH,0,Loyal Budget Customers
9817-APLHW,2,New Budget Customers
9818-XQCUV,2,New Budget Customers
9819-FBNSV,3,Established Standard Customers
9820-RMCQV,2,New Budget Customers
9821-BESNZ,0,Loyal Budget Customers
9821-POOTN,3,Established Standard Customers
9822-BIIGN,1,Loyal Premium Customers
9822-OAOVB,3,Established Standard Customers
9822-WMWVG,1,Loyal Premium Customers
9823-EALYC,1,Loyal Premium Customers
9824-BEMCV,3,Established Standard Customers
9824-QCJPK,0,Loyal Budget Customers
9825-YCXWZ,1,Loyal Premium Customers
9828-AOQLM,2,New Budget Customers
9828-QHFBK,3,Established Standard Customers
9830-ECLEN,1,Loyal Premium Customers
9831-BPFRI,1,Loyal Premium Customers
9833-TGFHX,1,Loyal Premium Customers
9835-ZIITK,1,Loyal Premium Customers
9837-BMCLM,3,Established Standard Customers
9837-FWLCH,2,New Budget Customers
9838-BFCQT,0,Loyal Budget Customers
9839-ETQOE,0,Loyal Budget Customers
9840-DVNDC,3,Established Standard Customers
9840-EFJQB,3,Established Standard Customers
9842-EFSYY,3,Established Standard Customers
9844-FELAJ,1,Loyal Premium Customers
9845-PEEKO,1,Loyal Premium Customers
9845-QOMAD,2,New Budget Customers
9846-GKXAS,3,Established Standard Customers
9847-HNVGP,2,New Budget Customers
9848-JQJTX,1,Loyal Premium Customers
9850-OWRHQ,3,Established Standard Customers
9851-KIELU,3,Established Standard Customers
9851-QXEEQ,1,Loyal Premium Customers
9853-JFZDU,3,Established Standard Customers
9860-LISIZ,0,Loyal Budget Customers
9861-PDSZP,1,Loyal Premium Customers
9862-KJTYK,2,New Budget Customers
9863-JZAIC,3,Established Standard Customers
9866-OCCKE,1,Loyal Premium Customers
9866-QEVEE,3,Established Standard Customers
9867-JCZSP,2,New Budget Customers
9867-NNXLC,2,New Budget Customers
9867-XOBQA,3,Established Standard Customers
9871-ELEYA,3,Established Standard Customers
9873-MNDKV,2,New Budget Customers
9874-QLCLH,3,Established Standard Customers
9878-TNQGW,3,Established Standard Customers
9880-TDQAC,1,Loyal Premium Customers
9881-VCZEP,3,Established Standard Customers
9885-AIBVB,3,Established Standard Customers
9885-CSMWE,3,Established Standard Customers
9885-MFVSU,0,Loyal Budget Customers
9888-ZCUMM,1,Loyal Premium Customers
9889-TMAHG,3,Established Standard Customers
9891-NQDBD,2,New Budget Customers
9894-EZEWG,3,Established Standard Customers
9894-QMIMJ,3,Established Standard Customers
9895-VFOXH,2,New Budget Customers
9896-UYMIE,1,Loyal Premium Customers
9897-KXHCM,3,Established Standard Customers
9898-KZQDZ,0,Loyal Budget Customers
9903-LYSAB,3,Established Standard Customers
9904-EHEVJ,3,Established Standard Customers
9906-NHHVC,1,Loyal Premium Customers
9907-SWKKF,2,New Budget Customers
9909-DFRJA,1,Loyal Premium Customers
9909-IDLEK,3,Established Standard Customers
9912-GVSEQ,3,Established Standard Customers
9912-OMZDS,1,Loyal Premium Customers
9916-AYHTC,0,Loyal Budget Customers
9917-KWRBE,1,Loyal Premium Customers
9919-FZDED,1,Loyal Premium Customers
9919-KNPOO,3,Established Standard Customers
9919-YLNNG,1,Loyal Premium Customers
9921-EZKBY,1,Loyal Premium Customers
9921-QFQUL,3,Established Standard Customers
9921-ZVRHG,3,Established Standard Customers
9924-JPRMC,1,Loyal Premium Customers
9926-PJHDQ,1,Loyal Premium Customers
9927-DSWDF,1,Loyal Premium Customers
9928-BZVLZ,3,Established Standard Customers
9929-PLVPA,2,New Budget Customers
9931-DCEZH,3,Established Standard Customers
9931-KGHOA,0,Loyal Budget Customers
9932-WBWIK,2,New Budget Customers
9933-QRGTX,1,Loyal Premium Customers
9938-EKRGF,3,Established Standard Customers
9938-PRCVK,0,Loyal Budget Customers
9938-TKDGL,1,Loyal Premium Customers
9938-ZREHM,1,Loyal Premium Customers
9940-HPQPG,3,Established Standard Customers
9940-RHLFB,3,Established Standard Customers
9943-VSZUV,0,Loyal Budget Customers
9944-AEXBM,3,Established Standard Customers
9944-HKVVB,3,Established Standard Customers
9945-PSVIP,2,New Budget Customers
9947-OTFQU,3,Established Standard Customers
9948-YPTDG,3,Established Standard Customers
9950-MTGYX,2,New Budget Customers
9953-ZMKSM,0,Loyal Budget Customers
9955-QOPOY,1,Loyal Premium Customers
9957-YODKZ,3,Established Standard Customers
9958-MEKUC,1,Loyal Premium Customers
9959-WOFKT,1,Loyal Premium Customers
9961-JBNMK,2,New Budget Customers
9962-BFPDU,2,New Budget Customers
9964-WBQDJ,0,Loyal Budget Customers
9965-YOKZB,3,Established Standard Customers
9967-ATRFS,2,New Budget Customers
9968-FFVVH,1,Loyal Premium Customers
9970-QBCDA,2,New Budget Customers
9971-ZWPBF,0,Loyal Budget Customers
9972-EWRJS,0,Loyal Budget Customers
9972-NKTFD,3,Established Standard Customers
9972-VAFJJ,1,Loyal Premium Customers
9974-JFBHQ,1,Loyal Premium Customers
9975-GPKZU,0,Loyal Budget Customers
9975-SKRNR,2,New Budget Customers
9978-HYCIN,1,Loyal Premium Customers
9979-RGMZT,3,Established Standard Customers
9985-MWVIX,3,Established Standard Customers
9986-BONCE,2,New Budget Customers
9987-LUTYD,3,Established Standard Customers
9992-RRAMN,3,Established Standard Customers
9992-UJOEL,3,Established Standard Customers
9993-LHIEB,1,Loyal Premium Customers
9995-HOTOH,1,Loyal Premium Customers
