Customer_ID,Churn_Probability,Predicted_CLV,Priority_Label,Segment
6900-PXRMS,0.9666390986964499,2797.854900000001,Immediate Save,Established Standard Customers
2845-AFFTX,0.9663858671091328,5109.123099999997,Immediate Save,Loyal Premium Customers
3473-XIIIT,0.9634638265648507,2156.115999999998,Immediate Save,Established Standard Customers
5995-SNNEW,0.9611137567150929,3293.803699999996,Immediate Save,Established Standard Customers
9189-JWSHV,0.9582529364355015,2619.791700000001,Immediate Save,Established Standard Customers
4021-RQSNY,0.9567508815113435,3692.034199999994,Immediate Save,Established Standard Customers
5385-SUIRI,0.9543597862607729,7417.738600000007,Immediate Save,Loyal Premium Customers
3565-UNOCC,0.9537712783420763,3495.4498,Immediate Save,Loyal Premium Customers
7029-RPUAV,0.9528521031645025,2119.954400000001,Immediate Save,Established Standard Customers
9647-ERGBE,0.9527183352149462,4249.677299999998,Immediate Save,Loyal Premium Customers
1833-TCXKK,0.9524887959665741,6229.555500000001,Immediate Save,Loyal Premium Customers
7658-UYUQS,0.9509749703996611,2290.776199999997,Immediate Save,Established Standard Customers
9253-QXKBE,0.9500031423095485,2854.5918999999994,Immediate Save,Established Standard Customers
2840-XANRC,0.9499789349611696,2649.314900000004,Immediate Save,Established Standard Customers
0397-GZBBC,0.9497171709490089,6245.052600000006,Immediate Save,Loyal Premium Customers
3791-LGQCY,0.9495588834151175,7646.683900000004,Immediate Save,Loyal Premium Customers
3096-GKWEB,0.9478356816833122,2293.029499999998,Immediate Save,Established Standard Customers
6319-IEJWJ,0.945440323468606,2783.6987000000017,Immediate Save,Established Standard Customers
5244-IRFIH,0.9453177639035857,4068.0380999999984,Immediate Save,Established Standard Customers
8111-SLLHI,0.9447149037082281,5418.647399999998,Immediate Save,Loyal Premium Customers
5480-TBGPH,0.9443502524668471,3475.868100000005,Immediate Save,Loyal Premium Customers
3838-OZURD,0.9442318110038751,7552.314699999997,Immediate Save,Loyal Premium Customers
1587-FKLZB,0.9408218233394724,8473.804200000002,Immediate Save,Loyal Premium Customers
5331-RGMTT,0.9403130718361983,7446.863399999997,Immediate Save,Loyal Premium Customers
4289-DTDKW,0.9402711221946932,4999.094999999999,Immediate Save,Loyal Premium Customers
5307-DZCVC,0.9401375198797739,4217.4495,Immediate Save,Established Standard Customers
5955-ERIHD,0.9395147013799132,2253.0884999999967,Immediate Save,Established Standard Customers
8290-YWKHZ,0.9391897875935333,4041.583499999995,Immediate Save,Established Standard Customers
4433-JCGCG,0.9369518658935109,4955.530999999993,Immediate Save,Loyal Premium Customers
4039-HEUNW,0.9364746920701735,4010.501799999998,Immediate Save,Loyal Premium Customers
3003-CMDUU,0.9362327932715534,3163.1138000000037,Immediate Save,Established Standard Customers
8436-BJUMM,0.9362031866927066,3054.6329000000005,Immediate Save,Established Standard Customers
8634-MPHTR,0.9358876808408455,5217.772900000005,Immediate Save,Loyal Premium Customers
0324-BRPCJ,0.9351873530078527,8347.349799999998,Immediate Save,Loyal Premium Customers
5647-FXOTP,0.9344642056170409,8603.339500000006,Immediate Save,Loyal Premium Customers
3312-ZWLGF,0.9344419554281111,2621.2067000000006,Immediate Save,Established Standard Customers
6393-WRYZE,0.9331935469337773,4702.828300000004,Immediate Save,Loyal Premium Customers
6518-LGAOV,0.9317507637809174,4465.732499999999,Immediate Save,Loyal Premium Customers
5219-YIPTK,0.9316975568732937,3791.0475999999962,Immediate Save,Loyal Premium Customers
0576-WNXXC,0.9316281353586925,3602.757999999997,Immediate Save,Established Standard Customers
2974-GGUXS,0.9308543533718583,3677.4158,Immediate Save,Established Standard Customers
5419-JKZNQ,0.9305276059079809,2475.0817999999995,Immediate Save,Established Standard Customers
9172-JITSM,0.9292142737455013,2780.5432000000037,Immediate Save,Established Standard Customers
7240-FQLHE,0.9284840024070422,2204.782099999997,Immediate Save,Established Standard Customers
1028-FFNJK,0.9277402436440488,4377.176699999999,Immediate Save,Established Standard Customers
5981-ITEMU,0.9263806430484796,4589.9825999999985,Immediate Save,Loyal Premium Customers
9606-PBKBQ,0.9255647273275881,3022.9829999999993,Immediate Save,Established Standard Customers
7739-LAXOG,0.9252865177316192,4466.4555,Immediate Save,Established Standard Customers
0946-CLJTI,0.9251254865897396,6066.647399999998,Immediate Save,Loyal Premium Customers
5519-YLDGW,0.9249374188872492,2269.0396999999966,Immediate Save,Established Standard Customers
0115-TFERT,0.9240263339696824,3086.1252999999992,Immediate Save,Established Standard Customers
6646-VRFOL,0.9239028561762749,7499.640999999994,Immediate Save,Loyal Premium Customers
1771-OADNZ,0.9237965067458784,3782.465899999994,Immediate Save,Established Standard Customers
7599-FKVXZ,0.9236183689228897,4687.6254999999965,Immediate Save,Loyal Premium Customers
6651-AZVTJ,0.922943051747316,7207.264600000004,Immediate Save,Loyal Premium Customers
7137-RYLPP,0.9223263086660585,4554.076300000004,Immediate Save,Established Standard Customers
7142-HVGBG,0.9220917161946953,5128.259099999993,Immediate Save,Loyal Premium Customers
8714-EUHJO,0.9214334716653061,4005.192499999998,Immediate Save,Established Standard Customers
2568-OIADY,0.9212122480555862,5046.862399999995,Immediate Save,Loyal Premium Customers
8914-RBTSB,0.9209964304100059,3088.6223999999984,Immediate Save,Established Standard Customers
0310-MVLET,0.9201024092463379,9005.570500000013,Immediate Save,Loyal Premium Customers
0599-XNYDO,0.9200476244452549,2406.0358999999976,Immediate Save,Established Standard Customers
9369-XFEHK,0.9199937100444096,3774.6270000000018,Immediate Save,Established Standard Customers
3536-IQCTX,0.9197437067777875,4245.823599999996,Immediate Save,Established Standard Customers
7056-IMHCC,0.9194026032666314,5935.272299999987,Immediate Save,Loyal Premium Customers
9601-BRXPO,0.9188893225592711,2749.847900000001,Immediate Save,Loyal Premium Customers
0886-QGENL,0.9187694460360548,3912.719300000004,Immediate Save,Established Standard Customers
5886-VLQVU,0.9186432405701868,4052.0133,Immediate Save,Established Standard Customers
1989-PRJHP,0.9184549631817368,2247.344699999998,Immediate Save,Established Standard Customers
5364-XYIRR,0.9178507375323791,5898.4654,Immediate Save,Loyal Premium Customers
8621-MNIHH,0.9177700812652687,3469.040500000001,Immediate Save,Established Standard Customers
2474-BRUCM,0.9176765057606521,4283.294099999995,Immediate Save,Loyal Premium Customers
8708-XPXHZ,0.917438639611841,4427.639999999999,Immediate Save,Loyal Premium Customers
3001-CBHLQ,0.9169548413269596,4595.266,Immediate Save,Loyal Premium Customers
9102-IAYHT,0.9164189950107883,2226.701499999997,Immediate Save,Established Standard Customers
4070-OKWVH,0.915948010412801,6498.515800000001,Immediate Save,Loyal Premium Customers
6818-WOBHJ,0.9138116763481094,7745.991099999994,Immediate Save,Loyal Premium Customers
9090-SGQXL,0.9134043917450924,10507.48249999999,Immediate Save,Loyal Premium Customers
6583-QGCSI,0.9129615329987302,6153.977700000004,Immediate Save,Loyal Premium Customers
9614-RMGHA,0.9128470022836951,8301.57849999999,Immediate Save,Loyal Premium Customers
4566-GOLUK,0.912779477464606,6827.351599999997,Immediate Save,Loyal Premium Customers
5099-BAILX,0.9125027186146538,5322.944200000002,Immediate Save,Loyal Premium Customers
2685-SREOM,0.9124618440760569,2867.784599999999,Immediate Save,Established Standard Customers
8849-AYPTR,0.9090086509048854,3979.8668000000052,Immediate Save,Established Standard Customers
5889-JTMUL,0.9088121305304271,6542.805399999998,Immediate Save,Loyal Premium Customers
9912-GVSEQ,0.9075103638172125,2691.0326000000014,Immediate Save,Established Standard Customers
5536-RTPWK,0.907042722866875,5865.96940000001,Immediate Save,Loyal Premium Customers
0654-HMSHN,0.9063903016384101,3039.463200000001,Immediate Save,Established Standard Customers
8840-DQLGN,0.905723363035787,4064.6381,Immediate Save,Loyal Premium Customers
8695-ARGXZ,0.9041337957714701,2560.6309999999985,Immediate Save,Established Standard Customers
4446-BZKHU,0.9039281582129399,9084.225600000014,Immediate Save,Loyal Premium Customers
0895-DQHEW,0.9036737946368131,7289.209800000003,Immediate Save,Loyal Premium Customers
4658-HCOHW,0.903510976266398,2481.057100000001,Immediate Save,Loyal Premium Customers
7627-JKIAZ,0.9034559616481705,4242.108000000008,Immediate Save,Established Standard Customers
3768-NLUBH,0.9033917884640775,8138.671799999991,Immediate Save,Loyal Premium Customers
2082-OJVTK,0.901980192783938,2807.876800000001,Immediate Save,Established Standard Customers
4971-PUYQO,0.9012081614088391,2984.3722000000025,Immediate Save,Established Standard Customers
1309-BXVOQ,0.90087156800501,2667.8588000000022,Immediate Save,Established Standard Customers
9992-RRAMN,0.9006380966479053,2239.5980000000027,Immediate Save,Established Standard Customers
3427-GGZZI,0.9006123120179921,2463.1611999999955,Immediate Save,Established Standard Customers
5373-SFODM,0.8986528489780652,3985.024500000002,Immediate Save,Established Standard Customers
6599-RCLCJ,0.8969455783142659,5402.916299999999,Immediate Save,Loyal Premium Customers
3672-YITQD,0.8967147717590469,4174.350600000002,Immediate Save,Established Standard Customers
3194-ORPIK,0.8958607883448949,5959.513000000007,Immediate Save,Loyal Premium Customers
7969-AULMZ,0.8950825528511845,2289.383899999999,Immediate Save,Established Standard Customers
1228-FZFRV,0.8950521083141116,6435.437200000002,Immediate Save,Loyal Premium Customers
5569-OUICF,0.894628175600125,3235.8117999999986,Immediate Save,Established Standard Customers
7233-DRTRF,0.8946132397233798,7549.820900000002,Immediate Save,Loyal Premium Customers
8625-AZYZY,0.8941920243905982,2621.1729000000023,Immediate Save,Loyal Premium Customers
3001-UNBTL,0.8936030317198762,4314.744799999997,Immediate Save,Established Standard Customers
2683-BPJSO,0.8930286788428626,3282.040899999999,Immediate Save,Established Standard Customers
9600-UDOPK,0.8926220244035467,3142.559900000004,Immediate Save,Established Standard Customers
4550-VBOFE,0.8923469283980168,8298.285400000002,Immediate Save,Loyal Premium Customers
5502-RLUYV,0.892343878485541,9907.494499999988,Immediate Save,Loyal Premium Customers
8749-JMNKX,0.88964714651721,5899.140600000005,Immediate Save,Loyal Premium Customers
6683-VLCTZ,0.8894648559639625,2818.678600000001,Immediate Save,Established Standard Customers
1891-FZYSA,0.889251059735148,7376.963699999989,Immediate Save,Loyal Premium Customers
4423-YLHDV,0.8890036841429593,2984.1166000000026,Immediate Save,Established Standard Customers
0354-WYROK,0.8884209144996555,4427.542299999998,Immediate Save,Loyal Premium Customers
9574-RKJIF,0.887673694520049,3759.2151000000054,Immediate Save,Established Standard Customers
5565-FILXA,0.8873387353582003,2132.497800000002,Immediate Save,Established Standard Customers
2144-BFDSO,0.8866208746605784,6023.136099999998,Immediate Save,Loyal Premium Customers
0256-LTHVJ,0.886128291686307,2694.487999999998,Immediate Save,Established Standard Customers
8610-WFCJF,0.8859111350989076,7152.084199999998,Immediate Save,Loyal Premium Customers
0407-BDJKB,0.8853011460546525,7935.615999999993,Immediate Save,Loyal Premium Customers
5389-FFVKB,0.8852754394229173,2705.2794999999983,Immediate Save,Established Standard Customers
3384-CTMSF,0.8836143130173013,7211.895899999996,Immediate Save,Loyal Premium Customers
3207-OYBWH,0.8831572489759743,8126.083899999995,Immediate Save,Loyal Premium Customers
5449-FIBXJ,0.8831520998525446,2468.314499999998,Immediate Save,Established Standard Customers
5419-KLXBN,0.8828485489631696,2849.362499999999,Immediate Save,Established Standard Customers
2037-SGXHH,0.882709740738303,5190.1219999999985,Immediate Save,Loyal Premium Customers
0524-IAVZO,0.8823665762392956,2781.888100000002,Immediate Save,Established Standard Customers
4983-CLMLV,0.8815161953591727,7526.07810000001,Immediate Save,Loyal Premium Customers
4094-NSEDU,0.8807616558362334,2428.750199999997,Immediate Save,Established Standard Customers
9465-RWMXL,0.880126932437026,3230.000900000001,Immediate Save,Established Standard Customers
7869-ZYDST,0.8796975546509518,2795.295299999998,Immediate Save,Established Standard Customers
9279-CJEOJ,0.8796771332829566,2821.4273,Immediate Save,Established Standard Customers
1035-IPQPU,0.8790120735968844,7659.875699999988,Immediate Save,Loyal Premium Customers
5498-TXHLF,0.8789807578958375,4251.370799999997,Immediate Save,Established Standard Customers
0410-IPFTY,0.8785171018153063,3010.2093000000004,Immediate Save,Established Standard Customers
3023-GFLBR,0.8779245888000401,3358.2011,Immediate Save,Established Standard Customers
3976-BWUCK,0.8776941908957705,3019.4623000000006,Immediate Save,Established Standard Customers
9809-IMGCQ,0.8767656481884283,3073.5266,Immediate Save,Established Standard Customers
1173-NOEYG,0.8765461818418414,3039.141700000003,Immediate Save,Established Standard Customers
2659-VXMWZ,0.874900168731316,9534.53640000001,Immediate Save,Loyal Premium Customers
5287-QWLKY,0.8746700003260136,10675.592499999995,Immediate Save,Loyal Premium Customers
2195-ZRVAX,0.874626827609183,6046.688199999997,Immediate Save,Loyal Premium Customers
6467-CHFZW,0.8742792722022257,6307.5742000000055,Immediate Save,Loyal Premium Customers
6771-XWBDM,0.8742401647983622,8259.378500000006,Immediate Save,Loyal Premium Customers
9360-OMDZZ,0.8733259542702921,3084.4346999999975,Immediate Save,Established Standard Customers
4597-NUCQV,0.8732428716154713,3015.1342000000004,Immediate Save,Established Standard Customers
0611-DFXKO,0.8730245766657205,2183.6527000000015,Immediate Save,Established Standard Customers
2856-NNASM,0.8726743904720641,5470.9501999999975,Immediate Save,Loyal Premium Customers
9158-VCTQB,0.8714831300484144,4802.902099999993,Immediate Save,Loyal Premium Customers
0337-CNPZE,0.8712074454565253,4714.312199999997,Immediate Save,Loyal Premium Customers
1323-OOEPC,0.8709008794187811,7397.52699999999,Immediate Save,Loyal Premium Customers
1343-EHPYB,0.869761327724153,9659.385799999991,Immediate Save,Loyal Premium Customers
2249-YPRNG,0.8693570708378937,2743.835300000004,Immediate Save,Established Standard Customers
7547-EKNFS,0.8685901110082743,4744.141199999994,Immediate Save,Loyal Premium Customers
7028-DVOIQ,0.8683828686559808,4207.1297,Immediate Save,Established Standard Customers
8118-LSUEL,0.8682608598840041,2810.016100000002,Immediate Save,Established Standard Customers
3990-QYKBE,0.8672000604720151,4951.8106000000025,Immediate Save,Loyal Premium Customers
0236-HFWSV,0.8669050680112936,2139.7760000000026,Immediate Save,Established Standard Customers
8019-ENHXU,0.8667522432126997,5723.105400000008,Immediate Save,Loyal Premium Customers
2657-ALMWY,0.8664574182472703,2686.7510999999995,Immediate Save,Established Standard Customers
0320-JDNQG,0.8654913552071553,3190.3588,Immediate Save,Established Standard Customers
3923-CSIHK,0.8650019457912408,3914.047899999998,Immediate Save,Loyal Budget Customers
8155-IBNHG,0.8633266219225412,2254.3716,Immediate Save,Established Standard Customers
6172-FECYY,0.8623082032202498,6164.889300000001,Immediate Save,Loyal Premium Customers
2604-IJPDU,0.8622684672060665,2534.619699999998,Immediate Save,Established Standard Customers
0979-PHULV,0.8619660981516369,10294.094400000009,Immediate Save,Loyal Premium Customers
6543-XRMYR,0.8618051301084998,4346.396700000001,Immediate Save,Established Standard Customers
6908-VVYHM,0.861480101740573,7367.87389999999,Immediate Save,Loyal Premium Customers
5804-HYIEZ,0.8603829706335352,10280.026000000009,Immediate Save,Loyal Premium Customers
0596-BQCEQ,0.8598224365407429,9312.5364,Immediate Save,Loyal Premium Customers
7271-AJDTL,0.8598059232158466,7087.319500000007,Immediate Save,Loyal Premium Customers
8397-MVTAZ,0.8593699536663354,4208.337200000002,Immediate Save,Loyal Premium Customers
3348-CFRNX,0.8588574268488204,3656.489200000001,Immediate Save,Established Standard Customers
8565-CLBZW,0.8581240274693199,2850.165299999996,Immediate Save,Established Standard Customers
2824-MYYBN,0.857699651535157,3512.592799999997,Immediate Save,Loyal Premium Customers
6961-VCPMC,0.8573107594940319,5880.35839999999,Immediate Save,Established Standard Customers
3934-HXCFZ,0.8567280646961608,2708.367800000001,Immediate Save,Established Standard Customers
1194-HVAIF,0.8564553753888895,3025.4765000000043,Immediate Save,Established Standard Customers
3269-ATYWD,0.8563056870389932,5480.020500000001,Immediate Save,Established Standard Customers
6845-RGTYS,0.8557076455568109,4757.716400000006,Immediate Save,Loyal Premium Customers
6892-XPFPU,0.8553922969633826,3589.7114000000065,Immediate Save,Loyal Premium Customers
5382-SOYZL,0.8548178567792664,2414.6422999999972,Immediate Save,Established Standard Customers
3132-TVFDZ,0.8547379581704537,2585.515500000003,Immediate Save,Loyal Budget Customers
7714-YXSMB,0.8534103529033391,3114.131900000001,Immediate Save,Established Standard Customers
2105-PHWON,0.8533426636090449,3502.3897999999976,Immediate Save,Established Standard Customers
2873-ZLIWT,0.853168713670873,3532.040599999999,Immediate Save,Established Standard Customers
4735-ASGMA,0.8524019325118325,3496.6796999999947,Immediate Save,Established Standard Customers
3211-AAPKX,0.8519364647609039,2482.309800000002,Immediate Save,Established Standard Customers
8327-LZKAS,0.850807547675602,5235.794700000003,Immediate Save,Loyal Premium Customers
3393-FMZPV,0.8506943429397094,3325.782599999999,Immediate Save,Established Standard Customers
2523-EWWZL,0.8505814699050721,3136.066,Immediate Save,Established Standard Customers
3597-MVHJT,0.8505413259384592,3537.0259000000037,Immediate Save,Established Standard Customers
2479-BRAMR,0.850497274197984,5213.955299999999,Immediate Save,Established Standard Customers
6899-PPEEA,0.8501453279978791,3696.8061,Immediate Save,Established Standard Customers
1254-IZEYF,0.8497625341690032,4325.481799999998,Immediate Save,Established Standard Customers
0461-CVKMU,0.8492107984057108,2826.3613000000028,Immediate Save,Established Standard Customers
9927-DSWDF,0.8485347165368781,3219.671500000003,Immediate Save,Loyal Premium Customers
4598-XLKNJ,0.8480157140024488,2816.979200000003,Immediate Save,Established Standard Customers
8313-NDOIA,0.8479648936470521,3369.0900999999985,Immediate Save,Established Standard Customers
4873-ILOLJ,0.8479609396014512,3023.049099999998,Immediate Save,Established Standard Customers
0348-SDKOL,0.8475290061706566,6248.826199999994,Immediate Save,Loyal Premium Customers
9821-POOTN,0.8474852530381707,3946.5426999999995,Immediate Save,Established Standard Customers
1550-LOAHA,0.8453409713304654,3836.694999999999,Immediate Save,Established Standard Customers
1723-HKXJQ,0.8450696709686085,4957.229199999999,Immediate Save,Loyal Premium Customers
4829-AUOAX,0.8448092050618099,4778.9756,Immediate Save,Loyal Premium Customers
2040-VZIKE,0.844765155057535,7220.078800000001,Immediate Save,Loyal Premium Customers
1689-MRZQR,0.8444589527680951,2996.139200000001,Immediate Save,Established Standard Customers
4471-KXAUH,0.8443292913622182,3964.204399999997,Immediate Save,Loyal Premium Customers
5119-KEPFY,0.8441121938789767,3659.1518000000005,Immediate Save,Loyal Premium Customers
0148-DCDOS,0.8438187494074305,3223.8043999999995,Immediate Save,Established Standard Customers
8988-ECPJR,0.8429614339884264,3597.565399999995,Immediate Save,Established Standard Customers
8212-CRQXP,0.8421582312006433,2746.841899999998,Immediate Save,Established Standard Customers
6173-ITPWD,0.8421356917107806,4806.646700000002,Immediate Save,Loyal Premium Customers
4607-CHPCA,0.8419534346963324,3198.686899999999,Immediate Save,Established Standard Customers
3318-OSATS,0.8415473172881897,4825.791999999996,Immediate Save,Established Standard Customers
9722-UJOJR,0.8413182201116731,2340.342400000001,Immediate Save,Established Standard Customers
3957-LXOLK,0.8412265535781784,3336.261200000002,Immediate Save,Loyal Premium Customers
0643-OKLRP,0.8408417944650218,5725.7413,Immediate Save,Established Standard Customers
7480-QNVZJ,0.839121841763518,5775.563200000003,Immediate Save,Loyal Premium Customers
1666-JXLKU,0.8387042528080271,4363.874900000004,Immediate Save,Loyal Premium Customers
9732-EQMWY,0.8373911912618593,5584.041799999999,Immediate Save,Loyal Premium Customers
3757-NJYBX,0.8373572917592798,3714.8458000000014,Immediate Save,Loyal Premium Customers
0257-ZESQC,0.8373159805944023,2225.7303999999986,Immediate Save,Established Standard Customers
8063-GBATB,0.8360140329123135,3132.5277000000033,Immediate Save,Established Standard Customers
9943-VSZUV,0.8355380329657255,7676.508799999995,Immediate Save,Loyal Budget Customers
5016-IBERQ,0.8351043217770406,2401.2862000000027,Immediate Save,Established Standard Customers
6907-NZZIJ,0.8345784296826124,3975.675400000001,Immediate Save,Loyal Premium Customers
8739-WWKDU,0.8343452451570481,2692.072299999998,Immediate Save,Established Standard Customers
2357-COQEK,0.8336056953173593,3757.9500000000007,Immediate Save,Loyal Premium Customers
7079-QRCBC,0.8334973376228988,3299.327299999994,Immediate Save,Established Standard Customers
4883-QICIH,0.8334288057787469,2605.4320000000025,Immediate Save,Established Standard Customers
2003-CKLOR,0.8315891431379536,8377.241099999996,Immediate Save,Loyal Premium Customers
6029-WTIPC,0.8293876163225095,5114.888400000004,Immediate Save,Loyal Premium Customers
1866-RZZQS,0.8293668319001003,5835.347100000003,Immediate Save,Loyal Premium Customers
5609-CEBID,0.8293284325369507,2818.7934999999998,Immediate Save,Established Standard Customers
4831-EOBFE,0.8287639566529736,3797.1625999999933,Immediate Save,Established Standard Customers
5002-GCQFH,0.8278196575988616,6988.889000000004,Immediate Save,Loyal Premium Customers
0311-UNPFF,0.827737113348116,3264.9367999999977,Immediate Save,Established Standard Customers
8387-MOJJT,0.8275339443531046,4789.338100000005,Immediate Save,Established Standard Customers
9776-CLUJA,0.8270422933609599,4824.7975999999935,Immediate Save,Loyal Premium Customers
4818-DRBQT,0.8270101670529661,3095.5020999999992,Immediate Save,Established Standard Customers
0265-EDXBD,0.8264623886972822,3840.423399999999,Immediate Save,Established Standard Customers
6212-ATMLK,0.8263548204730031,7182.156299999999,Immediate Save,Loyal Premium Customers
5590-BYNII,0.8259252508361469,3088.6312999999996,Immediate Save,Established Standard Customers
2809-ZMYOQ,0.8257832459633115,4580.058499999999,Immediate Save,Loyal Premium Customers
4958-XCBDQ,0.8256799259523365,4917.097800000006,Immediate Save,Loyal Premium Customers
4124-MMETB,0.8253500904042315,3138.2816,Immediate Save,Established Standard Customers
6745-JEFZB,0.8234831340349961,4085.1953,Immediate Save,Established Standard Customers
4704-ERYFC,0.8230030321652984,2292.2218000000034,Immediate Save,Established Standard Customers
4248-HCETZ,0.8216636587126269,2640.020799999997,Immediate Save,Established Standard Customers
8393-DLHGA,0.820810640986052,2560.9911000000006,Immediate Save,Established Standard Customers
0486-HECZI,0.8203585815466018,7923.880899999992,Immediate Save,Loyal Premium Customers
3336-JORSO,0.8200224414767388,4236.747399999997,Immediate Save,Loyal Premium Customers
9490-DFPMD,0.8198107718600987,3912.6298999999935,Immediate Save,Established Standard Customers
6661-HBGWL,0.8197299684632114,4917.932199999999,Immediate Save,Loyal Premium Customers
7279-BUYWN,0.8196796279994959,5737.318200000001,Immediate Save,Loyal Premium Customers
2985-FMWYF,0.81934150848444,2725.0903999999987,Immediate Save,Established Standard Customers
3588-WSTTJ,0.81901193150371,4763.287100000001,Immediate Save,Loyal Premium Customers
8709-KRDVL,0.8180169287460597,3894.2507999999957,Immediate Save,Loyal Premium Customers
6284-AHOOQ,0.8177946408965046,2967.019799999999,Immediate Save,Established Standard Customers
4913-EHYUI,0.8176423665487978,8342.274099999995,Immediate Save,Loyal Premium Customers
8623-TMRBY,0.8162028846165692,6385.445299999998,Immediate Save,Loyal Premium Customers
2080-CAZNM,0.8154057384584202,4504.035699999996,Immediate Save,Loyal Premium Customers
6088-BXMRG,0.8147426753302993,3912.515100000002,Immediate Save,Loyal Premium Customers
4846-WHAFZ,0.812848901619517,3094.3442999999947,Immediate Save,Established Standard Customers
2034-CGRHZ,0.8125646886736031,2565.9627000000005,Immediate Save,Established Standard Customers
7587-AOVVU,0.812555458810765,3146.5383000000015,Immediate Save,Established Standard Customers
6712-OAWRH,0.8120312396923485,3267.6605,Immediate Save,Established Standard Customers
3254-YRILK,0.8115694692145593,2345.582799999999,Immediate Save,Established Standard Customers
0406-BPDVR,0.8102548082581348,7217.773700000008,Immediate Save,Loyal Premium Customers
0634-SZPQA,0.8100359245722147,2353.056,Immediate Save,Established Standard Customers
8784-CGILN,0.8100106886475914,2387.999399999996,Immediate Save,Established Standard Customers
8868-WOZGU,0.809534059384625,3827.0490000000004,Immediate Save,Loyal Premium Customers
5708-EVONK,0.8082913440731222,5733.854999999998,Immediate Save,Loyal Premium Customers
7821-DPRQE,0.8076172502195936,9012.734499999999,Immediate Save,Loyal Premium Customers
2267-WTPYD,0.8071873479713512,6740.950700000005,Immediate Save,Loyal Premium Customers
1842-EZJMK,0.8068591192942276,6981.966500000001,Immediate Save,Loyal Premium Customers
4822-YCXMX,0.806778117121037,2280.1550000000025,Immediate Save,Established Standard Customers
0939-YAPAF,0.8055554467914673,3878.769699999999,Immediate Save,Loyal Premium Customers
6595-YGXIT,0.804854103778868,3420.909700000004,Immediate Save,Established Standard Customers
6005-OBZPH,0.8033431821247548,2562.7776999999974,Immediate Save,Established Standard Customers
0447-RXSGD,0.803013422002805,2956.383900000002,Immediate Save,Established Standard Customers
9600-NAXZN,0.8019230443486028,6495.809200000005,Immediate Save,Loyal Premium Customers
5655-JSMZM,0.8015780079377334,6389.056400000007,Immediate Save,Loyal Premium Customers
6486-LHTMA,0.8008724680797631,4227.503099999999,Immediate Save,Established Standard Customers
5201-USSQZ,0.800847330057535,3267.981500000002,Immediate Save,Established Standard Customers
1020-JPQOW,0.7987984733113268,5343.963800000009,Immediate Save,Loyal Premium Customers
1732-VHUBQ,0.7983404064724963,4638.232499999994,Immediate Save,Loyal Budget Customers
5628-FCGYG,0.7973958633103315,2751.523299999999,Immediate Save,Established Standard Customers
2625-TRCZQ,0.7962733732806314,2508.090300000003,Immediate Save,Loyal Premium Customers
6481-ESCNL,0.7958009294692111,3192.113699999997,Immediate Save,Loyal Premium Customers
4690-PKDQG,0.7938673856263658,5005.088399999994,Immediate Save,Loyal Premium Customers
4902-OHLSK,0.7934693530181712,3398.0714000000007,Immediate Save,Established Standard Customers
5899-OUVKV,0.7924821012597061,4373.870199999991,Immediate Save,Loyal Premium Customers
1935-IMVBB,0.7919159738744294,5235.990000000008,Immediate Save,Loyal Premium Customers
5671-UUNXD,0.7915036107560369,7008.433000000004,Immediate Save,Loyal Premium Customers
6300-BWMJX,0.7898772213108459,6655.627599999999,Immediate Save,Loyal Premium Customers
8429-XIBUM,0.7895540387860547,2509.9371999999958,Immediate Save,Established Standard Customers
0114-PEGZZ,0.7891905881371096,5109.226500000005,Immediate Save,Loyal Premium Customers
8276-MQBYC,0.7879835787893876,5915.7844,Immediate Save,Loyal Premium Customers
8017-LXHFA,0.7871218313401336,2954.6158000000023,Immediate Save,Established Standard Customers
2697-NQBPF,0.7867735531274738,4665.409799999999,Immediate Save,Loyal Premium Customers
1766-GKNMI,0.7860170091842369,2709.9799,Immediate Save,Established Standard Customers
9710-ZUSHQ,0.7855456625152847,5369.128600000004,Immediate Save,Loyal Premium Customers
9355-NPPFS,0.7852428336196124,2536.1275999999993,Immediate Save,Established Standard Customers
0621-HJWXJ,0.7843604149220257,6329.545800000001,Immediate Save,Loyal Premium Customers
0376-YMCJC,0.784255110703174,3039.2534999999993,Immediate Save,Established Standard Customers
0818-OCPZO,0.7840917438690423,3305.0275999999976,Immediate Save,Established Standard Customers
5630-IXDXV,0.7829661662527543,5555.770299999995,Immediate Save,Loyal Premium Customers
6242-MBHPK,0.7828948089921356,3235.6689999999985,Immediate Save,Established Standard Customers
0533-BNWKF,0.7821995054708797,7129.565,Immediate Save,Loyal Premium Customers
7586-ZATGZ,0.7821423948368857,4045.5615000000007,Immediate Save,Established Standard Customers
4803-AXVYP,0.7820950454245207,5431.091400000002,Immediate Save,Loyal Premium Customers
2800-QQUSO,0.781697621011791,5313.428799999998,Immediate Save,Loyal Premium Customers
2616-UUTFK,0.7813715728851928,3035.066699999997,Immediate Save,Established Standard Customers
4325-NFSKC,0.7812149147797988,2231.6243999999992,Immediate Save,Established Standard Customers
9167-APMXZ,0.7808361935382405,2292.048600000003,Immediate Save,Established Standard Customers
3640-PHQXK,0.7805058397617775,3000.6443000000054,Immediate Save,Established Standard Customers
5626-MGTUK,0.7803598168036028,2355.007800000003,Immediate Save,Established Standard Customers
8938-UMKPI,0.7802799277886162,6729.9581,Immediate Save,Loyal Premium Customers
3550-SAHFP,0.779554648995798,3423.1256000000017,Immediate Save,Established Standard Customers
0419-YAAPX,0.779544084905228,4928.988299999995,Immediate Save,Loyal Premium Customers
9944-AEXBM,0.7792610184198115,3856.6186999999995,Immediate Save,Established Standard Customers
3005-NFMTA,0.779229517971839,5844.928899999998,Immediate Save,Loyal Premium Customers
3858-VOBET,0.7790423844254596,2372.7302000000027,Immediate Save,Established Standard Customers
6032-KRXXO,0.7782998993693939,3673.7697000000026,Immediate Save,Established Standard Customers
9801-GDWGV,0.7781776595558069,5340.298999999998,Immediate Save,Loyal Premium Customers
1792-UXAFY,0.7771021562463676,2130.1772999999994,Immediate Save,Established Standard Customers
3223-WZWJM,0.7761803586098357,2586.930600000001,Immediate Save,Established Standard Customers
6646-QVXLR,0.7758856292080998,6876.647700000005,Immediate Save,Loyal Premium Customers
2057-ZBLPD,0.7758534978698337,2732.4750000000035,Immediate Save,Established Standard Customers
9133-AYJZG,0.7749956259992024,2606.3995000000027,Immediate Save,Established Standard Customers
2504-DSHIH,0.7748244793666402,2999.190300000002,Immediate Save,Established Standard Customers
7392-YYPYJ,0.7747150154060171,2943.058899999997,Immediate Save,Established Standard Customers
0082-OQIQY,0.7743976870749312,2757.594099999998,Immediate Save,Established Standard Customers
1297-VQDRP,0.7741580577905836,9548.899600000012,Immediate Save,Loyal Premium Customers
8033-VCZGH,0.7740274386507928,6374.576000000005,Immediate Save,Loyal Premium Customers
0487-RPVUM,0.773684547408054,6950.358200000003,Immediate Save,Loyal Premium Customers
5959-BELXA,0.7727512988106037,3903.9591000000028,Immediate Save,Established Standard Customers
9948-YPTDG,0.7727410384104382,4411.557999999999,Immediate Save,Established Standard Customers
0434-CSFON,0.7726624569387187,6629.502500000008,Immediate Save,Loyal Premium Customers
5233-AOZUF,0.772460250172397,2359.654200000001,Immediate Save,Established Standard Customers
6362-QHAFM,0.772168293955829,6034.186800000001,Immediate Save,Loyal Premium Customers
1482-OXZSY,0.772031813712603,3439.598899999996,Immediate Save,Loyal Premium Customers
3956-MGXOG,0.7718321453182232,3178.1477999999984,Immediate Save,Established Standard Customers
6097-EQISJ,0.7717842183126041,9901.753899999987,Immediate Save,Loyal Premium Customers
4659-NZRUF,0.7714355629354114,2444.685899999999,Immediate Save,Established Standard Customers
3413-DHLPB,0.7711703469959805,6412.5982,Immediate Save,Loyal Premium Customers
2403-BCASL,0.7703940707668014,6336.658,Immediate Save,Loyal Premium Customers
1597-LHYNC,0.7700401818861068,3654.5572000000016,Immediate Save,Established Standard Customers
9190-MFJLN,0.7687115190455542,2397.648299999999,Immediate Save,Established Standard Customers
4558-FANTW,0.7681735550452135,2274.069000000002,Immediate Save,Established Standard Customers
1580-BMCMR,0.7680508255771704,2255.6144,Immediate Save,Established Standard Customers
4998-IKFSE,0.7673623055485406,4180.481399999993,Immediate Save,Established Standard Customers
2623-DRYAM,0.7672490687436416,8416.766200000007,Immediate Save,Loyal Premium Customers
6365-MTGZX,0.7667114747126569,2772.8394000000017,Immediate Save,Established Standard Customers
2786-GCDPI,0.7664906616222888,6111.697999999993,Immediate Save,Loyal Premium Customers
1984-FCOWB,0.7652616519723866,10764.179600000007,Immediate Save,Loyal Premium Customers
9851-QXEEQ,0.7651253370878842,6247.605699999996,Immediate Save,Loyal Premium Customers
2834-SPCJV,0.7649859474452578,6288.627600000006,Immediate Save,Loyal Premium Customers
9139-WQQDY,0.7648032307566498,6274.177600000004,Immediate Save,Loyal Premium Customers
1264-BYWMS,0.7645776546448323,7893.462699999992,Immediate Save,Loyal Premium Customers
7537-CBQUZ,0.7645511999169834,8593.822100000001,Immediate Save,Loyal Premium Customers
1894-IGFSG,0.7643193869351694,2375.282100000003,Immediate Save,Established Standard Customers
5572-ZDXHY,0.7638946164315003,2524.3472000000015,Immediate Save,Established Standard Customers
7483-IQWIB,0.7635475937890701,4857.072099999997,Immediate Save,Loyal Premium Customers
3714-JTVOV,0.7632495054384048,3385.401600000005,Immediate Save,Established Standard Customers
8949-JTMAY,0.7613344717924199,3729.247500000003,Immediate Save,Loyal Premium Customers
2519-FAKOD,0.7612126487856984,4970.344699999999,Immediate Save,Loyal Premium Customers
2091-RFFBA,0.7605924505018137,2741.214800000002,Immediate Save,Established Standard Customers
2203-GHNWN,0.7605776641347677,2982.874799999999,Immediate Save,Established Standard Customers
4307-KTUMW,0.7605564105571326,6702.738800000005,Immediate Save,Loyal Premium Customers
0362-ZBZWJ,0.7604223304754683,3963.625900000003,Immediate Save,Established Standard Customers
9445-SZLCH,0.7594656470927128,4293.256399999997,Immediate Save,Loyal Premium Customers
6352-TWCAU,0.7591130757959323,3714.6361000000015,Immediate Save,Established Standard Customers
2886-KEFUM,0.7585268473937313,7043.763099999999,Immediate Save,Loyal Premium Customers
4009-ALQFH,0.7581023528024053,3557.427299999996,Immediate Save,Loyal Premium Customers
6402-ZFPPI,0.7575766890115179,3568.136700000004,Immediate Save,Established Standard Customers
6394-MFYNG,0.7565865943179151,5375.572699999995,Immediate Save,Loyal Premium Customers
9412-GHEEC,0.7555343874304579,5575.851000000002,Immediate Save,Loyal Premium Customers
0431-APWVY,0.7547921497515047,3093.7719000000025,Immediate Save,Established Standard Customers
3571-RFHAR,0.7545936643626037,7666.427699999989,Immediate Save,Loyal Premium Customers
3932-IJWDZ,0.7544584658055543,5877.3061999999945,Immediate Save,Loyal Premium Customers
1095-JUDTC,0.7542449400948705,5173.934500000007,Immediate Save,Loyal Premium Customers
0963-ZBDRN,0.7541173041127657,3986.218299999997,Immediate Save,Loyal Premium Customers
4817-VYYWS,0.7534656746948253,3329.9783000000048,Immediate Save,Loyal Premium Customers
2279-AXJJK,0.7533494914706814,5494.394199999993,Immediate Save,Loyal Premium Customers
7534-BFESC,0.7521508892588883,2528.7688999999973,Immediate Save,Established Standard Customers
1930-WNXSB,0.7512023863001026,8106.651799999995,Immediate Save,Loyal Premium Customers
0093-XWZFY,0.7507162485560083,5562.9729000000025,Immediate Save,Loyal Premium Customers
7048-GXDAY,0.7505233285441384,4652.120000000005,Immediate Save,Loyal Premium Customers
8182-BJDSI,0.7504754322846876,3492.9846000000052,Immediate Save,Established Standard Customers
2860-RANUS,0.7501267877072281,2340.8629999999976,Immediate Save,Established Standard Customers
5136-KCKGI,0.7496821308081246,4802.399400000004,Immediate Save,Loyal Premium Customers
5281-BUZGT,0.7496050629528389,4048.5595000000017,Immediate Save,Established Standard Customers
4832-VRBMR,0.7488656902498732,7831.9934999999905,Immediate Save,Loyal Premium Customers
9058-MJLZC,0.7488579187218755,3165.312900000001,Immediate Save,Established Standard Customers
0581-MDMPW,0.7481221053567865,3163.207599999999,Immediate Save,Established Standard Customers
4686-UXDML,0.7481131956363994,2566.3766999999953,Immediate Save,Established Standard Customers
2587-EKXTS,0.7478512001147538,6752.122699999998,Immediate Save,Loyal Premium Customers
0402-CQAJN,0.7473728216233009,4473.533500000001,Immediate Save,Loyal Premium Customers
5312-UXESG,0.7453951062347571,5324.126200000008,Immediate Save,Loyal Premium Customers
0422-UXFAP,0.7452981054415737,7451.494300000005,Immediate Save,Loyal Premium Customers
3312-UUMZW,0.7446540558441265,4651.050900000001,Immediate Save,Loyal Premium Customers
4619-EVPHY,0.7443403139944914,2745.6139000000007,Immediate Save,Established Standard Customers
2832-KJCRD,0.7439874094648382,4554.166499999999,Immediate Save,Loyal Premium Customers
5222-IMUKT,0.7428695899086949,4400.430299999995,Immediate Save,Established Standard Customers
5130-IEKQT,0.7421850646693454,3704.515300000001,Immediate Save,Established Standard Customers
0125-LZQXK,0.7419834597763806,2177.2080000000005,Immediate Save,Established Standard Customers
5650-YLIBA,0.7419776879549022,3914.7591999999963,Immediate Save,Established Standard Customers
7030-NJVDP,0.7417345736015037,2487.0976000000005,Immediate Save,Established Standard Customers
7641-EUYET,0.7397760126171161,6750.061599999998,Immediate Save,Loyal Premium Customers
2430-USGXP,0.7394542911925422,3099.036399999997,Immediate Save,New Budget Customers
5482-VXSXJ,0.7390765759508241,3131.732199999997,Immediate Save,Established Standard Customers
5985-BEHZK,0.7390597207098268,9522.400600000012,Immediate Save,Loyal Premium Customers
2267-FPIMA,0.7389486414750792,5728.947100000006,Immediate Save,Loyal Premium Customers
4220-TINQT,0.7386776899596569,8359.41690000001,Immediate Save,Loyal Premium Customers
0058-EVZWM,0.7386674337733646,5223.884100000001,Immediate Save,Loyal Premium Customers
1685-BQULA,0.7384365138541082,4172.297999999999,Immediate Save,Loyal Premium Customers
7426-GSWPO,0.7383459129171194,7880.742999999996,Immediate Save,Loyal Premium Customers
2208-UGTGR,0.7381423666360686,6148.156199999997,Immediate Save,Loyal Premium Customers
9833-TGFHX,0.7377885788888757,4585.109099999998,Immediate Save,Loyal Premium Customers
6988-CJEYV,0.7364830267887763,7117.9892,Immediate Save,Loyal Premium Customers
5469-CTCWN,0.7363917782855757,9313.334800000017,Immediate Save,Loyal Premium Customers
9079-YEXQJ,0.7362995074805341,8561.992200000019,Immediate Save,Loyal Premium Customers
5226-NOZFC,0.7358730257080596,3225.3911999999987,Immediate Save,Established Standard Customers
2085-BOJKI,0.735075084773,2151.381299999997,Immediate Save,Established Standard Customers
0396-YCHWO,0.7347973247801537,4922.938100000005,Immediate Save,Loyal Premium Customers
3737-XBQDD,0.7338442842422603,2363.4696000000013,Immediate Save,Established Standard Customers
5515-AKOAJ,0.7338389890992665,7754.273699999991,Immediate Save,Loyal Premium Customers
7067-KSAZT,0.7330572502989638,8085.372699999998,Immediate Save,Loyal Premium Customers
0699-NDKJM,0.730800793185058,3404.769500000003,Immediate Save,Loyal Premium Customers
0898-XCGTF,0.7302270250451732,7151.804600000004,Immediate Save,Loyal Premium Customers
9921-QFQUL,0.7288469877994892,2607.901399999996,Immediate Save,Established Standard Customers
6298-QDFNH,0.7279700596044442,2157.8994000000002,Immediate Save,Established Standard Customers
3352-ALMCK,0.7268571608909041,5448.793499999996,Immediate Save,Loyal Premium Customers
8696-JKZNU,0.7264721677178413,3754.485800000005,Immediate Save,Established Standard Customers
3943-KDREE,0.7263549245679383,2351.535900000003,Immediate Save,Established Standard Customers
0943-ZQPXH,0.7249729456366456,5370.351700000007,Immediate Save,Loyal Premium Customers
7979-CORPM,0.7244202417585673,3136.015799999998,Immediate Save,Established Standard Customers
4911-BANWH,0.7236863186239099,3732.0244999999973,Immediate Save,Established Standard Customers
7401-RUBNK,0.7233169576317957,2118.596199999998,Immediate Save,Established Standard Customers
9450-TRJUU,0.7231311972022112,4276.349300000004,Immediate Save,Established Standard Customers
7789-CRUVC,0.7223103599598569,7931.793199999996,Immediate Save,Loyal Premium Customers
0829-XXPLX,0.7214359227166304,2496.0741999999973,Immediate Save,Established Standard Customers
4391-RESHN,0.7203087995383949,2750.5344000000005,Immediate Save,Loyal Premium Customers
3424-NMNBO,0.7197381117270708,9124.282500000008,Immediate Save,Loyal Premium Customers
8016-NCFVO,0.7196180758707662,7629.764999999997,Immediate Save,Loyal Premium Customers
9524-EGPJC,0.7181540789188138,2246.1231999999973,Immediate Save,Established Standard Customers
7248-VZQLC,0.7176530581810242,4581.183200000001,Immediate Save,Loyal Premium Customers
3763-GCZHZ,0.7175076284525501,8149.026599999998,Immediate Save,Loyal Premium Customers
6311-UEUME,0.7172906733865957,3605.6257999999957,Immediate Save,Established Standard Customers
2874-YXVVA,0.717200542281471,3718.0702999999967,Immediate Save,Loyal Premium Customers
9050-QLROH,0.7164038524602789,2184.9545999999987,Immediate Save,Established Standard Customers
1485-YDHMM,0.7162739366650588,5302.754399999996,Immediate Save,Loyal Premium Customers
2460-FPSYH,0.7152059232195863,2237.543400000002,Immediate Save,Established Standard Customers
4077-CROMM,0.7150402683317851,3339.544900000002,Immediate Save,Loyal Premium Customers
1013-QCWAM,0.7149309968597488,8496.912099999992,Immediate Save,Loyal Premium Customers
1169-WCVAK,0.7139493807517933,2345.9611999999975,Immediate Save,Established Standard Customers
7752-XUSCI,0.7135247926547674,7127.392799999994,Immediate Save,Loyal Premium Customers
8564-LDKFL,0.712950761958803,5324.758900000008,Immediate Save,Loyal Premium Customers
7716-YTYHG,0.7125178273200343,4952.1208,Immediate Save,Loyal Premium Customers
7181-OQCUT,0.7107173950076274,2520.427400000001,Immediate Save,Established Standard Customers
6559-PDZLR,0.7102178315720584,3519.2075999999997,Immediate Save,Loyal Premium Customers
5060-TQUQN,0.7100635847131802,2859.8831000000005,Immediate Save,Established Standard Customers
4811-JBUVU,0.7092132316304081,3676.988300000001,Immediate Save,Established Standard Customers
5461-QKNTN,0.7090363624640205,4255.604600000003,Immediate Save,Loyal Premium Customers
9701-CDXHR,0.7088210803548509,5736.609200000001,Immediate Save,Loyal Budget Customers
4701-AHWMW,0.7085139821649122,3006.4185999999977,Immediate Save,Loyal Premium Customers
9898-KZQDZ,0.7080057591006844,5130.946700000004,Immediate Save,Loyal Budget Customers
1710-RCXUS,0.7080046592861055,5121.262500000003,Immediate Save,Loyal Premium Customers
3323-CPBWR,0.707019752206727,2406.658000000002,Immediate Save,Established Standard Customers
2929-QNSRW,0.7067609450994704,6642.219699999999,Immediate Save,Loyal Premium Customers
6815-ABQFQ,0.7065087351195167,6760.457400000001,Immediate Save,Loyal Premium Customers
5982-FPVQN,0.7052004367349534,5001.9910000000045,Immediate Save,Loyal Premium Customers
4062-HBMOS,0.7050385673379828,5696.143399999989,Immediate Save,Loyal Premium Customers
0504-HHAPI,0.7040967183803984,2877.5026000000016,Immediate Save,Established Standard Customers
1346-PJWTK,0.7026911969193922,6792.270299999999,Immediate Save,Loyal Premium Customers
5055-MGMGF,0.702364870453424,9518.47149999999,Immediate Save,Loyal Premium Customers
5666-CYCYZ,0.7021447606286321,2675.295899999999,Immediate Save,Established Standard Customers
6397-JNZZG,0.7013107174629606,2395.7358000000036,Immediate Save,Loyal Premium Customers
7356-IWLFW,0.7012468381163687,3968.384500000003,Immediate Save,Established Standard Customers
7881-INRLC,0.7012299812719246,5231.827000000006,Immediate Save,Loyal Premium Customers
7703-ZEKEF,0.7011886193221772,2307.064900000001,Immediate Save,Established Standard Customers
9835-ZIITK,0.7006254567379863,10513.69260000001,Immediate Save,Loyal Premium Customers
1427-VERSM,0.6992822109237186,5921.398899999997,Immediate Save,Loyal Premium Customers
3325-FUYCG,0.6991513514749319,3165.5567000000037,Immediate Save,Loyal Premium Customers
5022-KVDQT,0.6982164495719902,2983.0672000000054,Immediate Save,Established Standard Customers
6728-DKUCO,0.6976055399013095,9258.857600000001,Immediate Save,Loyal Premium Customers
3771-PZOBW,0.6968642333972465,2366.9308999999967,Immediate Save,Established Standard Customers
8677-HDZEE,0.6968034039565902,6095.29,Immediate Save,Loyal Premium Customers
2603-HVKCG,0.6967851396097974,3707.501999999996,Immediate Save,Loyal Premium Customers
2858-EIMXH,0.6962377364041717,6741.725500000006,Immediate Save,Loyal Premium Customers
8399-YNDCH,0.6954161408568917,2147.034200000001,Immediate Save,Established Standard Customers
5394-SVGJV,0.6937829914229646,4726.3768,Immediate Save,Loyal Premium Customers
7789-HKSBS,0.6937254213084987,5846.3706999999995,Immediate Save,Loyal Premium Customers
0595-ITUDF,0.6935885534414218,8128.165899999997,Immediate Save,Loyal Premium Customers
9053-EJUNL,0.6925318383650414,5361.135400000004,Immediate Save,Loyal Premium Customers
0118-JPNOY,0.6922371752738977,3117.797300000001,Immediate Save,Established Standard Customers
1360-JYXKQ,0.6920453747421935,6527.798700000001,Immediate Save,Loyal Premium Customers
9661-ACXBS,0.6920339079599935,5827.3378999999995,Immediate Save,Loyal Premium Customers
4791-QRGMF,0.6918235193305958,6615.328299999993,Immediate Save,Loyal Premium Customers
9692-TUSXH,0.6917977605920246,2345.988199999996,Immediate Save,Established Standard Customers
6849-OYAMU,0.691696746111905,2644.1117000000027,Immediate Save,Established Standard Customers
2037-XJFUP,0.6909856590550195,4650.943100000002,Immediate Save,Established Standard Customers
9885-AIBVB,0.689994732493312,3681.1191000000003,Immediate Save,Established Standard Customers
9323-HGFWY,0.6874149272628779,3275.2221999999992,Immediate Save,Loyal Premium Customers
1552-AAGRX,0.6871530427708059,4437.277099999995,Immediate Save,Loyal Premium Customers
9495-SKLKD,0.6870746850593639,5471.102799999996,Immediate Save,Loyal Premium Customers
3419-SNJJD,0.6868050240114557,7986.1051999999945,Immediate Save,Loyal Premium Customers
5813-UECBU,0.68636812206135,3956.852299999998,Immediate Save,Established Standard Customers
4329-YPDDQ,0.6863269890208402,2511.259300000003,Immediate Save,Loyal Premium Customers
8016-ZMGMO,0.6862598490462948,7693.964300000004,Immediate Save,Loyal Premium Customers
5153-RTHKF,0.6861300327459424,3736.3946000000033,Immediate Save,Established Standard Customers
7124-UGSUR,0.6854467297710036,8492.324499999993,Immediate Save,Loyal Premium Customers
1550-EENBN,0.685434366746658,4465.851199999997,Immediate Save,Loyal Premium Customers
2359-KMGLI,0.6854054823572795,3056.993400000001,Immediate Save,Established Standard Customers
0491-KAPQG,0.6853804741719086,2205.4155000000023,Immediate Save,Established Standard Customers
9919-YLNNG,0.6852435681686662,6082.931900000001,Immediate Save,Loyal Premium Customers
3058-HJCUY,0.6846073978906349,6082.602200000007,Immediate Save,Loyal Premium Customers
0468-YRPXN,0.6845228620497883,4185.985600000004,Immediate Save,Loyal Premium Customers
3969-JQABI,0.6840482422172965,6146.8796999999995,Immediate Save,Loyal Premium Customers
1950-KSVVJ,0.6838972515153329,6519.062500000001,Immediate Save,Loyal Premium Customers
3714-NTNFO,0.6837076879789066,5312.7802,Immediate Save,Loyal Premium Customers
8782-LKFPK,0.6835796523395551,6074.563899999993,Immediate Save,Loyal Premium Customers
7856-GANIL,0.6825411221984703,4639.543700000005,Immediate Save,Loyal Premium Customers
2478-EEWWM,0.6822975234710283,2665.5046,Immediate Save,Loyal Budget Customers
8819-IMISP,0.6821534309515497,3633.4729,Immediate Save,Established Standard Customers
6103-BOCOU,0.682150685840231,2714.3711000000044,Immediate Save,Established Standard Customers
5129-JLPIS,0.6815059423042726,2768.3634000000006,Immediate Save,Loyal Premium Customers
9812-GHVRI,0.6810516365415126,4841.679400000005,Immediate Save,Established Standard Customers
5921-NGYRH,0.6797740702998154,7650.683999999996,Immediate Save,Loyal Premium Customers
5443-SCMKX,0.6794586514807711,6880.933100000006,Immediate Save,Loyal Premium Customers
2495-KZNFB,0.6768404268296208,3614.5772999999976,Immediate Save,Established Standard Customers
1902-XBTFB,0.6764035260536805,2910.851400000002,Immediate Save,Established Standard Customers
5386-THSLQ,0.6758276348572352,3016.3460000000005,Immediate Save,Loyal Budget Customers
0130-SXOUN,0.6745865887343966,8974.528899999994,Immediate Save,Loyal Premium Customers
5649-RXQTV,0.6743233266340054,7432.3699,Immediate Save,Loyal Premium Customers
6591-QGOYB,0.6728545960843151,2300.542399999997,Immediate Save,Established Standard Customers
7481-ATQQS,0.6724408512386721,6656.757299999988,Immediate Save,Loyal Premium Customers
3717-LNXKW,0.6724349446666628,3955.7996000000007,Immediate Save,Established Standard Customers
2362-IBOOY,0.6717364994059881,4581.224200000004,Immediate Save,Established Standard Customers
8267-ZNYVZ,0.6717266040857613,3943.8034999999986,Immediate Save,Loyal Premium Customers
5980-NOPLP,0.6716690364052693,4827.249799999994,Immediate Save,Loyal Premium Customers
5380-WJKOV,0.6714427805049703,4257.518200000003,Immediate Save,Loyal Premium Customers
3946-JEWRQ,0.6706131918708251,5582.679300000004,Immediate Save,Loyal Premium Customers
4989-LIXVT,0.6691562202017145,7789.174700000003,Immediate Save,Loyal Premium Customers
4945-RVMTE,0.6685858992224581,2735.8274999999967,Immediate Save,Established Standard Customers
2519-LBNQL,0.6677021822666706,7718.670899999986,Immediate Save,Loyal Premium Customers
4720-VSTSI,0.6674613355179282,5680.636100000011,Immediate Save,Loyal Premium Customers
1307-ATKGB,0.6666772209479733,2849.1774999999966,Immediate Save,Established Standard Customers
7529-ZDFXI,0.6666303136079091,7106.94789999999,Immediate Save,Loyal Premium Customers
5712-AHQNN,0.666574985620797,5236.457,Immediate Save,Loyal Premium Customers
3886-CERTZ,0.6661267772099145,10319.582400000003,Immediate Save,Loyal Premium Customers
4323-OHFOW,0.665782203173794,9646.910300000009,Immediate Save,Loyal Premium Customers
5168-MQQCA,0.6637726053718275,10641.172999999988,Immediate Save,Loyal Premium Customers
0027-KWYKW,0.6637154788380208,2681.1427000000026,Immediate Save,Established Standard Customers
6862-CQUMB,0.6637148489586998,4402.062500000001,Immediate Save,Loyal Premium Customers
6987-XQSJT,0.663367034808464,6778.1717999999955,Immediate Save,Loyal Premium Customers
7855-DIWPO,0.6628721538052119,2151.053999999998,Immediate Save,Established Standard Customers
8486-AYEQH,0.6622536955115662,3581.1876999999995,Immediate Save,Established Standard Customers
9526-JAWYF,0.6622515510410629,2564.192400000002,Immediate Save,Established Standard Customers
2960-NKRSO,0.6620487053127182,2309.0441000000014,Immediate Save,Established Standard Customers
7562-GSUHK,0.6620439993515939,2189.949600000001,Immediate Save,Established Standard Customers
9576-SYUHJ,0.6610066308905883,3885.1760000000045,Immediate Save,Established Standard Customers
9659-QEQSY,0.6606015129726329,6540.470699999996,Immediate Save,Loyal Premium Customers
2927-QRRQV,0.6599406407856081,4783.202199999999,Immediate Save,Loyal Premium Customers
0639-TSIQW,0.6592602022515117,9482.480800000001,Immediate Save,Loyal Premium Customers
9699-UBQFS,0.657876850320448,4322.236199999998,Immediate Save,Loyal Premium Customers
3196-NVXLZ,0.6574631137085318,2324.0647999999983,Immediate Save,Established Standard Customers
4753-PADAS,0.6556666698167906,8697.337300000008,Immediate Save,Loyal Premium Customers
4143-HHPMK,0.655056959611603,6848.320299999992,Immediate Save,Loyal Premium Customers
0843-WTBXE,0.65477428892888,5352.463099999994,Immediate Save,Loyal Premium Customers
5998-VVEJY,0.6544144104323365,2717.3438999999994,Immediate Save,Established Standard Customers
2378-HTWFW,0.6521684898152006,4195.6877,Immediate Save,Established Standard Customers
8178-EYZUO,0.6520938491288559,4938.388599999997,Immediate Save,Loyal Premium Customers
3331-HQDTW,0.6516716825319424,3825.5556999999953,Immediate Save,Loyal Premium Customers
8535-SFUTN,0.651588961495107,8561.512299999991,Immediate Save,Loyal Premium Customers
7892-POOKP,0.6512779743966346,3127.4033999999974,Immediate Save,Loyal Premium Customers
2995-UPRYS,0.6511672845882974,4834.587100000001,Immediate Save,Loyal Premium Customers
6168-YBYNP,0.6505005621167153,9222.09669999999,Immediate Save,Loyal Premium Customers
2227-JRSJX,0.6500298970148675,2162.939000000002,Immediate Save,Established Standard Customers
1481-ZUWZA,0.6498067323607448,3663.3912000000028,Immediate Save,Established Standard Customers
2322-VCZHZ,0.6490812572275476,2806.6090000000013,Immediate Save,Established Standard Customers
5302-BDJNT,0.6483804236587049,4996.798300000004,Immediate Save,Loyal Premium Customers
4993-JCRGJ,0.6481801411924987,3211.000399999999,Immediate Save,Established Standard Customers
6345-ULYRW,0.6471800004047442,5075.316900000001,Immediate Save,Loyal Premium Customers
2640-PMGFL,0.6469533065509796,2833.489099999998,Immediate Save,Established Standard Customers
1472-TNCWL,0.6434568580256715,4228.066099999999,Immediate Save,Loyal Premium Customers
3092-IGHWF,0.6431636360221874,7770.949299999994,Immediate Save,Loyal Premium Customers
6075-SLNIL,0.6411388612158775,3948.198299999997,Immediate Save,Loyal Premium Customers
5174-ITUMV,0.6400808107073115,9613.742199999993,Immediate Save,Loyal Premium Customers
6439-GTPCA,0.6393668128736368,4247.093699999996,Immediate Save,Loyal Premium Customers
3208-YPIOE,0.6391899695777823,4130.381100000001,Immediate Save,Established Standard Customers
3086-RUCRN,0.638895285052677,9602.484599999996,Immediate Save,Loyal Premium Customers
6769-DYBQN,0.6379911053622781,5652.73500000001,Immediate Save,Loyal Premium Customers
5294-DMSFH,0.6371005609803202,3601.2932999999994,Immediate Save,Established Standard Customers
3927-NLNRY,0.6369627179222556,5819.345000000001,Immediate Save,Loyal Premium Customers
2408-TZMJL,0.6365810816064719,7799.245799999988,Immediate Save,Loyal Premium Customers
5076-YVXCM,0.6357648081000947,6514.170599999992,Immediate Save,Loyal Premium Customers
5301-GAUUY,0.6348438815623546,2758.180699999999,Immediate Save,Established Standard Customers
0376-OIWME,0.6335754408105997,4880.779499999999,Immediate Save,Loyal Premium Customers
8761-NSOBC,0.6334726128827173,6368.057400000007,Immediate Save,Loyal Premium Customers
3313-QKNKB,0.6332478916441163,5593.069400000004,Immediate Save,Loyal Premium Customers
6233-HXJMX,0.6326859545274851,4819.694699999995,Immediate Save,Loyal Premium Customers
6825-UYPFK,0.6322931738634263,2377.2135000000026,Immediate Save,Established Standard Customers
5136-RGMZO,0.6322560827416456,2752.4941,Immediate Save,Established Standard Customers
1480-IVEVR,0.6315665130584954,2942.055799999999,Immediate Save,Established Standard Customers
4067-HLYQI,0.6301562952211862,3749.1786999999995,Immediate Save,Established Standard Customers
4350-ZTLPI,0.629763944287923,6650.432499999999,Immediate Save,Loyal Premium Customers
7277-OZCGZ,0.6296697224415962,2123.6588,Immediate Save,Established Standard Customers
2931-VUVJN,0.6296078241140632,6728.600499999995,Immediate Save,Loyal Premium Customers
0280-XJGEX,0.6286792190953284,7204.43419999999,Immediate Save,Loyal Premium Customers
9112-WSNPU,0.628340088759726,2983.5570000000007,Immediate Save,Established Standard Customers
8563-OYMQY,0.6270751574046757,2220.3374999999955,Immediate Save,Established Standard Customers
9003-CPATH,0.6269529405464707,3705.8829999999994,Immediate Save,Established Standard Customers
9651-GTSAQ,0.62537061224043,7280.179000000004,Immediate Save,Loyal Premium Customers
4191-XOVOM,0.6244851852196448,8143.702699999992,Immediate Save,Loyal Premium Customers
1091-SOZGA,0.6241956413313324,7941.973000000007,Immediate Save,Loyal Premium Customers
6425-YQLLO,0.6240341451554099,8771.242199999999,Immediate Save,Loyal Premium Customers
2153-MREFK,0.6239381413881133,4846.930200000005,Immediate Save,Loyal Premium Customers
4476-OSWTN,0.6236703871243688,8247.526900000008,Immediate Save,Loyal Premium Customers
3466-RITXD,0.6235415157096992,3348.0156000000056,Immediate Save,Established Standard Customers
0823-HSCDJ,0.623363593084259,2595.6773999999973,Immediate Save,Loyal Budget Customers
1024-KPRBB,0.6231517748949148,4565.613399999998,Immediate Save,Established Standard Customers
1352-VHKAJ,0.6209732054933593,2367.0517,Immediate Save,Established Standard Customers
7982-VCELR,0.6203620136389443,4197.0499999999965,Immediate Save,Loyal Premium Customers
4361-BKAXE,0.6202645836460622,5392.1055999999935,Immediate Save,Loyal Premium Customers
7567-ECMCM,0.6184984000656129,2828.322200000004,Immediate Save,Established Standard Customers
6711-VTNRE,0.6176127593030178,4134.700900000002,Immediate Save,Loyal Premium Customers
1074-AMIOH,0.6168015796958156,8145.0267000000085,Immediate Save,Loyal Premium Customers
1444-VVSGW,0.6166722994525671,9343.101700000003,Immediate Save,Loyal Premium Customers
7398-LXGYX,0.6160456843582367,4551.420299999995,Immediate Save,Loyal Premium Customers
5816-QVHRX,0.6160451640019795,5159.266199999997,Immediate Save,Loyal Premium Customers
9469-WEJBT,0.6156212351950638,3720.019299999997,Immediate Save,Loyal Premium Customers
3569-EDBPQ,0.6151760888120792,2591.9721999999974,Immediate Save,Established Standard Customers
3301-LSLWQ,0.6147454224778515,2427.3685000000014,Immediate Save,Established Standard Customers
2669-OIDSD,0.6147048929421871,4937.089300000004,Immediate Save,Loyal Premium Customers
2027-OAQQC,0.6142769668342117,2117.801500000002,Immediate Save,Established Standard Customers
2386-OWURY,0.6138981663637048,7727.287800000007,Immediate Save,Loyal Premium Customers
8705-DWKTI,0.6138406911120273,4713.934499999996,Immediate Save,Loyal Premium Customers
1215-FIGMP,0.6133914251932091,8064.548599999998,Immediate Save,Loyal Premium Customers
6627-CFOSN,0.6127261309260179,8106.903099999993,Immediate Save,Loyal Premium Customers
4412-YLTKF,0.6115779003586888,2308.598800000001,Immediate Save,Established Standard Customers
5175-WLYXL,0.6114945317991455,2386.2487000000037,Immediate Save,Established Standard Customers
3199-NPKCN,0.6109530927409251,9870.387100000007,Immediate Save,Loyal Premium Customers
9972-VAFJJ,0.6103979192134407,7386.375299999997,Immediate Save,Loyal Premium Customers
3002-WQZWT,0.6101063732792278,2496.787699999997,Immediate Save,Established Standard Customers
4088-YLDSU,0.6095364175222429,6281.540599999992,Immediate Save,Loyal Premium Customers
6022-UGGSO,0.6088367083893235,3434.2662999999984,Immediate Save,Established Standard Customers
3982-XWFZQ,0.6085517205826082,2729.321899999999,Immediate Save,Loyal Budget Customers
2360-RDGRO,0.6084020788154938,9521.963,Immediate Save,Loyal Premium Customers
2101-RANCD,0.6082164450602354,4616.242899999997,Immediate Save,Loyal Budget Customers
7549-MYGPK,0.6076444164740907,6783.930700000002,Immediate Save,Loyal Premium Customers
0727-BMPLR,0.6074026065365683,7555.259699999998,Immediate Save,Loyal Premium Customers
6968-MHOMU,0.605668780425662,2658.4899000000028,Immediate Save,Loyal Budget Customers
8980-WQFWL,0.6055303620839203,2370.2229999999995,Immediate Save,Established Standard Customers
5371-VYLSX,0.6051437995462365,6506.866899999997,Immediate Save,Loyal Premium Customers
4083-BFNYK,0.6048243273487796,5292.3553999999995,Immediate Save,Loyal Premium Customers
3521-SYVOR,0.6041557221785624,2518.4235000000012,Immediate Save,Established Standard Customers
9912-OMZDS,0.6040973770578739,8241.108600000005,Immediate Save,Loyal Premium Customers
0475-RIJEP,0.6034780275540318,5288.196999999999,Immediate Save,Established Standard Customers
7241-AJHFS,0.6032979580632529,3103.9710999999975,Immediate Save,Established Standard Customers
8375-KVTHK,0.6030129640065559,10264.425700000013,Immediate Save,Loyal Premium Customers
2476-YGEFM,0.6024150400151281,2416.852200000001,Immediate Save,Established Standard Customers
3814-MLAXC,0.6017217680529111,2947.7994000000012,Immediate Save,Established Standard Customers
1216-BGTSP,0.6011589289540368,5161.078699999995,Immediate Save,Loyal Premium Customers
7850-VWJUU,0.6006347406567757,2321.4185000000034,Immediate Save,Established Standard Customers
6179-GJPSO,0.6005636972931748,5964.840200000006,Immediate Save,Loyal Premium Customers
0618-XWMSS,0.5994266464427436,3315.9959000000044,Immediate Save,Established Standard Customers
7927-AUXBZ,0.5991329514740344,2862.9040999999997,Immediate Save,Established Standard Customers
9445-ZUEQE,0.5988060581254895,3473.6038000000012,Immediate Save,Established Standard Customers
1162-ECVII,0.5984690002786988,9385.376700000013,Immediate Save,Loyal Premium Customers
8468-EHYJA,0.5980668933424245,5580.016600000002,Immediate Save,Loyal Budget Customers
1818-ESQMW,0.5978766268524053,3457.2220000000025,Immediate Save,Established Standard Customers
9866-OCCKE,0.5963122433727015,10537.523099999991,Immediate Save,Loyal Premium Customers
1625-JAIIY,0.5945527032624129,8763.918299999998,Immediate Save,Loyal Premium Customers
4391-LNRXK,0.5939541176051363,3143.765200000001,Immediate Save,Established Standard Customers
4554-YGZIH,0.59349961852664,5643.648200000003,Immediate Save,Loyal Premium Customers
1855-AGAWH,0.5934049331397234,4014.4706,Immediate Save,Loyal Premium Customers
0730-KOAVE,0.5930834446975668,4105.5935,Immediate Save,Loyal Premium Customers
1229-RCALF,0.5907657136051809,10159.472900000019,Immediate Save,Loyal Premium Customers
1656-DRSMG,0.5907316072317158,8148.374199999996,Immediate Save,Loyal Premium Customers
0365-TRTPY,0.5879264491214656,3810.831,Immediate Save,Established Standard Customers
2869-ADAWR,0.5874416249357316,4694.736199999997,Immediate Save,Loyal Premium Customers
3452-SRFEG,0.5865204629539067,4912.227000000007,Immediate Save,Established Standard Customers
7730-IUTDZ,0.5863363180571244,4746.472499999994,Immediate Save,Established Standard Customers
2889-FPWRM,0.5861968927467951,11041.963199999976,Immediate Save,Loyal Premium Customers
0237-YFUTL,0.5857144816997779,7183.4352000000035,Immediate Save,Loyal Premium Customers
7964-ZRKKG,0.5842490979322353,8324.2846,Immediate Save,Loyal Premium Customers
8444-WRIDW,0.5825153111251395,8264.582900000003,Immediate Save,Loyal Premium Customers
9822-WMWVG,0.5820167291474505,5830.885699999995,Immediate Save,Loyal Premium Customers
5213-TWWJU,0.5814639775332371,3873.281699999998,Immediate Save,Established Standard Customers
0666-UXTJO,0.5814441126827955,3912.952100000006,Immediate Save,Established Standard Customers
2684-EIWEO,0.5808926665208531,4135.023699999995,Immediate Save,Established Standard Customers
7147-AYBAA,0.5804622031274123,3621.683799999999,Immediate Save,Established Standard Customers
4138-NAXED,0.5802711437525281,6397.0287999999955,Immediate Save,Established Standard Customers
9101-BWFSS,0.5788684679772852,7076.700899999995,Immediate Save,Loyal Premium Customers
7825-ECJRF,0.5780802764293385,2454.3831000000014,Immediate Save,Established Standard Customers
0899-WZRSD,0.5770403762260183,8019.590700000009,Immediate Save,Loyal Premium Customers
5968-XQIVE,0.5750935793550072,7363.277199999995,Immediate Save,Loyal Premium Customers
0471-LVHGK,0.5749525929236644,3697.092200000001,Immediate Save,Loyal Premium Customers
4724-WXVWF,0.5743463838107963,4750.2461,Immediate Save,Loyal Premium Customers
1025-FALIX,0.5738990663586568,2808.9147,Immediate Save,Established Standard Customers
2067-QYTCF,0.5735002048219903,7475.594700000007,Immediate Save,Loyal Premium Customers
4010-YLMVT,0.5724090537988704,7191.550199999997,Immediate Save,Loyal Premium Customers
7504-UWHNB,0.5721976776523872,2798.0541000000003,Immediate Save,Established Standard Customers
6959-GQEGV,0.5719151981043802,3965.866300000001,Immediate Save,Loyal Premium Customers
9054-FOWNV,0.5715436179556644,2150.307800000002,Immediate Save,Established Standard Customers
6563-VNPMN,0.5715178261720111,4162.069400000005,Immediate Save,Loyal Premium Customers
9259-PACGQ,0.5710061545033744,3532.1337999999987,Immediate Save,Established Standard Customers
0481-SUMCB,0.5704606445502564,6372.488500000002,Immediate Save,Loyal Premium Customers
3413-CSSTH,0.5692414337151348,2602.979199999997,Immediate Save,Established Standard Customers
4183-WCSEP,0.5684255908558351,3476.8882999999983,Immediate Save,Established Standard Customers
9086-YJYXS,0.5664407330456118,2892.4102,Immediate Save,Loyal Premium Customers
7774-OJSXI,0.5663139082890272,3373.2583000000036,Immediate Save,Loyal Premium Customers
3005-TYFRD,0.5656292215405104,7508.288599999994,Immediate Save,Loyal Premium Customers
4785-QRJHC,0.5648739637034395,2861.730799999999,Immediate Save,Loyal Premium Customers
1134-YWTYF,0.5646221538217702,2501.489899999999,Immediate Save,Established Standard Customers
9767-FFLEM,0.5638944210478909,3972.2414000000003,Immediate Save,Established Standard Customers
5073-WXOYN,0.5633515905362797,3046.6594999999984,Immediate Save,Loyal Premium Customers
9919-KNPOO,0.5628771014418782,2542.6858999999995,Immediate Save,Established Standard Customers
8495-PRWFH,0.5626707904753366,3590.8389,Immediate Save,Loyal Budget Customers
7721-JXEAW,0.5619598071617646,2516.052400000002,Immediate Save,Loyal Budget Customers
7251-XFOIL,0.5618137584388634,6405.670899999995,Immediate Save,Loyal Premium Customers
3170-GWYKC,0.5617012339780156,7779.77780000001,Immediate Save,Loyal Premium Customers
7133-VBDCG,0.5614244479228949,2648.5794999999994,Immediate Save,Established Standard Customers
6641-XRPSU,0.5601316252229638,2666.9429,Immediate Save,Established Standard Customers
4322-RCYMT,0.5593455591481088,7443.277999999992,Immediate Save,Loyal Premium Customers
4789-KWMXN,0.5590121178707074,6005.628700000002,Immediate Save,Loyal Premium Customers
1110-KYLGQ,0.5589656661978538,7235.287499999997,Immediate Save,Loyal Premium Customers
6050-IJRHS,0.5588573159096842,7883.674499999991,Immediate Save,Loyal Premium Customers
3349-ANQNH,0.5583217866018519,7361.750200000006,Immediate Save,Loyal Premium Customers
9831-BPFRI,0.5576633711247411,4829.521999999996,Immediate Save,Loyal Premium Customers
4238-JSSWH,0.5576258234649897,5038.932799999996,Immediate Save,Loyal Premium Customers
5243-SAOTC,0.5531380366883912,4707.237499999998,Immediate Save,Loyal Premium Customers
4002-BQWPQ,0.5521676994520658,2664.077699999998,Immediate Save,Loyal Premium Customers
3143-ILDAL,0.5514964577568109,6534.279200000005,Immediate Save,Loyal Premium Customers
6599-CEBNN,0.5509084360146623,2623.468899999997,Immediate Save,Established Standard Customers
7346-MEDWM,0.5480142262799864,6855.006500000004,Immediate Save,Loyal Premium Customers
8547-NSBBO,0.5477181648314733,4901.177199999996,Immediate Save,Loyal Premium Customers
2692-BUCFV,0.5476148272959669,3187.8516000000022,Immediate Save,Established Standard Customers
6686-YPGHK,0.5470271600483937,5780.765500000003,Immediate Save,Loyal Premium Customers
8189-HBVRW,0.5469027638909738,5245.155300000001,Immediate Save,Loyal Premium Customers
9978-HYCIN,0.5459512525518868,5906.026999999997,Immediate Save,Loyal Premium Customers
6313-GIDIT,0.5456479765219985,2829.3083000000042,Immediate Save,Loyal Premium Customers
0218-QNVAS,0.5454590228355163,9149.45670000001,Immediate Save,Loyal Premium Customers
0442-ZXKVS,0.5449111180345615,8651.93130000001,Immediate Save,Loyal Premium Customers
5440-VHLUL,0.5445599643078968,10465.3132,Immediate Save,Loyal Premium Customers
1932-UEDCX,0.5443661670223175,4723.337899999995,Immediate Save,Established Standard Customers
0917-EZOLA,0.5443208212391877,7901.641799999991,Immediate Save,Loyal Premium Customers
2115-BFTIW,0.541797896325849,2452.0616000000027,Immediate Save,Established Standard Customers
3351-NQLDI,0.541559097462713,8278.63410000001,Immediate Save,Loyal Premium Customers
3870-MQAMG,0.5411867570143825,6063.784099999997,Immediate Save,Loyal Premium Customers
0363-QJVFX,0.5408899386730625,4309.406099999996,Immediate Save,Loyal Premium Customers
5136-GFPMB,0.5402504308107418,6658.820100000009,Immediate Save,Loyal Premium Customers
8849-GYOKR,0.5393116030764075,6041.2074,Immediate Save,Loyal Premium Customers
2773-OVBPK,0.5388862583180246,8949.86359999999,Immediate Save,Loyal Premium Customers
9644-KVCNC,0.5387764848718728,7520.588899999994,Immediate Save,Loyal Premium Customers
5149-CUZUJ,0.5386828826855847,3486.1514999999986,Immediate Save,Established Standard Customers
0887-WBJVH,0.5383245204103104,6915.030900000002,Immediate Save,Loyal Premium Customers
0617-FHSGK,0.5380904621715004,4714.398499999994,Immediate Save,Loyal Budget Customers
8634-CILSZ,0.5376887734317011,8624.001699999997,Immediate Save,Loyal Premium Customers
9233-PSYHO,0.5372604006881206,4835.388699999996,Immediate Save,Loyal Premium Customers
7112-OPOTK,0.5371641940462145,3217.465699999999,Immediate Save,Established Standard Customers
6137-MFAJN,0.537128453128087,2141.244999999997,Immediate Save,Loyal Budget Customers
8663-UPDGF,0.5368489392137432,2508.0396000000023,Immediate Save,Established Standard Customers
7064-FRRSW,0.5362733560603339,5052.316399999997,Immediate Save,Loyal Premium Customers
3096-JRDSO,0.5361726275702107,3155.504200000002,Immediate Save,Established Standard Customers
0193-ESZXP,0.5357682214205255,7229.334000000008,Immediate Save,Loyal Premium Customers
4673-KKSLS,0.5350151480909022,4043.7715000000003,Immediate Save,Established Standard Customers
4716-HHKQH,0.534933147583734,2661.5291000000016,Immediate Save,Established Standard Customers
1867-TJHTS,0.5340650089045211,5938.870600000008,Immediate Save,Loyal Premium Customers
8149-AIQCG,0.5329602105024961,3097.5469000000035,Immediate Save,Established Standard Customers
2172-EJXVF,0.5323258023064559,9378.067199999996,Immediate Save,Loyal Premium Customers
4726-DLWQN,0.5316150422091614,4846.783699999998,Immediate Save,Loyal Premium Customers
8777-PVYGU,0.5316064287290633,3602.2963999999965,Immediate Save,Loyal Premium Customers
8982-NHAVY,0.5311756767590096,3032.7536000000027,Immediate Save,Established Standard Customers
2486-WYVVE,0.5309692892050838,2601.9345000000003,Immediate Save,Loyal Premium Customers
4109-CYRBD,0.5304786083793797,2624.2064000000014,Immediate Save,Established Standard Customers
4939-KYYPY,0.5293346237834203,2540.3415999999993,Immediate Save,Established Standard Customers
6171-ZTVYB,0.5291022415333362,4074.331299999999,Immediate Save,Loyal Premium Customers
4800-CZMPC,0.5286031556845314,5369.870500000001,Immediate Save,Loyal Premium Customers
2884-GBPFB,0.5285329356690878,2900.1720000000014,Immediate Save,Established Standard Customers
1041-RXHRA,0.5284306982816708,4834.373699999999,Immediate Save,Established Standard Customers
2842-BCQGE,0.5278980948300265,4095.1034000000054,Immediate Save,Established Standard Customers
6897-UUBNU,0.5278131315575816,3012.595499999998,Immediate Save,Established Standard Customers
8728-SKJLR,0.527544445398208,3273.0031000000013,Immediate Save,Established Standard Customers
1596-BBVTG,0.5274179052235402,3430.384500000004,Immediate Save,Established Standard Customers
8384-FZBJK,0.5263026285117722,7533.964300000003,Immediate Save,Loyal Premium Customers
9688-YGXVR,0.5257611961175883,5417.711499999989,Immediate Save,Loyal Premium Customers
5619-PTMIK,0.5256449747364266,4411.3224,Immediate Save,Established Standard Customers
7486-KSRVI,0.5228326888020428,6062.868100000003,Immediate Save,Loyal Premium Customers
9863-JZAIC,0.5222439543986825,3633.3028999999974,Immediate Save,Established Standard Customers
0060-FUALY,0.521659983281704,6676.639400000001,Immediate Save,Loyal Premium Customers
5575-TPIZQ,0.520982307600087,5908.985199999996,Immediate Save,Loyal Premium Customers
7134-MJPDY,0.5207148211450626,7708.356999999993,Immediate Save,Loyal Premium Customers
9961-JBNMK,0.5201753963599136,2764.9040000000005,Immediate Save,New Budget Customers
9500-LTVBP,0.5200537792146216,3063.5721000000003,Immediate Save,Established Standard Customers
9494-BDNNC,0.5195928425959667,7997.215900000007,Immediate Save,Loyal Premium Customers
3055-OYMSE,0.5184822153193914,4890.794500000002,Immediate Save,Loyal Premium Customers
7128-GGCNO,0.5182184308500946,5561.261699999998,Immediate Save,Established Standard Customers
4710-FDUIZ,0.5181414096912216,7077.982699999993,Immediate Save,Loyal Premium Customers
2359-QWQUL,0.5176721079842311,4455.911799999996,Immediate Save,Loyal Premium Customers
5440-FLBQG,0.5171616232194848,10837.052699999991,Immediate Save,Loyal Premium Customers
4480-MBMLB,0.5170045245620257,4899.366200000008,Immediate Save,Loyal Premium Customers
6538-POCHL,0.5163368036338616,3119.011099999997,Immediate Save,Established Standard Customers
8329-UTMVM,0.5151956433132449,3833.4762000000064,Immediate Save,Established Standard Customers
5035-PGZXH,0.5151954934929334,7726.202999999993,Immediate Save,Loyal Premium Customers
4523-WXCEF,0.5147250892856851,6535.279799999988,Immediate Save,Loyal Premium Customers
7824-PANSQ,0.5143708163207382,7286.4236999999985,Immediate Save,Loyal Premium Customers
7921-LMDFQ,0.5133146229240888,5130.765300000007,Immediate Save,Loyal Premium Customers
4118-CEVPF,0.5131818093685344,5074.923000000001,Immediate Save,Loyal Premium Customers
2826-UWHIS,0.5125172912760763,3855.247500000004,Immediate Save,Established Standard Customers
0380-NEAVX,0.5121486615575506,4650.014800000004,Immediate Save,Loyal Premium Customers
1469-LBJQJ,0.5117115963057776,9711.62220000001,Immediate Save,Loyal Premium Customers
8818-XYFCQ,0.509953852144415,4031.7039000000036,Immediate Save,Loyal Budget Customers
6874-SGLHU,0.5099517978324032,3323.7580000000016,Immediate Save,Loyal Premium Customers
8651-ENBZX,0.5098901684149116,8484.062700000008,Immediate Save,Loyal Premium Customers
0913-XWSCN,0.5094508955537762,6897.381700000001,Immediate Save,Loyal Premium Customers
8294-UIMBA,0.5086512020989542,2806.930500000002,Immediate Save,Loyal Premium Customers
2014-MKGMH,0.5081379817163042,6007.707600000006,Immediate Save,Loyal Premium Customers
5951-AOFIH,0.5081316156726252,3778.308099999996,Immediate Save,Established Standard Customers
6377-WHAOX,0.5078924820604929,7130.685599999994,Immediate Save,Loyal Premium Customers
5201-FRKKS,0.50599300423537,2298.295999999999,Immediate Save,Established Standard Customers
5981-ZVXOT,0.5056971426517447,4051.1894000000043,Immediate Save,Loyal Premium Customers
2669-QVCRG,0.5055360905668554,3565.9629999999975,Immediate Save,Established Standard Customers
9099-FTUHS,0.5053562641411282,2356.119499999998,Immediate Save,Established Standard Customers
0691-IFBQW,0.5052238963606298,4998.539100000001,Immediate Save,Loyal Premium Customers
1784-EZDKJ,0.5034654454300377,7112.355299999998,Immediate Save,Loyal Premium Customers
6851-WEFYX,0.501880540130583,3606.0022000000044,Immediate Save,Loyal Premium Customers
8725-JEDFD,0.5007606893907105,2797.564699999998,Immediate Save,Established Standard Customers
9693-XMUOB,0.5002868246189986,2989.151000000002,Immediate Save,Loyal Premium Customers
0447-BEMNG,0.49937165553586493,2247.4607999999994,Immediate Save,Loyal Budget Customers
4332-MUOEZ,0.4992927405918572,2549.2030000000027,Immediate Save,Established Standard Customers
5663-QBGIS,0.49891596507006813,10103.320599999985,Immediate Save,Loyal Premium Customers
0112-QWPNC,0.49714493685797906,6035.9832,Immediate Save,Loyal Premium Customers
3523-QRQLL,0.4971425155104697,2341.9157000000014,Immediate Save,Established Standard Customers
0584-BJQGZ,0.49682068365170945,2562.435299999998,Immediate Save,Established Standard Customers
1169-SAOCL,0.49372369338472055,6336.158800000002,Immediate Save,Loyal Premium Customers
8008-ESFLK,0.4931147947871954,6099.875499999997,Immediate Save,Loyal Premium Customers
0215-BQKGS,0.4927052161480264,3325.614699999999,Immediate Save,Established Standard Customers
9079-LWTFD,0.49261053006579547,6940.109299999999,Immediate Save,Loyal Premium Customers
1591-NFNLQ,0.49248415621753155,4533.911099999995,Immediate Save,Loyal Premium Customers
1258-YMZNM,0.4924571163869361,3842.3803000000003,Immediate Save,Loyal Premium Customers
8920-NAVAY,0.4922463912176767,9994.048599999993,Immediate Save,Loyal Premium Customers
4612-THJBS,0.4914491020412344,7548.745300000004,Immediate Save,Loyal Premium Customers
1641-RQDAY,0.4911405499967082,4717.576199999997,Immediate Save,Established Standard Customers
7833-PKIHD,0.4906801339706582,5613.651600000004,Immediate Save,Loyal Premium Customers
6968-GMKPR,0.49049049132398365,5708.405600000003,Immediate Save,Loyal Premium Customers
9286-DOJGF,0.4903104728448361,3307.4434,Immediate Save,Established Standard Customers
7129-AZJDE,0.49002690376045943,2758.624099999999,Immediate Save,Established Standard Customers
2027-CWDNU,0.48954236713071336,2144.7378,Immediate Save,Established Standard Customers
9825-YCXWZ,0.4881022089276796,4641.184700000004,Immediate Save,Loyal Premium Customers
0880-FVFWF,0.48710517131441905,6934.9698000000035,Immediate Save,Loyal Premium Customers
4612-SSVHJ,0.48594912941457336,2153.2196000000013,Immediate Save,Established Standard Customers
2455-USLMV,0.4857007978993625,3396.980299999997,Immediate Save,Established Standard Customers
7422-WNBTY,0.48569055293892593,4131.836800000001,Immediate Save,Loyal Premium Customers
6481-OGDOO,0.48559508741928187,8107.351700000008,Immediate Save,Loyal Premium Customers
8268-YDIXR,0.4855507550184586,7522.391300000007,Immediate Save,Loyal Premium Customers
8952-WCVCD,0.4852574574952795,4610.699500000002,Immediate Save,Loyal Premium Customers
3865-YIOTT,0.4850710980961482,8377.032599999995,Immediate Save,Loyal Premium Customers
3863-QSTYI,0.4836886251222414,4729.656900000005,Immediate Save,Loyal Premium Customers
0795-GMVQO,0.4826839349070627,8896.461399999993,Immediate Save,Loyal Premium Customers
2731-GJRDG,0.4824553278747326,3735.7359,Immediate Save,Loyal Premium Customers
9828-QHFBK,0.48204742658745603,2119.579100000002,Immediate Save,Established Standard Customers
0748-RDGGM,0.48058085017135077,10389.065200000001,Immediate Save,Loyal Premium Customers
1658-XUHBX,0.4798831820466296,6291.158199999998,Immediate Save,Loyal Premium Customers
5393-HJZSM,0.47951544610075036,3434.373099999997,Immediate Save,Loyal Premium Customers
5423-BHIXO,0.47903025220369944,3199.4498999999983,Immediate Save,Established Standard Customers
7975-TZMLR,0.47794256058791446,5623.451800000003,Immediate Save,Loyal Premium Customers
5285-MVEHD,0.4772175470844271,7857.718099999999,Immediate Save,Loyal Premium Customers
4419-UJMUS,0.4771864533907674,7459.672799999988,Immediate Save,Loyal Premium Customers
6578-KRMAW,0.47582858790576926,4506.054100000002,Immediate Save,Loyal Premium Customers
1450-SKCVI,0.4744219461502602,6225.886900000007,Immediate Save,Loyal Premium Customers
7811-JIVPF,0.473769199401127,2189.688500000003,Immediate Save,New Budget Customers
8029-XYPWT,0.47219985897799344,11456.888700000003,Immediate Save,Loyal Premium Customers
5811-IWXYM,0.47112070567918957,7545.059500000006,Immediate Save,Loyal Premium Customers
4402-FTBXC,0.4674115847500934,6156.343600000004,Immediate Save,Loyal Premium Customers
5522-NYKPB,0.4672407290846748,2439.1579999999985,Immediate Save,Established Standard Customers
4580-TMHJU,0.46626118129305616,4130.739299999996,Immediate Save,Loyal Budget Customers
7957-RYHQD,0.4660962463017813,5010.049600000001,Immediate Save,Established Standard Customers
9378-FXTIZ,0.4658573863280929,6060.367899999999,Immediate Save,Loyal Premium Customers
5973-EJGDP,0.465271038271166,4700.232700000002,Immediate Save,Loyal Premium Customers
5897-ZYEKH,0.46475046189908487,7929.227599999996,Immediate Save,Loyal Premium Customers
8012-SOUDQ,0.46442285626302204,4420.203600000001,Immediate Save,Loyal Premium Customers
8404-FYDIB,0.4643775947085851,3483.7260999999994,Immediate Save,Established Standard Customers
2325-WINES,0.4641996648864325,3749.177599999999,Immediate Save,Loyal Premium Customers
6128-DAFVY,0.46341079089437415,2569.869500000004,Immediate Save,Loyal Budget Customers
3190-XFANI,0.46291822683025907,5979.540100000005,Immediate Save,Loyal Premium Customers
9137-UIYPG,0.4627641804982149,4650.907200000002,Immediate Save,Loyal Premium Customers
2432-TFSMK,0.46239277365465253,2236.703899999998,Immediate Save,Established Standard Customers
6794-HKIAJ,0.46203794559769246,6814.8858999999975,Immediate Save,Loyal Premium Customers
2794-XIMMO,0.4614547295324517,3154.0625,Immediate Save,Loyal Premium Customers
4868-AADLV,0.4609525552088959,7890.715199999989,Immediate Save,Loyal Premium Customers
8201-AAXCB,0.4608741687214142,2128.359799999998,Immediate Save,Established Standard Customers
6633-SYEUS,0.46070085516549364,2428.0512999999996,Immediate Save,Established Standard Customers
3104-OWCGK,0.4602266952874758,7548.350500000008,Immediate Save,Loyal Premium Customers
5828-DWPIL,0.46002705729622545,5981.5009,Immediate Save,Loyal Premium Customers
0744-GKNGE,0.45997332930412577,7164.556999999993,Immediate Save,Loyal Premium Customers
5118-MUEYH,0.45970840552875053,6908.3690000000015,Immediate Save,Loyal Premium Customers
3842-IYKUE,0.45870817825478677,4568.067800000004,Immediate Save,Established Standard Customers
1779-PWPMG,0.45842639732805535,8596.031100000015,Immediate Save,Loyal Premium Customers
1309-XGFSN,0.4582509565150067,4544.681300000002,Immediate Save,Loyal Premium Customers
6664-FPDAC,0.45782180013223994,7372.135399999999,Immediate Save,Loyal Premium Customers
3009-JWMPU,0.45676474340859113,7476.049399999994,Immediate Save,Loyal Premium Customers
7694-VLBWQ,0.45658057869657165,7615.124100000002,Immediate Save,Loyal Premium Customers
2806-MLNTI,0.4563899866730645,6945.1808999999985,Immediate Save,Loyal Premium Customers
0100-DUVFC,0.4562166253978277,10006.193700000005,Immediate Save,Loyal Premium Customers
5914-XRFQB,0.4552899010419591,11519.012800000011,Immediate Save,Loyal Premium Customers
3584-WKTTW,0.4547461953318633,7676.225600000009,Immediate Save,Loyal Premium Customers
5298-GSTLM,0.452480598179645,8955.717400000012,Immediate Save,Loyal Premium Customers
0786-IVLAW,0.45184713386720476,7538.289199999999,Immediate Save,Loyal Premium Customers
6131-FOYAS,0.4516768930388024,2762.9671,Immediate Save,Established Standard Customers
6946-LMSQS,0.4514680891332673,3046.7269000000047,Immediate Save,Established Standard Customers
0895-LMRSF,0.4509342622884628,2676.5313,Immediate Save,Established Standard Customers
1899-VXWXM,0.45061010238443455,6189.750700000003,Immediate Save,Loyal Premium Customers
0089-IIQKO,0.45053847407109204,4651.234199999998,Immediate Save,Loyal Premium Customers
9501-UKKNL,0.44956756407445364,3049.0284999999963,Immediate Save,Loyal Premium Customers
6797-LNAQX,0.44915278345240955,9021.398000000008,Immediate Save,Loyal Premium Customers
1543-LLLFT,0.4490959836341123,6411.553899999998,Immediate Save,Loyal Premium Customers
8922-LIEGH,0.4475859632768198,2910.0036999999993,Immediate Save,New Budget Customers
3164-YAXFY,0.44678979637367217,3115.427799999997,Immediate Save,Loyal Premium Customers
8591-NXRCV,0.44662311583636094,4416.194399999996,Immediate Save,Loyal Premium Customers
3316-UWXUY,0.4466114538600379,6749.866900000001,Immediate Save,Loyal Premium Customers
9402-CXWPL,0.4461403347769034,7461.738800000004,Immediate Save,Loyal Premium Customers
2382-BCKQJ,0.4458880052570672,8412.204599999994,Immediate Save,Loyal Premium Customers
7503-MIOGA,0.4458366162040436,9952.189099999985,Immediate Save,Loyal Premium Customers
9365-SRSZE,0.4452723711486036,2755.351700000004,Immediate Save,Established Standard Customers
2371-JQHZZ,0.44488505489533503,3302.4110000000055,Immediate Save,Established Standard Customers
0512-FLFDW,0.4431305284045524,7777.9433000000045,Immediate Save,Loyal Premium Customers
0980-PVMRC,0.44300709160966456,2192.9404000000013,Immediate Save,Established Standard Customers
8152-UOBNY,0.4414679850543748,5953.0122,Immediate Save,Loyal Premium Customers
7530-HDYDS,0.44047286235712574,3877.8324000000016,Immediate Save,Loyal Premium Customers
7402-PWYJJ,0.4403585926223719,7050.540600000003,Immediate Save,Loyal Premium Customers
5966-EMAZU,0.43954485936209997,7166.700899999996,Immediate Save,Loyal Premium Customers
7251-LJBQN,0.4394543354960657,5317.696500000002,Immediate Save,Loyal Premium Customers
0520-FDVVT,0.43887411693123196,5016.562100000001,Immediate Save,Loyal Premium Customers
2475-MROZF,0.43827457976639095,2971.952000000001,Immediate Save,Loyal Premium Customers
4128-ETESU,0.43804379955491374,4451.543900000003,Immediate Save,Loyal Budget Customers
2921-XWDJH,0.43780692518467823,3278.1385000000028,Immediate Save,Established Standard Customers
7611-YKYTC,0.43773096786147964,2501.7236999999973,Immediate Save,Established Standard Customers
0239-OXEXL,0.4362983940280404,5915.5961000000025,Immediate Save,Established Standard Customers
7047-FWEYA,0.4355631554548272,6246.909900000006,Immediate Save,Loyal Premium Customers
7854-EDSSA,0.43404271754030743,2288.4380000000006,Immediate Save,Established Standard Customers
2634-HCZGT,0.43386553377684683,4363.228499999995,Immediate Save,Loyal Budget Customers
5271-YNWVR,0.43114616377552284,9432.073300000013,Immediate Save,Loyal Premium Customers
8190-ZTQFB,0.43087765529003524,2185.927300000001,Immediate Save,Established Standard Customers
2266-SJNAT,0.4304154445433894,8653.927600000006,Immediate Save,Loyal Premium Customers
1193-RTSLK,0.42995593133450366,4596.900200000002,Immediate Save,Loyal Premium Customers
6807-SIWJI,0.42929646479310757,4071.164700000003,Immediate Save,Loyal Premium Customers
5795-KTGUD,0.42790656458085113,10770.229699999989,Immediate Save,Loyal Premium Customers
3707-LRWZD,0.4274333660278365,4049.7692999999995,Immediate Save,Established Standard Customers
4188-FRABG,0.4268697686453253,7678.5931999999975,Immediate Save,Loyal Premium Customers
9972-NKTFD,0.42650468753039905,2261.909399999997,Immediate Save,Established Standard Customers
5067-XJQFU,0.4260307771574351,8422.059599999997,Immediate Save,Loyal Premium Customers
2061-VVFST,0.4250404348844206,2448.9543000000012,Immediate Save,Loyal Budget Customers
7317-GGVPB,0.424678746096255,8224.596899999997,Immediate Save,Loyal Premium Customers
1370-GGAWX,0.42366027979997123,5943.9119999999975,Immediate Save,Loyal Premium Customers
2530-ENDWQ,0.422944615895749,9420.825900000007,Immediate Save,Loyal Premium Customers
7516-GMHUV,0.4229425896027781,7233.030500000006,Immediate Save,Loyal Premium Customers
3537-HPKQT,0.42266887233990547,5611.900100000008,Immediate Save,Loyal Premium Customers
8769-KKTPH,0.4222418093003197,6426.585599999999,Immediate Save,Loyal Premium Customers
6891-JPYFF,0.42210126496947625,6560.781000000006,Immediate Save,Loyal Premium Customers
3452-ABWRL,0.4217739639946227,5960.991199999993,Immediate Save,Loyal Premium Customers
7614-QVWQL,0.4211329539502523,2481.3350000000014,Immediate Save,Loyal Budget Customers
8123-QBNAZ,0.41984256040474943,5185.676000000007,Immediate Save,Loyal Premium Customers
9591-YVTEB,0.4193657143068276,2484.5550999999973,Immediate Save,Loyal Budget Customers
4389-UEFCZ,0.41933073042661845,9047.4858,Immediate Save,Loyal Premium Customers
1527-SXDPN,0.41871357544440474,7320.468899999998,Immediate Save,Loyal Premium Customers
4826-TZEVA,0.41828669699401644,3760.9318000000003,Immediate Save,Established Standard Customers
1697-BCSHV,0.41822658827245063,6477.491699999997,Immediate Save,Loyal Premium Customers
5447-WZAFP,0.4179763279144243,5703.997099999996,Immediate Save,Loyal Premium Customers
7188-CBBBA,0.4175293755374532,7919.728000000007,Immediate Save,Loyal Premium Customers
4422-QVIJA,0.4174260099994923,3171.595899999996,Immediate Save,Loyal Budget Customers
3209-ZPKFI,0.4160653728237068,4425.412000000004,Immediate Save,Loyal Budget Customers
3621-CHYVB,0.4160569594202781,2864.1717999999987,Immediate Save,Loyal Premium Customers
5628-RKIFK,0.41597303767419314,6248.557600000004,Immediate Save,Loyal Premium Customers
9391-YZEJW,0.41589835120144825,7812.115600000011,Immediate Save,Loyal Premium Customers
9896-UYMIE,0.41488555858099513,7707.783399999989,Immediate Save,Loyal Premium Customers
9036-CSKBW,0.41380905238633175,5999.8062,Immediate Save,Loyal Premium Customers
7109-MFBYV,0.4134357725214565,2376.3259000000007,Immediate Save,New Budget Customers
3214-IYUUQ,0.412028011168377,6441.583300000003,Immediate Save,Loyal Premium Customers
5353-WILCI,0.41142090260426206,2743.8170000000023,Immediate Save,Established Standard Customers
6689-VRRTK,0.41110554994760595,6889.67239999999,Immediate Save,Loyal Premium Customers
7203-OYKCT,0.4110152491447524,9884.84029999999,Immediate Save,Loyal Premium Customers
6985-HAYWX,0.41022840301846597,3025.1159000000002,Immediate Save,Established Standard Customers
7175-NTIXE,0.40980430026835796,2414.8925999999997,Immediate Save,Established Standard Customers
7272-QDCKA,0.4096919056418414,3042.8535000000056,Immediate Save,Established Standard Customers
9278-VZKCD,0.4086498621859437,5980.156999999999,Immediate Save,Loyal Premium Customers
0013-SMEOE,0.40836334056398305,8605.975600000005,Immediate Save,Loyal Premium Customers
2673-CXQEU,0.4075159959593339,8717.459300000017,Immediate Save,Loyal Premium Customers
3804-RVTGV,0.40670185311412715,7175.931100000012,Immediate Save,Loyal Premium Customers
3154-CFSZG,0.4059361785579204,6000.7056999999995,Immediate Save,Loyal Premium Customers
8979-CAMGB,0.405813160020096,7170.821699999996,Immediate Save,Loyal Premium Customers
0708-SJDIS,0.404774623461328,3781.9992999999995,Immediate Save,Established Standard Customers
6302-JGYRJ,0.4044739620919206,2823.6133,Immediate Save,Loyal Premium Customers
5240-CAOYT,0.40394053900126975,6585.055899999999,Immediate Save,Loyal Premium Customers
3685-YLCMQ,0.4038910206554731,8620.578400000008,Immediate Save,Loyal Premium Customers
2522-WLNSF,0.4036440963783538,2561.7643999999973,Immediate Save,Established Standard Customers
9142-KZXOP,0.4029892260428078,3437.6623000000022,Immediate Save,Established Standard Customers
6092-QZVPP,0.4023133312680284,4415.627399999999,Immediate Save,Loyal Premium Customers
3038-PQIUY,0.40155441512819,3373.2660000000005,Immediate Save,Established Standard Customers
2363-BJLSL,0.40139263087782306,7866.866200000005,Immediate Save,Loyal Premium Customers
0864-FVJNJ,0.4005711923784181,7459.180799999994,Immediate Save,Loyal Premium Customers
8597-CWYHH,0.39888375022761907,5796.701100000005,Immediate Save,Loyal Premium Customers
5934-RMPOV,0.39820144286088266,2668.1261000000004,Immediate Save,Established Standard Customers
6211-WHMYA,0.3979007095145209,2816.8701,Immediate Save,Loyal Budget Customers
4628-WQCQQ,0.3978028993270422,3949.167200000003,Immediate Save,Established Standard Customers
3957-HHLMR,0.39679813579433804,6600.443699999999,Immediate Save,Loyal Premium Customers
6261-LHRTG,0.3966982800235726,2435.5433999999977,Immediate Save,Established Standard Customers
4808-YNLEU,0.3965602730436023,3140.9508000000005,Immediate Save,Established Standard Customers
6990-YNRIO,0.395442036771785,9717.898100000013,Immediate Save,Loyal Premium Customers
7409-JURKQ,0.39527251524297413,8025.729199999999,Immediate Save,Loyal Premium Customers
6572-ADKRS,0.394761434227462,5598.844100000003,Immediate Save,Established Standard Customers
5206-XZZQI,0.3946601705789588,6910.422500000008,Immediate Save,Loyal Premium Customers
3716-LRGXK,0.39366712467512327,6702.807300000008,Immediate Save,Loyal Premium Customers
3518-FSTWG,0.3923883655344268,9218.595499999987,Immediate Save,Loyal Premium Customers
0440-QEXBZ,0.3920551961593525,3065.2151999999974,Immediate Save,Loyal Budget Customers
4250-ZBWLV,0.3905154625071147,8764.224999999984,Immediate Save,Loyal Premium Customers
3956-CJUST,0.3903618741144909,2160.9894999999988,Immediate Save,Established Standard Customers
1707-HABPF,0.38824747082185807,4716.744500000002,Immediate Save,Loyal Premium Customers
9154-QDGTH,0.388072845313097,5476.075500000001,Immediate Save,Loyal Premium Customers
6368-NWMCE,0.38794379086845554,3471.0238000000018,Immediate Save,Loyal Premium Customers
6281-FKEWS,0.3874200841155953,2156.0484000000015,Immediate Save,Loyal Premium Customers
0635-WKOLD,0.38731276073096293,3930.780099999995,Immediate Save,Loyal Premium Customers
2000-MPKCA,0.38598544774836907,9030.009799999993,Immediate Save,Loyal Premium Customers
4526-ZJJTM,0.385712571605735,2641.5147999999967,Immediate Save,Established Standard Customers
1421-HCERK,0.3855168812325887,4143.049900000001,Immediate Save,Loyal Premium Customers
6341-JVQGF,0.3847707232526121,3755.5756999999976,Immediate Save,Loyal Premium Customers
9518-IMLHK,0.3847251277615785,3484.782700000003,Immediate Save,Loyal Premium Customers
8878-RYUKI,0.3843054031344478,3526.386700000001,Immediate Save,Loyal Premium Customers
9626-VFRGG,0.3840365047821986,4510.519900000002,Immediate Save,Loyal Premium Customers
4628-CTTLA,0.3835243659465123,2261.454400000003,Immediate Save,Loyal Budget Customers
0822-QGCXA,0.3834768917626984,2422.0705000000007,Immediate Save,Loyal Premium Customers
9199-PWQVC,0.3828460890682826,7734.395499999998,Immediate Save,Loyal Premium Customers
6777-TGHTM,0.3797392612753321,7267.694900000007,Immediate Save,Loyal Premium Customers
0691-NIKRI,0.37780350967054604,4838.943500000001,Immediate Save,Loyal Premium Customers
2672-TGEFF,0.37702302126215553,3326.860399999999,Immediate Save,Established Standard Customers
7762-URZQH,0.3769206274131169,8505.781200000003,Immediate Save,Loyal Premium Customers
6259-WJQLC,0.376659670128842,2719.0109999999986,Immediate Save,Established Standard Customers
0136-IFMYD,0.3761664107472332,8936.609500000006,Immediate Save,Loyal Premium Customers
7997-EASSD,0.3746421446174976,7363.150200000008,Immediate Save,Loyal Premium Customers
4685-ERGHK,0.37444068437495925,7024.74760000001,Immediate Save,Loyal Premium Customers
6408-OTUBZ,0.37384442543403057,7935.900799999999,Immediate Save,Loyal Premium Customers
3714-XPXBW,0.37321154142803487,4448.484099999998,Immediate Save,Loyal Premium Customers
2239-JALAW,0.3721665433645821,8723.267500000004,Immediate Save,Loyal Premium Customers
6522-YRBXD,0.37178846996113857,4055.924299999996,Immediate Save,Loyal Premium Customers
0877-SDMBN,0.3707071060094947,7942.100700000005,Immediate Save,Loyal Premium Customers
6723-WSNTY,0.3697069010206168,7649.446300000001,Immediate Save,Loyal Premium Customers
8809-RIHDD,0.369459414297341,7585.825899999997,Immediate Save,Loyal Premium Customers
6386-SZZKH,0.3693478569816825,5595.9097,Immediate Save,Loyal Premium Customers
2957-JIRMN,0.3692269067598418,6320.825800000008,Immediate Save,Loyal Premium Customers
5149-TGWDZ,0.3690315159204804,3021.127999999999,Immediate Save,Loyal Premium Customers
5294-CDGWY,0.36864996552864826,3018.3409999999985,Immediate Save,Loyal Premium Customers
0080-OROZO,0.36851527364144643,4903.464600000006,Immediate Save,Loyal Premium Customers
0308-GIQJT,0.3667448649199321,7893.411499999995,Immediate Save,Loyal Premium Customers
2359-KLTEK,0.3667236664066477,5868.3245000000015,Immediate Save,Loyal Premium Customers
8199-ZLLSA,0.3659132325991229,9297.4853,Immediate Save,Loyal Premium Customers
4488-KQFDT,0.3658007923205634,7418.613300000001,Immediate Save,Loyal Premium Customers
0723-FDLAY,0.363404581688272,5920.089599999995,Immediate Save,Loyal Premium Customers
3570-YUEKJ,0.3633946070565396,2538.7512999999967,Immediate Save,Loyal Budget Customers
2573-GYRUU,0.3633480179311045,5603.1848,Immediate Save,Loyal Premium Customers
0975-UYDTX,0.36318918113701837,2958.7914000000055,Immediate Save,Loyal Premium Customers
9518-RWHZL,0.36199079481359797,8127.018400000005,Immediate Save,Loyal Premium Customers
9058-HRZSV,0.35949917690881295,8518.777799999993,Immediate Save,Loyal Premium Customers
2325-ZUSFD,0.359487560663323,6050.292199999999,Immediate Save,Loyal Premium Customers
5956-YHHRX,0.3582969425348279,2645.0268999999994,Immediate Save,Established Standard Customers
1702-CCFNJ,0.3578517444603198,5501.788400000002,Immediate Save,Loyal Premium Customers
4174-LPGTI,0.3571401952531376,4147.344299999999,Immediate Save,Loyal Premium Customers
3896-RCYYE,0.35666564226333836,3600.913500000002,Immediate Save,Loyal Premium Customers
3259-FDWOY,0.3564714480273945,10954.780299999993,Immediate Save,Loyal Premium Customers
6650-BWFRT,0.35583952224006404,10188.948699999992,Immediate Save,Loyal Premium Customers
1732-FEKLD,0.35472644325657504,7230.0245999999925,Immediate Save,Loyal Premium Customers
2055-BFOCC,0.3533518348991731,7884.0617999999995,Immediate Save,Loyal Premium Customers
4522-XRWWI,0.35303293994893914,3992.4645,Immediate Save,Loyal Premium Customers
5996-NRVXR,0.35288097034766946,4641.914299999993,Immediate Save,Loyal Premium Customers
8065-QBYTO,0.35184293846234055,7418.593399999991,Immediate Save,Loyal Premium Customers
3955-JBZZM,0.3511821798745883,2323.810300000001,Immediate Save,New Budget Customers
8631-WUXGY,0.3504270255288371,5183.852500000007,Immediate Save,Loyal Premium Customers
0334-ZFJSR,0.3503170360564451,5543.383699999989,Immediate Save,Loyal Premium Customers
5127-BZENZ,0.35013664631190117,5768.378099999991,Immediate Save,Loyal Premium Customers
7245-JMTTQ,0.34960260515159963,7893.915300000007,Immediate Save,Loyal Premium Customers
0440-MOGPM,0.34821433446654504,3538.0469000000026,Immediate Save,Loyal Premium Customers
8261-GWDBQ,0.34800514301632324,7179.856899999998,Immediate Save,Loyal Premium Customers
7803-XOCCZ,0.347668824452638,6047.246599999989,Immediate Save,Loyal Premium Customers
4484-GLZOU,0.3469689764461156,6112.758600000002,Immediate Save,Loyal Premium Customers
0549-CYCQN,0.34651887473494514,5324.0103,Immediate Save,Loyal Premium Customers
4908-XAXAY,0.3460133870225678,6610.930299999992,Immediate Save,Loyal Premium Customers
8671-KKKOS,0.3457407643390181,2169.8717,Immediate Save,Loyal Budget Customers
7710-JSYOA,0.344143460553258,8488.863099999999,Immediate Save,Loyal Premium Customers
3521-MNKLV,0.3433752198405398,2120.3343999999984,Immediate Save,Established Standard Customers
5478-JJVZK,0.34117737872116627,2541.5797999999977,Immediate Save,Established Standard Customers
6873-UDNLD,0.3409238699847536,4428.5141,Immediate Save,Loyal Premium Customers
5686-CMAWK,0.3405550628301959,2267.901799999998,Immediate Save,Established Standard Customers
8992-OBVDG,0.3404745712122858,2266.3411000000015,Immediate Save,Established Standard Customers
7459-IMVYU,0.3403344818015546,3691.6573000000003,Immediate Save,Established Standard Customers
5074-FBGHB,0.339995090903414,8446.518899999992,Immediate Save,Loyal Premium Customers
0824-VWDPO,0.339821979592697,4555.614300000002,Immediate Save,Loyal Premium Customers
1502-XFCVR,0.33975390098460984,7290.088100000001,Immediate Save,Loyal Premium Customers
2205-LPVGL,0.3394129083730121,6415.973599999995,Immediate Save,Loyal Premium Customers
2272-WUSPA,0.3387801254605115,10620.408499999992,Immediate Save,Loyal Premium Customers
5325-UWTWJ,0.3375760147979443,3619.0442000000016,Immediate Save,Established Standard Customers
4187-CINZD,0.33670532823817306,4695.8499999999985,Immediate Save,Loyal Premium Customers
2040-XBAVJ,0.33654327030814135,9879.90729999999,Immediate Save,Loyal Premium Customers
1488-PBLJN,0.3360039640959804,10721.733699999999,Immediate Save,Loyal Premium Customers
3736-BLEPA,0.33579145779517866,2926.4293999999995,Immediate Save,Established Standard Customers
9822-BIIGN,0.33509167327504,5301.283100000004,Immediate Save,Loyal Premium Customers
0956-ACVZC,0.3348420695068648,7694.6667000000125,Immediate Save,Loyal Premium Customers
7025-IWFHT,0.3348042287783014,5472.539600000005,Immediate Save,Loyal Premium Customers
1264-FUHCX,0.33464104888306584,2820.2675000000013,Immediate Save,Loyal Premium Customers
4531-AUZNK,0.33415669222508393,5876.876099999993,Immediate Save,Loyal Premium Customers
0853-NWIFK,0.33360907557136693,4625.838299999996,Immediate Save,Loyal Premium Customers
5536-SLHPM,0.3335518141224148,5433.914600000005,Immediate Save,Loyal Premium Customers
5832-TRLPB,0.3330377509670193,2370.8838000000037,Immediate Save,Loyal Premium Customers
4393-RYCRE,0.3318410988403289,6326.7093,Immediate Save,Loyal Premium Customers
7673-LPRNY,0.3317593731717407,2917.9224,Immediate Save,Established Standard Customers
3511-APPBJ,0.33051716479916887,3237.211199999997,Immediate Save,Established Standard Customers
6257-DTAYD,0.3299904153282506,7628.58379999999,Immediate Save,Loyal Premium Customers
4816-LXZYW,0.3298493122036617,2507.208700000004,Immediate Save,New Budget Customers
6749-UTDVX,0.32843426790954167,8224.733299999985,Immediate Save,Loyal Premium Customers
6333-YDVLT,0.32825971719353153,9169.56240000001,Immediate Save,Loyal Premium Customers
4510-PYUSH,0.32751992119804235,3196.4657000000025,Immediate Save,Established Standard Customers
8089-UZWLX,0.32546593408903324,10721.263099999993,Immediate Save,Loyal Premium Customers
3115-JPJDD,0.32512228517329117,6667.641399999999,Immediate Save,Loyal Premium Customers
2065-MMKGR,0.3241530352563022,3275.8225999999977,Immediate Save,Established Standard Customers
5451-YHYPW,0.3233313896322156,11648.603000000014,Immediate Save,Loyal Premium Customers
7872-RDDLZ,0.3223704651299484,6951.99830000001,Immediate Save,Loyal Budget Customers
8097-VBQTZ,0.3223003989493169,5371.7484,Immediate Save,Loyal Premium Customers
5499-ECUTN,0.3222651167208806,3488.6254000000004,Immediate Save,Loyal Premium Customers
2560-PPCHE,0.321966719234939,8519.799099999986,Immediate Save,Loyal Premium Customers
5382-TEMLV,0.3217343151001145,3235.1174999999985,Immediate Save,Loyal Budget Customers
8469-SNFFH,0.3208151286884188,8536.1939,Immediate Save,Loyal Premium Customers
9029-FEGVJ,0.3199530110095855,2679.257600000001,Immediate Save,Established Standard Customers
1698-XFZCI,0.31963524112795044,9168.398700000012,Immediate Save,Loyal Premium Customers
3160-TYXLT,0.3195248411060208,2527.768700000002,Immediate Save,Loyal Premium Customers
8263-QMNTJ,0.3195016277527365,11772.521700000005,Immediate Save,Loyal Premium Customers
1555-DJEQW,0.31913800481325,9019.896599999993,Immediate Save,Loyal Premium Customers
8309-PPCED,0.31860534739886365,11248.905100000016,Immediate Save,Loyal Premium Customers
1548-FEHVL,0.3184820464226107,8189.331399999998,Immediate Save,Loyal Premium Customers
0842-IWYCP,0.3175950584823286,4016.6673999999975,Immediate Save,Loyal Budget Customers
6840-RESVB,0.3168609691054989,2914.9228999999996,Immediate Save,Loyal Premium Customers
9793-WECQC,0.31672926902493675,3106.8811999999994,Immediate Save,New Budget Customers
6738-ISCBM,0.31578796537272763,2439.721,Immediate Save,Loyal Premium Customers
9909-DFRJA,0.31576581234551565,3517.134299999996,Immediate Save,Loyal Premium Customers
5089-IFSDP,0.31489868484800665,7910.403699999988,Immediate Save,Loyal Premium Customers
0484-FFVBJ,0.31346972211258267,2626.8474,Immediate Save,Established Standard Customers
0533-UCAAU,0.3133376713216137,6874.185499999988,Immediate Save,Loyal Premium Customers
4274-DRSQT,0.3131789268347066,7997.722000000004,Immediate Save,Loyal Premium Customers
4075-JFPGR,0.3128445722472084,5779.1663999999955,Immediate Save,Loyal Premium Customers
0289-IVARM,0.31283964759614047,3583.697500000004,Immediate Save,Established Standard Customers
4824-GUCBY,0.3121802317931792,2294.196700000003,Immediate Save,Established Standard Customers
1247-QBVSH,0.3114110805503122,2896.724800000001,Immediate Save,Loyal Budget Customers
1265-BCFEO,0.3113670932597111,7523.529100000009,Immediate Save,Loyal Premium Customers
3450-WXOAT,0.3103448853804756,3337.226900000001,Immediate Save,Loyal Budget Customers
7247-XOZPB,0.3100858212401572,6546.074999999991,Immediate Save,Loyal Premium Customers
7402-EYFXX,0.309645145198279,3025.5912000000044,Immediate Save,Established Standard Customers
2107-FBPTK,0.30951323127405245,4358.9802,Immediate Save,Loyal Premium Customers
6305-YLBMM,0.30911868589309976,7458.125900000002,Immediate Save,Loyal Premium Customers
7663-ZTEGJ,0.30886171654050854,4304.536100000001,Immediate Save,Loyal Premium Customers
7233-PAHHL,0.30863212177231025,6120.836099999997,Immediate Save,Loyal Premium Customers
4374-YMUSQ,0.30856677091428264,4516.201199999998,Immediate Save,Loyal Premium Customers
8975-SKGRX,0.3084518594980203,10742.497399999991,Immediate Save,Loyal Premium Customers
8756-RDDLT,0.30755387117821087,3058.2875000000013,Immediate Save,Loyal Premium Customers
5734-EJKXG,0.3075172523038334,9435.200800000013,Immediate Save,Loyal Premium Customers
4816-OKWNX,0.30747402601492446,7027.565500000004,Immediate Save,Loyal Premium Customers
5178-LMXOP,0.9959879352974295,98.95609999999989,Nurture,Established Standard Customers
8361-LTMKD,0.995790920906349,354.3271,Nurture,Established Standard Customers
8775-LHDJH,0.9955021736673321,101.82280000000009,Nurture,Established Standard Customers
4826-XTSOH,0.9952818246477017,123.56129999999993,Nurture,Established Standard Customers
3319-DWOEP,0.994707406563929,840.0762000000001,Nurture,Established Standard Customers
7216-EWTRS,0.9946647694832861,116.24759999999984,Nurture,Established Standard Customers
8821-XNHVZ,0.9944953801815899,120.75670000000005,Nurture,Established Standard Customers
3801-HMYNL,0.9943428708230762,122.23949999999992,Nurture,Established Standard Customers
5567-WSELE,0.9942909634768644,388.1671999999998,Nurture,Established Standard Customers
2725-KXXWT,0.9934890118596715,113.49489999999997,Nurture,Established Standard Customers
4927-WWOOZ,0.9934299940949658,264.4255999999999,Nurture,Established Standard Customers
6513-EECDB,0.9933958325688086,111.95099999999985,Nurture,Established Standard Customers
1062-LHZOD,0.9933723129084421,75.9734000000001,Nurture,Established Standard Customers
7181-BQYBV,0.9931697816994258,123.91429999999993,Nurture,Established Standard Customers
0684-AOSIH,0.9931155642227696,103.68850000000002,Nurture,Established Standard Customers
1400-MMYXY,0.993114919345532,438.2819000000002,Nurture,Established Standard Customers
2074-GKOWZ,0.9930308720507152,203.29210000000023,Nurture,Established Standard Customers
4086-YQSNZ,0.9928902517388031,248.78559999999962,Nurture,Established Standard Customers
3746-EUBYR,0.9927266562285068,118.90849999999993,Nurture,Established Standard Customers
1363-TXLSL,0.9926678043608981,109.6818999999999,Nurture,Established Standard Customers
2656-TABEH,0.9926095209351895,511.33090000000067,Nurture,Established Standard Customers
4102-OQUPX,0.9925202405018821,112.18350000000014,Nurture,Established Standard Customers
0723-DRCLG,0.9923863713324248,120.11109999999995,Nurture,Established Standard Customers
7908-QCBCA,0.9919278936831185,121.74279999999999,Nurture,Established Standard Customers
7903-CMPEY,0.991653890654528,101.36139999999996,Nurture,Established Standard Customers
1448-PWKYE,0.9915168747708178,116.02079999999985,Nurture,Established Standard Customers
2506-TNFCO,0.9914130108235023,82.47410000000008,Nurture,Established Standard Customers
6892-EZDTG,0.9912673404913096,450.3574999999998,Nurture,Established Standard Customers
8992-JQYUN,0.9910412406000961,48.55820000000001,Nurture,Established Standard Customers
4806-HIPDW,0.990836028492689,90.85210000000008,Nurture,Established Standard Customers
4952-YSOGZ,0.9906676240180021,396.55450000000013,Nurture,Established Standard Customers
7384-GHBPI,0.9906437573106347,102.10820000000001,Nurture,New Budget Customers
0318-QUUOB,0.9906415963357743,127.07499999999987,Nurture,Established Standard Customers
2265-CYWIV,0.990623558543623,427.56450000000007,Nurture,Established Standard Customers
0616-ATFGB,0.9905144318108747,25.34360000000001,Nurture,New Budget Customers
5561-NWEVX,0.9904367338469163,204.58629999999997,Nurture,Established Standard Customers
6372-RFVNS,0.9904223446487233,106.32780000000004,Nurture,Established Standard Customers
7180-PISOG,0.9903681435713618,110.85650000000001,Nurture,Established Standard Customers
0196-VULGZ,0.9903443857652443,667.6533000000011,Nurture,Established Standard Customers
0679-IDSTG,0.990336428739629,106.74059999999996,Nurture,Established Standard Customers
4184-TJFAN,0.9902948194278677,345.5874000000004,Nurture,Established Standard Customers
4236-XPXAV,0.9902613067941418,480.3850999999995,Nurture,Established Standard Customers
3422-LYEPQ,0.9901209849258616,90.85170000000005,Nurture,Established Standard Customers
3296-SILRA,0.9897161810493671,124.59869999999995,Nurture,Established Standard Customers
3519-ZKXGG,0.9896853117469897,379.75340000000006,Nurture,Established Standard Customers
3198-VELRD,0.9896733688096947,365.00189999999986,Nurture,Established Standard Customers
4143-OOBWZ,0.9896027747500413,543.0862999999994,Nurture,Established Standard Customers
9514-JDSKI,0.9895721410685047,41.85249999999994,Nurture,New Budget Customers
9507-EXLTT,0.989536514326295,103.77989999999986,Nurture,Established Standard Customers
1447-GIQMR,0.9894353605928835,73.89160000000007,Nurture,Established Standard Customers
4587-VVTOX,0.9893706702782364,719.1688999999989,Nurture,Established Standard Customers
4192-GORJT,0.9891714978642354,687.4722000000005,Nurture,Established Standard Customers
0018-NYROU,0.9888301886944222,431.57140000000004,Nurture,Established Standard Customers
8622-ZLFKO,0.9886512784038669,667.2543999999997,Nurture,Established Standard Customers
7932-WPTDS,0.9885126797587758,25.3275,Nurture,New Budget Customers
5842-POCOP,0.9882584271981889,671.6138999999998,Nurture,Established Standard Customers
9399-APLBT,0.9880001188206492,97.36079999999998,Nurture,Established Standard Customers
6416-TVAIH,0.9872059466662222,98.34270000000006,Nurture,Established Standard Customers
4795-KTRTH,0.9872031631404211,597.7949000000001,Nurture,Established Standard Customers
9274-CNFMO,0.9871574975215357,418.4612999999999,Nurture,Established Standard Customers
8835-VSDSE,0.9870524083716224,157.5043999999998,Nurture,Established Standard Customers
9897-KXHCM,0.9865945620405604,390.5335999999999,Nurture,Established Standard Customers
3671-SHRSP,0.9865917776063373,395.31139999999954,Nurture,Established Standard Customers
5134-IKDAY,0.9865709233013691,82.13859999999994,Nurture,Established Standard Customers
7615-ESMYF,0.9864371164159643,95.55790000000013,Nurture,Established Standard Customers
1569-TTNYJ,0.986410560822519,426.9451999999998,Nurture,Established Standard Customers
6877-TJMBR,0.9862957187836182,120.72979999999988,Nurture,Established Standard Customers
3097-NQYSN,0.9862151383246103,201.51509999999985,Nurture,Established Standard Customers
9444-JTXHZ,0.98605354148912,140.35630000000015,Nurture,Established Standard Customers
1853-UDXBW,0.9859652358378701,108.50669999999998,Nurture,Established Standard Customers
7321-VGNKU,0.9859255691569118,158.05839999999986,Nurture,Established Standard Customers
5868-YWPDW,0.9854719712403522,754.7175999999996,Nurture,Established Standard Customers
2722-JMONI,0.9850457876381004,73.90079999999996,Nurture,Established Standard Customers
5583-SXDAG,0.984639626945787,100.47799999999987,Nurture,Established Standard Customers
5685-IIXLY,0.9845563400790729,431.35889999999984,Nurture,Established Standard Customers
2485-ITVKB,0.9843180073967503,75.03939999999999,Nurture,New Budget Customers
7890-VYYWG,0.9842147656743108,106.92890000000001,Nurture,New Budget Customers
4636-QRJKY,0.98412280641673,712.6871000000002,Nurture,Established Standard Customers
5916-QEWPT,0.9841020582006343,198.51160000000004,Nurture,Established Standard Customers
1086-LXKFY,0.9839510396942354,84.68160000000003,Nurture,Established Standard Customers
0812-WUPTB,0.9836584138518533,118.5218,Nurture,Established Standard Customers
2720-WGKHP,0.983522440528579,221.36740000000012,Nurture,Established Standard Customers
3797-VTIDR,0.9832881862246751,23.9483,Nurture,New Budget Customers
4439-JMPMT,0.98320177391488,436.7753999999997,Nurture,Established Standard Customers
7590-VHVEG,0.9831805619793512,29.758899999999976,Nurture,New Budget Customers
5380-AFSSK,0.9829760173481198,705.7859999999996,Nurture,Established Standard Customers
5095-AESKG,0.9827607015595499,355.88349999999963,Nurture,Established Standard Customers
9850-OWRHQ,0.9824908570276858,275.69559999999996,Nurture,Established Standard Customers
4741-WWJQZ,0.982421515196235,212.9141000000001,Nurture,Established Standard Customers
8824-RWFXJ,0.9824167792685145,257.32070000000016,Nurture,Established Standard Customers
2983-ZANRP,0.9823824361914624,162.2932999999998,Nurture,Established Standard Customers
5277-ZLOOR,0.982303207370873,198.16800000000018,Nurture,Established Standard Customers
1374-DMZUI,0.9822616537199971,596.0200999999993,Nurture,Established Standard Customers
6521-YYTYI,0.9821520952950626,100.66210000000012,Nurture,Established Standard Customers
6023-YEBUP,0.9819977208753227,362.67569999999995,Nurture,Established Standard Customers
9497-QCMMS,0.9817387897403295,122.4335999999999,Nurture,Established Standard Customers
8098-LLAZX,0.9816697272012079,512.8660000000004,Nurture,Established Standard Customers
5299-SJCZT,0.9814794173434973,362.3527000000002,Nurture,Established Standard Customers
0295-PPHDO,0.98115514057992,99.90880000000008,Nurture,Established Standard Customers
7235-NXZCP,0.9810278353423418,241.61110000000005,Nurture,Established Standard Customers
6424-ELEYH,0.9808164879360974,343.7192000000004,Nurture,Established Standard Customers
4910-GMJOT,0.9807612877104234,96.54290000000012,Nurture,Established Standard Customers
9057-SIHCH,0.9807467282505554,308.19410000000016,Nurture,Established Standard Customers
9300-AGZNL,0.9807074617160767,114.4202000000001,Nurture,Established Standard Customers
5760-IFJOZ,0.9806022092390614,436.62119999999936,Nurture,Established Standard Customers
7024-OHCCK,0.9805412206904384,211.96489999999977,Nurture,Established Standard Customers
5729-KLZAR,0.9804393648672813,515.3841000000007,Nurture,Established Standard Customers
2865-TCHJW,0.980376569728274,544.1016999999994,Nurture,Established Standard Customers
0390-DCFDQ,0.9801973596993888,87.70999999999987,Nurture,Established Standard Customers
1976-CFOCS,0.9801215522526386,55.80490000000002,Nurture,New Budget Customers
0330-IVZHA,0.9799980488515162,416.62470000000025,Nurture,Established Standard Customers
8149-RSOUN,0.9799713708197794,109.03980000000001,Nurture,Established Standard Customers
7379-POKDZ,0.9797236475569415,296.12929999999994,Nurture,Established Standard Customers
4290-BSXUX,0.9796000455256886,373.7898000000002,Nurture,Established Standard Customers
2446-BEGGB,0.9793462121578828,852.9913999999994,Nurture,Established Standard Customers
4424-TKOPW,0.979263038345532,238.35370000000003,Nurture,Established Standard Customers
6432-TWQLB,0.9790055026285184,589.3138000000001,Nurture,Established Standard Customers
5570-PTWEH,0.9789460022427658,270.68860000000035,Nurture,Established Standard Customers
4629-NRXKX,0.9788779541537986,230.50570000000022,Nurture,Established Standard Customers
0107-YHINA,0.9787640410295458,134.16029999999978,Nurture,Established Standard Customers
3295-YVUSR,0.978555165612935,167.74380000000002,Nurture,Established Standard Customers
3158-MOERK,0.9785006100215393,271.0522999999998,Nurture,Established Standard Customers
6101-IMRMM,0.9784129632834309,633.7585000000003,Nurture,Established Standard Customers
2637-FKFSY,0.9782435527541912,182.433,Nurture,New Budget Customers
2369-UAPKZ,0.9781607457165382,725.7042999999998,Nurture,Established Standard Customers
3068-OMWZA,0.9778153664658524,144.25849999999986,Nurture,Established Standard Customers
6496-SLWHQ,0.977755922812579,403.81130000000013,Nurture,Established Standard Customers
8943-URTMR,0.9776997256117557,209.2218,Nurture,Established Standard Customers
5052-PNLOS,0.9774326032598982,358.2771000000003,Nurture,Established Standard Customers
3988-RQIXO,0.9773240376736155,133.26069999999993,Nurture,Established Standard Customers
7598-UAASY,0.9771956259695557,194.67839999999978,Nurture,Established Standard Customers
3387-VATUS,0.9770988921971898,674.6932000000006,Nurture,Established Standard Customers
9681-OXGVC,0.9770762449612013,631.8904999999999,Nurture,Established Standard Customers
3318-NMQXL,0.9770655594242941,312.50829999999974,Nurture,Established Standard Customers
8414-MYSHR,0.9770325811587017,453.5498,Nurture,Established Standard Customers
4815-GBTCD,0.9769417185846997,106.33679999999995,Nurture,New Budget Customers
4750-ZRXIU,0.9767247826873535,387.6607999999998,Nurture,Established Standard Customers
1746-TGTWV,0.9766210254620685,114.29209999999988,Nurture,Established Standard Customers
9725-SCPZG,0.9765713013579471,95.35179999999991,Nurture,Established Standard Customers
7503-ZGUZJ,0.9764548640907983,139.8431000000001,Nurture,Established Standard Customers
5192-EBGOV,0.9762708646298999,130.59000000000006,Nurture,Established Standard Customers
7488-MXJIV,0.9762610540759297,513.0443000000002,Nurture,Established Standard Customers
1069-XAIEM,0.9762555568053767,102.35710000000005,Nurture,Established Standard Customers
0259-GBZSH,0.9762380931864998,260.5850000000002,Nurture,Established Standard Customers
8417-FMLZI,0.9761270036967851,642.9409000000004,Nurture,Established Standard Customers
0880-TKATG,0.9760848721752614,428.0162999999995,Nurture,Established Standard Customers
0388-EOPEX,0.9760770747800694,163.31239999999977,Nurture,Established Standard Customers
9944-HKVVB,0.9757753017589167,403.4874999999998,Nurture,Established Standard Customers
5419-JPRRN,0.9757731347512291,107.96209999999999,Nurture,Established Standard Customers
0970-ETWGE,0.9756155479450895,130.67000000000007,Nurture,Established Standard Customers
0754-UKWQP,0.9754929252669733,267.6827000000001,Nurture,Established Standard Customers
9025-AOMKI,0.9754374836595204,827.2292000000006,Nurture,Established Standard Customers
6474-FVJLC,0.975425902298601,257.4142999999998,Nurture,Established Standard Customers
7851-WZEKY,0.9753826895095608,267.39209999999963,Nurture,Established Standard Customers
2959-MJHIC,0.9751876445528632,451.52620000000053,Nurture,Established Standard Customers
1415-YFWLT,0.9747311237976607,118.65790000000007,Nurture,Established Standard Customers
6161-UUUTA,0.9747002260869208,260.51529999999997,Nurture,Established Standard Customers
3776-EKTKM,0.9744653336150884,37.35499999999996,Nurture,New Budget Customers
7802-EFKNY,0.9744542599535952,108.4106999999999,Nurture,New Budget Customers
7548-SEPYI,0.9744470496781986,651.1472000000006,Nurture,Established Standard Customers
2034-GDRCN,0.9743958592295839,207.9120000000001,Nurture,Established Standard Customers
1496-GGSUK,0.9740828872143452,25.69289999999998,Nurture,New Budget Customers
4695-WJZUE,0.9739012087810789,222.13969999999983,Nurture,Established Standard Customers
4713-LZDRV,0.9737688867457183,215.3764,Nurture,Established Standard Customers
7055-HNEOJ,0.9735930207247208,176.84300000000013,Nurture,Established Standard Customers
3411-WLRSQ,0.973484192163005,375.82260000000065,Nurture,Established Standard Customers
4912-PIGUY,0.973385069973989,129.79239999999984,Nurture,Established Standard Customers
1389-CXMLU,0.973135559769694,354.3175000000002,Nurture,Established Standard Customers
3006-XIMLN,0.9728493039521764,275.52670000000035,Nurture,Established Standard Customers
8603-IJWDN,0.9728191461446777,93.5129,Nurture,Established Standard Customers
3643-AHCFP,0.9726653147405004,799.9590000000004,Nurture,Established Standard Customers
2990-HWIML,0.972605721600947,836.9586000000008,Nurture,Established Standard Customers
6894-LFHLY,0.9726041845804724,84.78250000000007,Nurture,Established Standard Customers
7693-LCKZL,0.9725445485212644,449.4531999999997,Nurture,Established Standard Customers
7218-HKQFK,0.9724954393172054,207.44670000000025,Nurture,Established Standard Customers
3703-VAVCL,0.972477443008977,277.23769999999973,Nurture,Established Standard Customers
9611-CTWIH,0.972301959875637,297.85840000000024,Nurture,Established Standard Customers
8642-GVWRF,0.9719150856837268,214.97250000000003,Nurture,Established Standard Customers
8665-UTDHZ,0.9719132147663482,31.30399999999999,Nurture,New Budget Customers
7577-SWIFR,0.9718767689549512,105.84920000000002,Nurture,Established Standard Customers
4140-MUHUG,0.9716547403223393,285.5142000000002,Nurture,Established Standard Customers
3551-HUAZH,0.971525854654728,85.69999999999983,Nurture,Established Standard Customers
2495-INZWQ,0.9714299440404175,187.42129999999983,Nurture,New Budget Customers
0334-GDDSO,0.9714078339453092,259.9514999999999,Nurture,Established Standard Customers
5896-NPFWW,0.9713785813767272,203.57000000000022,Nurture,Established Standard Customers
9282-IZGQK,0.9713331982075004,116.89099999999993,Nurture,Established Standard Customers
9828-AOQLM,0.9712850076454058,59.30460000000002,Nurture,New Budget Customers
9248-OJYKK,0.9712703229505563,88.93130000000006,Nurture,Established Standard Customers
8593-WHYHV,0.9712270599372512,300.36279999999965,Nurture,Established Standard Customers
9300-RENDD,0.9710751523239146,84.5368,Nurture,Established Standard Customers
2672-HUYVI,0.9710714235225554,564.7602000000005,Nurture,Established Standard Customers
8740-CRYFY,0.9709142469002457,102.66049999999994,Nurture,Established Standard Customers
0702-PGIBZ,0.9708406802235949,473.44609999999955,Nurture,Established Standard Customers
1455-ESIQH,0.9704997105227853,105.65009999999995,Nurture,Established Standard Customers
1724-BQUHA,0.9704707312304477,700.129800000001,Nurture,Established Standard Customers
9546-CQJSU,0.970450988750571,272.0839000000001,Nurture,Established Standard Customers
4988-IQIGL,0.9702950250917924,105.42150000000017,Nurture,Established Standard Customers
2799-ARNLO,0.9702551084955439,386.68190000000055,Nurture,Established Standard Customers
7568-PODML,0.9701879092754071,44.31370000000005,Nurture,Established Standard Customers
1273-MTETI,0.9700782646682472,425.1020999999997,Nurture,Established Standard Customers
2232-DMLXU,0.9698450530589006,89.92130000000002,Nurture,Established Standard Customers
6229-LSCKB,0.9696943483613125,777.8373999999994,Nurture,Established Standard Customers
4548-SDBKE,0.9696603301262017,629.7092000000005,Nurture,Established Standard Customers
7330-WZLNC,0.9693857616739738,459.4709999999998,Nurture,Established Standard Customers
7206-GZCDC,0.9693425372522732,99.38600000000011,Nurture,Established Standard Customers
3165-HDOEW,0.969338737565392,61.736900000000006,Nurture,New Budget Customers
8780-IXSTS,0.9690976756550107,557.6105999999996,Nurture,Established Standard Customers
5349-IECLD,0.9690400239172395,233.9885000000003,Nurture,Established Standard Customers
4581-SSPWD,0.9689748095265425,243.84739999999988,Nurture,Established Standard Customers
5240-IJOQT,0.9688766184615615,85.90269999999997,Nurture,Established Standard Customers
2514-GINMM,0.9687563507284718,130.33779999999987,Nurture,Established Standard Customers
1761-AEZZR,0.9685418220524232,85.07179999999998,Nurture,Established Standard Customers
8473-VUVJN,0.9684161257628999,113.51870000000004,Nurture,Established Standard Customers
6861-XWTWQ,0.968345952305359,966.5232999999997,Nurture,Established Standard Customers
9061-TIHDA,0.9683419077480838,1649.549100000001,Nurture,Established Standard Customers
2462-XIIJB,0.968160910903064,465.3955999999998,Nurture,Established Standard Customers
1833-VGRUM,0.96808619024886,121.6587999999999,Nurture,Established Standard Customers
0137-OCGAB,0.9680220434341908,82.94350000000007,Nurture,Established Standard Customers
4228-ZGYUW,0.9679793147971335,439.12929999999983,Nurture,Established Standard Customers
1010-DIAUQ,0.967966771736669,546.6291000000002,Nurture,Established Standard Customers
1452-VOQCH,0.9679407290925045,80.36770000000006,Nurture,Established Standard Customers
7274-RTAPZ,0.9678876711499848,98.29950000000002,Nurture,Established Standard Customers
8580-AECUZ,0.9676899052656525,120.74779999999983,Nurture,Established Standard Customers
7439-DKZTW,0.9676419078349618,127.89019999999982,Nurture,Established Standard Customers
3329-WDIOK,0.9676352238827692,150.07120000000018,Nurture,Established Standard Customers
1024-GUALD,0.9676049332814733,25.034699999999997,Nurture,New Budget Customers
1304-NECVQ,0.9675873038093266,245.48450000000014,Nurture,Established Standard Customers
3178-FESZO,0.9673963361504794,118.33349999999982,Nurture,Established Standard Customers
8258-GSTJK,0.9673839027103648,382.9910999999998,Nurture,Established Standard Customers
6140-QNRQQ,0.9673236428154394,90.14229999999993,Nurture,Established Standard Customers
0013-EXCHZ,0.9672995749520619,280.45840000000027,Nurture,Established Standard Customers
1624-NALOJ,0.9671584905915118,669.8009000000006,Nurture,Established Standard Customers
2100-BDNSN,0.9670437888111294,393.0256000000003,Nurture,Established Standard Customers
1143-NMNQJ,0.9669183552152961,201.74760000000003,Nurture,Established Standard Customers
0306-JAELE,0.9668893414381126,616.6861999999995,Nurture,Established Standard Customers
3727-RJMEO,0.9668650691526846,490.4975999999991,Nurture,Established Standard Customers
8337-UPOAQ,0.966851224007452,1073.602300000001,Nurture,Established Standard Customers
3082-VQXNH,0.9668021832023467,93.57109999999992,Nurture,New Budget Customers
3440-JPSCL,0.9667574594685734,593.1643,Nurture,Established Standard Customers
5378-IKEEG,0.9667258583327434,36.49649999999999,Nurture,New Budget Customers
7576-OYWBN,0.9666704363329057,330.91049999999973,Nurture,Established Standard Customers
0220-EBGCE,0.9666533394795905,199.67150000000015,Nurture,Established Standard Customers
4844-JJWUY,0.9665237178745074,113.7724999999999,Nurture,Established Standard Customers
2789-HQBOU,0.9665136371529163,400.8927,Nurture,Established Standard Customers
5167-ZFFMM,0.9663857296723524,99.61819999999993,Nurture,Established Standard Customers
2235-DWLJU,0.9661245617510411,264.5076999999998,Nurture,Established Standard Customers
3276-HDUEG,0.9660575512049833,109.18329999999995,Nurture,Established Standard Customers
5650-VDUDS,0.9660326270175537,98.19770000000003,Nurture,New Budget Customers
1393-IMKZG,0.965886596386665,98.53160000000001,Nurture,Established Standard Customers
8364-TRMMK,0.9658781834103651,221.00609999999983,Nurture,New Budget Customers
3751-KTZEL,0.9658300123001915,35.27700000000004,Nurture,New Budget Customers
4919-IKATY,0.9657801066878114,623.1955000000006,Nurture,Established Standard Customers
7579-OOPEC,0.9656445707956223,128.27189999999987,Nurture,Established Standard Customers
3707-GNWHM,0.9656302760714542,97.98200000000001,Nurture,Established Standard Customers
9231-ZJYAM,0.965579604235822,451.1670000000004,Nurture,Established Standard Customers
2055-PDADH,0.9653434339166234,217.15769999999975,Nurture,Established Standard Customers
9136-ALYBR,0.9651631512198157,24.419300000000007,Nurture,New Budget Customers
5597-GLBUC,0.965106567463275,109.62720000000002,Nurture,Established Standard Customers
6108-OQZDQ,0.9651060351361319,425.9682999999992,Nurture,Established Standard Customers
9317-WZPGV,0.9650716210072393,246.7085999999999,Nurture,Established Standard Customers
2612-RRIDN,0.9650621493798411,458.7436000000005,Nurture,Established Standard Customers
0661-XEYAN,0.965047629509292,46.32850000000007,Nurture,New Budget Customers
9878-TNQGW,0.9650294131639702,204.31790000000015,Nurture,Established Standard Customers
7294-TMAOP,0.9650208001993394,149.19229999999988,Nurture,Established Standard Customers
0968-GSIKN,0.9649997260537603,102.18439999999993,Nurture,Established Standard Customers
8752-STIVR,0.9649948832090918,420.9599000000001,Nurture,Established Standard Customers
5564-NEMQO,0.9648909854818226,120.27299999999997,Nurture,Established Standard Customers
3027-ZTDHO,0.9647992304358074,120.28119999999998,Nurture,Established Standard Customers
9885-CSMWE,0.9647707866199149,96.78729999999992,Nurture,Established Standard Customers
8058-INTPH,0.9647075540442911,102.45919999999997,Nurture,Established Standard Customers
0722-TROQR,0.9643807509576564,405.61080000000004,Nurture,Established Standard Customers
1157-BQCUW,0.9643486343387436,105.55110000000019,Nurture,Established Standard Customers
4903-UYAVB,0.964346084628992,283.83529999999973,Nurture,New Budget Customers
5884-GCYMI,0.9643409852877458,107.7746000000001,Nurture,Established Standard Customers
5804-LEPIM,0.9643339122290527,165.30699999999987,Nurture,Established Standard Customers
5797-APWZC,0.9643042758548397,121.0242999999999,Nurture,Established Standard Customers
2379-ENZGV,0.9643023982775085,757.3796999999994,Nurture,Established Standard Customers
6734-GMPVK,0.9641822453580132,745.1349000000002,Nurture,Established Standard Customers
6358-LYNGM,0.9640575490455608,77.9367999999999,Nurture,Established Standard Customers
9488-HGMJH,0.9638081294978854,111.46239999999996,Nurture,Established Standard Customers
7851-FLGGQ,0.9637991184941873,46.96750000000003,Nurture,Established Standard Customers
7398-SKNQZ,0.9635761652698314,288.6365000000003,Nurture,Established Standard Customers
8051-HJRLT,0.9635710871652778,89.5819,Nurture,Established Standard Customers
4529-CKBCL,0.9635484690883299,248.84420000000017,Nurture,Established Standard Customers
2868-MZAGQ,0.9635373363022707,99.30099999999987,Nurture,Established Standard Customers
9223-UCPVT,0.9634602075795062,112.32059999999987,Nurture,Established Standard Customers
8601-QACRS,0.9634298820706654,469.1792999999996,Nurture,New Budget Customers
0644-OQMDK,0.9634199860758617,316.62879999999996,Nurture,Established Standard Customers
2619-WFQWU,0.9634118854321707,73.3203000000001,Nurture,Established Standard Customers
6542-LWGXJ,0.9633900540077718,82.41629999999999,Nurture,New Budget Customers
6857-VWJDT,0.9633794733375075,124.61689999999977,Nurture,Established Standard Customers
3138-BKYAV,0.963221671506363,567.9309000000001,Nurture,Established Standard Customers
5644-PDMZC,0.9631614765099262,261.9092999999998,Nurture,Established Standard Customers
1628-BIZYP,0.963138617596956,102.37360000000004,Nurture,Established Standard Customers
8086-OVPWV,0.9631133803524456,215.79250000000025,Nurture,Established Standard Customers
5276-KQWHG,0.963110750529394,161.70490000000026,Nurture,Established Standard Customers
6015-VVHHE,0.9629347342252815,634.0020000000003,Nurture,Established Standard Customers
4369-HTUIF,0.9629295568744975,688.3666999999997,Nurture,Established Standard Customers
3722-WPXTK,0.9629206137436271,101.63149999999996,Nurture,Established Standard Customers
3144-AUDBS,0.9627582372122578,348.3518999999997,Nurture,Established Standard Customers
0495-ZBNGW,0.9627239737203622,367.7536,Nurture,New Budget Customers
5834-ASPWA,0.9626906303705065,86.75249999999994,Nurture,Established Standard Customers
3841-CONLJ,0.962683439612944,36.459999999999994,Nurture,New Budget Customers
7074-IEVOJ,0.9626136115364989,344.65130000000005,Nurture,Established Standard Customers
1768-ZAIFU,0.9625482796157316,25.61999999999999,Nurture,New Budget Customers
7228-OMTPN,0.9623596546740522,566.8459999999997,Nurture,Established Standard Customers
8443-ZRDBZ,0.9623295535259461,468.9508000000001,Nurture,Established Standard Customers
7249-WBIYX,0.9622363592231246,1150.344900000001,Nurture,Established Standard Customers
5569-KGJHX,0.9621928286324277,936.1485999999985,Nurture,Established Standard Customers
5419-CONWX,0.9621637835213456,468.88519999999994,Nurture,Established Standard Customers
5318-IXUZF,0.9621044919705605,197.081,Nurture,Established Standard Customers
1981-INRFU,0.9617900112932498,184.1743999999998,Nurture,Established Standard Customers
7409-KIUTL,0.9617894867179702,99.41820000000006,Nurture,Established Standard Customers
0680-DFNNY,0.9617267673133061,2083.1870999999987,Nurture,Established Standard Customers
7493-TPUWZ,0.9616879478387523,104.03829999999998,Nurture,Established Standard Customers
8062-YBDOE,0.9615599419465165,78.70980000000003,Nurture,Established Standard Customers
0345-HKJVM,0.9615437885680274,576.4672999999996,Nurture,Established Standard Customers
6032-IGALN,0.9615297156398022,25.17349999999998,Nurture,New Budget Customers
4614-NUVZD,0.96147588739728,107.0126,Nurture,Established Standard Customers
6230-BSUXY,0.9613568655350074,128.87029999999993,Nurture,Established Standard Customers
9689-PTNPG,0.9612249149398594,240.5500000000002,Nurture,Established Standard Customers
2260-USTRB,0.9611686686589967,147.8038999999998,Nurture,Established Standard Customers
3877-JRJIP,0.9610554023184927,84.4406999999999,Nurture,Established Standard Customers
2004-OCQXK,0.9610526152286637,126.42349999999983,Nurture,Established Standard Customers
3496-LFSZU,0.9609990523209153,407.5225000000006,Nurture,Established Standard Customers
8644-XLFBW,0.9609980122095995,99.61290000000002,Nurture,Established Standard Customers
8000-REIQB,0.9609450385209605,109.86009999999995,Nurture,Established Standard Customers
2800-VEQXM,0.9607660544505934,271.65120000000013,Nurture,Established Standard Customers
8375-DKEBR,0.9607506637570443,105.21900000000004,Nurture,Established Standard Customers
5442-UTCVD,0.9607441280646598,383.06099999999964,Nurture,Established Standard Customers
9134-CEQMF,0.9603773609547387,698.3777999999999,Nurture,Established Standard Customers
0023-HGHWL,0.9603431501005578,25.0052,Nurture,New Budget Customers
7994-UYIVZ,0.9600687190150003,1037.3295999999991,Nurture,Established Standard Customers
3091-FYHKI,0.960067009228903,35.47599999999997,Nurture,New Budget Customers
2969-QWUBZ,0.96005245095643,98.6981,Nurture,Established Standard Customers
6595-COKXZ,0.9600117676387293,93.80850000000014,Nurture,New Budget Customers
2081-VEYEH,0.9599894515223532,355.3506000000006,Nurture,Established Standard Customers
6168-WFVVF,0.9599685724718527,246.65289999999993,Nurture,Established Standard Customers
2984-AFWNC,0.9599259122566371,338.12190000000027,Nurture,Established Standard Customers
6357-JJPQT,0.9598755458756163,331.7576000000001,Nurture,Established Standard Customers
5186-SAMNZ,0.9598580559359239,160.9902000000001,Nurture,Established Standard Customers
5494-HECPR,0.959822877198979,117.88330000000002,Nurture,Established Standard Customers
7120-RFMVS,0.9597721065618271,92.68920000000001,Nurture,Established Standard Customers
3049-SOLAY,0.9597543346449688,367.7953,Nurture,Established Standard Customers
4090-KPJIP,0.9595227897589561,211.83320000000012,Nurture,Established Standard Customers
0511-JTEOY,0.959518766819496,82.52049999999996,Nurture,Established Standard Customers
6910-HADCM,0.9595132703793268,83.26969999999987,Nurture,Established Standard Customers
1846-XWOQN,0.9595004675849167,120.25090000000019,Nurture,Established Standard Customers
5956-VKDTT,0.9594369034637708,566.8328999999997,Nurture,Established Standard Customers
0697-ZMSWS,0.9594267775138604,405.1494999999999,Nurture,Established Standard Customers
6982-UQZLY,0.9592761557531263,43.087300000000006,Nurture,New Budget Customers
4132-KALRO,0.9591366114761053,432.2684,Nurture,Established Standard Customers
7295-JOMMD,0.9585811791243515,420.03889999999984,Nurture,Established Standard Customers
2636-ALXXZ,0.9585602019843323,115.89839999999984,Nurture,Established Standard Customers
2079-FBMZK,0.9585436531893623,656.9962999999993,Nurture,Established Standard Customers
7551-DACSP,0.9584084061609726,374.0727000000001,Nurture,Established Standard Customers
2761-OCIAX,0.9583885748476078,178.22159999999997,Nurture,Established Standard Customers
7273-TEFQD,0.958240690210687,126.59500000000011,Nurture,Established Standard Customers
4342-HENTK,0.9581349822590697,167.17079999999987,Nurture,Established Standard Customers
8739-XNIKG,0.9581197120316614,665.4360999999996,Nurture,Established Standard Customers
0519-XUZJU,0.958011735544723,97.2917,Nurture,Established Standard Customers
2202-CUYXZ,0.9579593227430652,119.36310000000003,Nurture,Established Standard Customers
1925-TIBLE,0.9579218637638863,772.4390999999999,Nurture,Established Standard Customers
7854-FOKSF,0.957821571354696,35.79450000000003,Nurture,New Budget Customers
9605-WGJVW,0.9577865724899906,94.41509999999998,Nurture,Established Standard Customers
2024-BASKD,0.9577808641453118,106.1845000000001,Nurture,Established Standard Customers
4229-CZMLL,0.9577743042017076,516.9328000000006,Nurture,Established Standard Customers
9430-FRQOC,0.9577245954901983,488.2072000000003,Nurture,Established Standard Customers
9095-HFAFX,0.9576825708713478,506.55969999999945,Nurture,Established Standard Customers
5960-WPXQM,0.9575868220861009,111.82999999999998,Nurture,Established Standard Customers
0411-EZJZE,0.957297819024787,253.01339999999993,Nurture,Established Standard Customers
7563-BIUPC,0.9572131504332472,438.6747999999999,Nurture,Established Standard Customers
3669-LVWZB,0.9571716045258618,277.2085000000003,Nurture,Established Standard Customers
1075-BGWOH,0.9571676142124655,1848.5879999999975,Nurture,Established Standard Customers
3992-YWPKO,0.9571463980815428,746.3398000000004,Nurture,Established Standard Customers
6356-ELRKD,0.9569934127215479,101.00670000000017,Nurture,Established Standard Customers
3462-BJQQA,0.9569741277743329,780.3170999999993,Nurture,Established Standard Customers
8380-PEFPE,0.9567069597011845,89.9359999999999,Nurture,Established Standard Customers
2516-VQRRV,0.9566962228581923,206.60139999999998,Nurture,Established Standard Customers
4871-JTKJF,0.9566749594770906,102.43420000000006,Nurture,Established Standard Customers
1731-TVIUK,0.9566244418508623,401.4718999999998,Nurture,Established Standard Customers
3716-BDVDB,0.9565645491978136,106.07010000000012,Nurture,Established Standard Customers
5539-TMZLF,0.9565418364371403,104.40590000000002,Nurture,Established Standard Customers
8816-VXNZD,0.9564842979398034,81.2036,Nurture,Established Standard Customers
0685-MLYYM,0.9564397518878345,162.59429999999986,Nurture,Established Standard Customers
9717-QEBGU,0.9564194213511151,148.92979999999986,Nurture,Established Standard Customers
5275-SQEIZ,0.956270432190484,96.5313000000001,Nurture,Established Standard Customers
2012-NWRPA,0.9560908885621501,1207.6899999999994,Nurture,Established Standard Customers
0637-KVDLV,0.956016509059769,192.78429999999997,Nurture,Established Standard Customers
0742-NXBGR,0.9557652730888486,116.56549999999984,Nurture,Established Standard Customers
4210-QFJMF,0.9557272000290274,465.6009999999998,Nurture,Established Standard Customers
5868-CZJDR,0.9556194214151315,51.15800000000003,Nurture,New Budget Customers
6653-CBBOM,0.9555781495352379,86.96880000000003,Nurture,Established Standard Customers
7465-ZZRVX,0.9553693164398194,93.90830000000017,Nurture,Established Standard Customers
8972-HJWNV,0.9553622130325868,770.3301999999999,Nurture,Established Standard Customers
4951-UKAAQ,0.9553228385521153,566.0269000000008,Nurture,Established Standard Customers
6689-TCZHQ,0.9552708153825112,446.48760000000004,Nurture,Established Standard Customers
0151-ONTOV,0.9552679964369122,110.90310000000004,Nurture,Established Standard Customers
9837-BMCLM,0.955212681056749,341.34850000000006,Nurture,Established Standard Customers
3902-FOIGH,0.9550403462870508,1769.9445999999991,Nurture,Established Standard Customers
5550-VFRLC,0.9549758389533577,146.92269999999985,Nurture,Established Standard Customers
6060-DRTNL,0.9547960066271208,569.8617999999998,Nurture,Established Standard Customers
9019-QVLZD,0.954758610205877,125.26760000000009,Nurture,Established Standard Customers
2038-OEQZH,0.9547222206871471,539.4568000000003,Nurture,Established Standard Customers
8779-QRDMV,0.9547203974547694,53.108999999999966,Nurture,New Budget Customers
4298-OYIFC,0.9544991476784769,1893.5993999999992,Nurture,Established Standard Customers
3317-HRTNN,0.9544796486269883,215.94539999999995,Nurture,New Budget Customers
2276-YDAVZ,0.9544717523468736,317.79380000000015,Nurture,Established Standard Customers
9565-DJPIB,0.9542181305106533,510.3782000000005,Nurture,Established Standard Customers
2982-IHMFT,0.954168863871968,113.2378,Nurture,Established Standard Customers
2982-VPSGI,0.9541191200573366,1314.5657000000006,Nurture,Established Standard Customers
8413-VONUO,0.9540379243077142,209.6995000000002,Nurture,Established Standard Customers
8083-YTZES,0.95401653305875,462.5958999999997,Nurture,Established Standard Customers
6618-RYATB,0.9539988062527325,85.42810000000001,Nurture,Established Standard Customers
4603-JANFB,0.9538802609132438,81.81529999999987,Nurture,Established Standard Customers
9787-XVQIU,0.9537181173725311,119.22879999999992,Nurture,Established Standard Customers
0495-RVCBF,0.9535359813797244,113.88489999999996,Nurture,Established Standard Customers
1977-STDKI,0.9533769086512243,93.79790000000001,Nurture,Established Standard Customers
3621-CEOVK,0.9533573412194265,1936.3491000000006,Nurture,Established Standard Customers
8040-MNRTF,0.9533023971448369,108.49520000000004,Nurture,Established Standard Customers
6770-XUAGN,0.9530896287777313,37.44169999999996,Nurture,New Budget Customers
4505-EXZHB,0.9530843374144831,524.1687999999996,Nurture,Established Standard Customers
7379-FNIUJ,0.952945096508843,243.40200000000002,Nurture,Established Standard Customers
7284-BUYEC,0.9529219468099287,234.79690000000016,Nurture,Established Standard Customers
8035-PWSEV,0.9528688189869975,723.721900000001,Nurture,Established Standard Customers
7938-OUHIO,0.9528181824173859,391.8122,Nurture,Established Standard Customers
8372-JUXUI,0.9528027581226873,87.80439999999997,Nurture,Established Standard Customers
7005-CCBKV,0.9527996670293164,651.3237999999999,Nurture,Established Standard Customers
6338-AVWCY,0.9527584419629008,126.27420000000008,Nurture,New Budget Customers
6457-USBER,0.9526443317312935,122.95979999999987,Nurture,Established Standard Customers
8519-IMDHU,0.9525406985060807,2032.2737999999983,Nurture,Established Standard Customers
3428-XZMAZ,0.9524660459627992,115.18959999999987,Nurture,Established Standard Customers
5339-PXDVH,0.9523698743621292,489.8920000000006,Nurture,Established Standard Customers
3247-ZVOUO,0.9523549895980833,925.6092000000009,Nurture,Established Standard Customers
9448-REEVD,0.9523009828501432,79.74260000000004,Nurture,New Budget Customers
1678-FYZOW,0.9522934010697027,381.01930000000016,Nurture,Established Standard Customers
4415-IJZTP,0.9522706985955456,88.0363999999999,Nurture,Established Standard Customers
5835-BEQEU,0.9521536884863383,359.139,Nurture,Established Standard Customers
8950-MTZNV,0.9521522159288737,59.02049999999996,Nurture,New Budget Customers
8111-RKSPX,0.9518540137728999,425.79470000000043,Nurture,Established Standard Customers
1980-KXVPM,0.9517599382338503,307.48800000000017,Nurture,Established Standard Customers
0432-CAJZV,0.951688047424817,264.6507999999999,Nurture,Established Standard Customers
8280-MQRQN,0.9516011256469997,73.80599999999988,Nurture,Established Standard Customers
7853-OETYL,0.9515497443929195,123.78850000000016,Nurture,New Budget Customers
0887-HJGAR,0.9515343789566441,52.6452,Nurture,New Budget Customers
9306-CPCBC,0.9514154486948414,348.023,Nurture,Established Standard Customers
2737-WFVYW,0.9513010648921689,93.95660000000005,Nurture,New Budget Customers
4702-IOQDC,0.9512954353778633,116.28980000000018,Nurture,Established Standard Customers
6077-BDPXA,0.9512893985615232,223.88330000000008,Nurture,Established Standard Customers
6366-ZGQGL,0.9512689152791163,24.785100000000007,Nurture,New Budget Customers
1031-IIDEO,0.9511600388103656,97.9694999999999,Nurture,Established Standard Customers
3453-RTHJQ,0.9506956019988355,543.4326000000004,Nurture,Established Standard Customers
6688-UZPWD,0.9506574873925184,1214.7728999999995,Nurture,Established Standard Customers
5175-AOBHI,0.9506287194776943,254.07069999999996,Nurture,New Budget Customers
7594-RQHXR,0.9505986022906195,103.09319999999998,Nurture,Established Standard Customers
7314-OXENN,0.9505956016479308,259.7241999999998,Nurture,Established Standard Customers
8884-ADFVN,0.9505008523181226,913.7526000000005,Nurture,Established Standard Customers
6502-HCJTI,0.9502951314759416,757.9825,Nurture,Established Standard Customers
9822-OAOVB,0.9502177959319704,70.11090000000006,Nurture,Established Standard Customers
8356-WUAOJ,0.9501694166048853,102.45819999999989,Nurture,New Budget Customers
4749-OJKQU,0.950162087277568,408.3380999999996,Nurture,Established Standard Customers
6376-GAHQE,0.9501099946970674,478.63320000000056,Nurture,Established Standard Customers
4806-KEXQR,0.9499397699252737,502.74990000000065,Nurture,Established Standard Customers
0923-PNFUB,0.9499060940308549,384.7248000000005,Nurture,Established Standard Customers
3750-CKVKH,0.9498437985786293,149.19679999999988,Nurture,Established Standard Customers
6705-LXORM,0.9497957938949442,342.4611000000004,Nurture,Established Standard Customers
4074-SJFFA,0.9496102070072184,68.19580000000009,Nurture,Established Standard Customers
0329-GTIAJ,0.949592868468463,392.30739999999986,Nurture,Established Standard Customers
9696-RMYBA,0.9495381535726103,454.91300000000024,Nurture,Established Standard Customers
6778-YSNIH,0.9494995703020115,175.69310000000004,Nurture,Established Standard Customers
2609-IAICY,0.9494736329917421,114.14300000000014,Nurture,Established Standard Customers
0235-KGSLC,0.9493617100994947,118.6956999999999,Nurture,Established Standard Customers
2856-HYAPG,0.949355493341506,81.04010000000007,Nurture,Established Standard Customers
4566-NECEV,0.9492507911130249,690.1433000000001,Nurture,Established Standard Customers
8348-HFYIV,0.9490514987355159,93.83560000000014,Nurture,Established Standard Customers
3370-HXOPH,0.9490319433771696,284.9033000000001,Nurture,Established Standard Customers
6457-GIRWB,0.9489507552458047,92.24739999999998,Nurture,Established Standard Customers
4234-XTNEA,0.9489272379341354,242.27219999999977,Nurture,Established Standard Customers
2135-RXIHG,0.9487846992985214,60.053799999999995,Nurture,New Budget Customers
7660-HDPJV,0.9487092366061054,80.01279999999996,Nurture,Established Standard Customers
3871-IKPYH,0.9486711600634535,85.71620000000003,Nurture,Established Standard Customers
4274-OWWYO,0.9486375128688742,79.22219999999989,Nurture,Established Standard Customers
5167-GBFRE,0.9486304826814176,103.02439999999997,Nurture,New Budget Customers
4550-EVXNY,0.9486112295859057,118.61269999999996,Nurture,Established Standard Customers
5875-YPQFJ,0.948563509675867,115.75039999999991,Nurture,Established Standard Customers
1320-HTRDR,0.9484783999323657,366.162,Nurture,Established Standard Customers
5673-FSSMF,0.9483251661062402,110.36059999999985,Nurture,Established Standard Customers
4482-EWFMI,0.9483136543554873,166.6831000000002,Nurture,Established Standard Customers
1334-FJSVR,0.9483030215154256,24.25,Nurture,New Budget Customers
1740-CSDJP,0.9482443555917418,35.303999999999995,Nurture,New Budget Customers
2446-PLQVO,0.9482178174659832,76.00110000000006,Nurture,Established Standard Customers
7245-NIIWQ,0.94814733015375,334.9319000000001,Nurture,Established Standard Customers
6702-OHFWR,0.9479828054417904,44.01850000000003,Nurture,Established Standard Customers
1618-CFHME,0.9479228945078251,198.86030000000005,Nurture,Established Standard Customers
0746-JTRFU,0.9478714052040371,59.461000000000034,Nurture,New Budget Customers
2984-MIIZL,0.9478440475713917,365.31249999999994,Nurture,Established Standard Customers
7817-BOQPW,0.9478285847301553,246.2021000000004,Nurture,Established Standard Customers
4285-GYRQC,0.9475876454268549,891.7008000000008,Nurture,Established Standard Customers
3063-QFSZL,0.9475849778308292,68.51499999999996,Nurture,Established Standard Customers
9741-YLNTD,0.9473372074850376,784.6291000000008,Nurture,Established Standard Customers
4929-BSTRX,0.9472679689689234,64.50490000000002,Nurture,Established Standard Customers
6772-KSATR,0.9472219312328873,91.99180000000011,Nurture,Established Standard Customers
7394-LWLYN,0.9467372910723532,200.5886999999997,Nurture,Established Standard Customers
5173-WXOQV,0.9467233677578624,131.1112,Nurture,Established Standard Customers
8945-GRKHX,0.9466328705863021,123.36869999999986,Nurture,Established Standard Customers
8266-VBFQL,0.9466087775829827,497.6923000000009,Nurture,Established Standard Customers
9804-ICWBG,0.9464628486858954,115.62149999999987,Nurture,Established Standard Customers
8382-SHQEH,0.9463595199165036,970.9713999999992,Nurture,Established Standard Customers
6110-OHIHY,0.9461850188128733,411.88599999999985,Nurture,Established Standard Customers
1602-IJQQE,0.9461371255948366,443.36720000000037,Nurture,Established Standard Customers
0225-ZORZP,0.9460965769622273,284.68489999999963,Nurture,Established Standard Customers
7065-YUNRY,0.9460527483657206,85.99949999999995,Nurture,New Budget Customers
2468-SJFLM,0.9460130955562147,113.21360000000008,Nurture,Established Standard Customers
1891-UAWWU,0.9459510913398937,2041.9187999999983,Nurture,Established Standard Customers
3106-ULWFW,0.945929988427712,878.1059999999992,Nurture,Established Standard Customers
5542-TBBWB,0.9458635283066773,89.79800000000012,Nurture,Established Standard Customers
0004-TLHLJ,0.9457197786221153,419.08209999999997,Nurture,Established Standard Customers
1820-TQVEV,0.9456966428521361,118.45959999999977,Nurture,Established Standard Customers
0375-HVGXO,0.9456799657118737,35.459999999999965,Nurture,New Budget Customers
5393-RXQSZ,0.9456192270801689,98.81479999999999,Nurture,Established Standard Customers
3677-IYRBF,0.9455649724516167,66.90030000000006,Nurture,New Budget Customers
5383-MMTWC,0.9454529198342665,997.358100000001,Nurture,Established Standard Customers
1122-JWTJW,0.9452731278699716,108.17409999999994,Nurture,Established Standard Customers
8433-WXGNA,0.9451784085195688,258.6916000000002,Nurture,Established Standard Customers
5159-YFPKQ,0.9448550627985057,205.24129999999997,Nurture,Established Standard Customers
4816-JBHOV,0.9448295955341296,170.73059999999995,Nurture,New Budget Customers
8120-JDCAM,0.9448053651578346,419.47660000000013,Nurture,Established Standard Customers
3721-CNEYS,0.9447678193049099,168.0477000000001,Nurture,Established Standard Customers
9840-DVNDC,0.944733507141634,516.0350999999995,Nurture,Established Standard Customers
2777-PHDEI,0.944677902765786,117.05069999999984,Nurture,Established Standard Customers
8543-MSDMF,0.9446571569695806,359.39210000000014,Nurture,Established Standard Customers
0541-FITGH,0.9445934465290281,209.84759999999997,Nurture,Established Standard Customers
5196-SGOAK,0.9445897163888765,84.33789999999998,Nurture,Established Standard Customers
7823-JSOAG,0.9445761439825023,251.20650000000012,Nurture,Established Standard Customers
5376-DEQCP,0.944518583579734,97.87349999999994,Nurture,Established Standard Customers
7814-LEEVE,0.9445036011562551,26.543200000000002,Nurture,New Budget Customers
0488-GSLFR,0.9444893457820077,81.48939999999995,Nurture,Established Standard Customers
6941-PMGEP,0.9444495368617536,609.2449999999994,Nurture,Established Standard Customers
6715-OFDBP,0.9442636422072571,403.0666000000001,Nurture,Established Standard Customers
5940-NFXKV,0.944168470345642,1809.3374000000001,Nurture,Established Standard Customers
4501-EQDRN,0.9441468725577689,91.7969,Nurture,Established Standard Customers
3538-WZPHD,0.9441152207158281,96.57840000000006,Nurture,New Budget Customers
3420-YJLQT,0.9440614784829227,202.93110000000001,Nurture,Established Standard Customers
9048-JVYVF,0.9439978071751123,331.87249999999983,Nurture,Established Standard Customers
7665-TOALD,0.9439508645415939,84.38289999999998,Nurture,Established Standard Customers
4662-EKDPQ,0.9437955049935989,201.47509999999988,Nurture,Established Standard Customers
4510-HIMLV,0.9437879201101264,109.62109999999996,Nurture,Established Standard Customers
0328-GRPMV,0.9434518331600613,88.35130000000002,Nurture,Established Standard Customers
3518-PZXZQ,0.9433942154228715,91.50219999999986,Nurture,Established Standard Customers
2141-RRYGO,0.9433838922800494,308.3515000000002,Nurture,Established Standard Customers
3566-HJGPK,0.9433835826386231,64.63890000000006,Nurture,New Budget Customers
3074-GQWYX,0.943317516311635,593.9836000000005,Nurture,Established Standard Customers
4959-JOSRX,0.943283583702631,152.7849000000002,Nurture,New Budget Customers
9124-LHCJQ,0.9431756119146334,117.60899999999981,Nurture,Established Standard Customers
0032-PGELS,0.9430972360114264,32.045,Nurture,New Budget Customers
0612-RTZZA,0.9427959797614063,26.008500000000005,Nurture,New Budget Customers
6260-ONULR,0.9427803704290103,105.80559999999988,Nurture,Established Standard Customers
6198-ZFIOJ,0.9425714130800981,503.0176999999998,Nurture,Established Standard Customers
9239-ZBZZV,0.9425417863319505,300.5829999999996,Nurture,Established Standard Customers
5485-WUYWF,0.9424655259031912,118.20450000000002,Nurture,Established Standard Customers
7538-GWHML,0.9424554152601959,156.22849999999997,Nurture,Established Standard Customers
4398-HSCJH,0.9423929023223424,186.3513999999999,Nurture,Established Standard Customers
2737-YNGYW,0.9421888195167145,223.17989999999986,Nurture,Established Standard Customers
2568-BRGYX,0.9420336086754646,310.2868999999998,Nurture,Established Standard Customers
0925-VYDLG,0.9420249977219262,293.7742000000003,Nurture,Established Standard Customers
2262-SLNVK,0.9419466447517381,74.52160000000008,Nurture,Established Standard Customers
9728-FTTVZ,0.9416971601960705,92.88450000000006,Nurture,Established Standard Customers
4273-MBHYA,0.9416437688977989,95.78069999999992,Nurture,Established Standard Customers
1455-UGQVH,0.941471133509569,1149.8017999999995,Nurture,Established Standard Customers
2815-CPTUL,0.9413106487600487,346.6859000000002,Nurture,Established Standard Customers
3334-CTHOL,0.941238543155174,93.10959999999997,Nurture,New Budget Customers
9940-RHLFB,0.9411029421342162,101.43390000000005,Nurture,Established Standard Customers
3866-MDTUB,0.9410301286320041,198.3207999999999,Nurture,Established Standard Customers
8212-DJRCH,0.9409378354467189,484.0395000000003,Nurture,Established Standard Customers
6400-BWQKW,0.9408937462916706,579.7989000000006,Nurture,Established Standard Customers
3422-GALYP,0.9408727741165849,202.1938,Nurture,Established Standard Customers
9633-XQABV,0.9406579684412639,301.2868000000004,Nurture,Established Standard Customers
0841-NULXI,0.9404709285435016,35.67000000000001,Nurture,New Budget Customers
7198-GLXTC,0.9404166001542873,243.2972000000002,Nurture,Established Standard Customers
4450-DLLMH,0.940293368233809,156.07589999999993,Nurture,Established Standard Customers
2013-SGDXK,0.940283888960819,106.20780000000006,Nurture,Established Standard Customers
6502-MJQAE,0.9402298746513598,116.038,Nurture,Established Standard Customers
0817-HSUSE,0.9402005697958452,81.68820000000007,Nurture,Established Standard Customers
6959-UWKHF,0.9399986100660496,49.23140000000005,Nurture,New Budget Customers
0506-LVNGN,0.939920061458952,565.7800000000003,Nurture,Established Standard Customers
8260-NGFNY,0.9398950351211819,28.430999999999987,Nurture,New Budget Customers
8080-DDEMJ,0.939888141003795,60.43440000000007,Nurture,New Budget Customers
2952-QAYZF,0.9398514619012714,611.7398000000001,Nurture,Established Standard Customers
2386-LAHRK,0.939409658149255,67.45899999999997,Nurture,Established Standard Customers
5399-ZIMKF,0.9394041281714345,550.1352999999996,Nurture,Established Standard Customers
7780-OTDSO,0.9393992440963613,1821.0918999999997,Nurture,Established Standard Customers
0793-TWELN,0.9393300844054155,400.2933999999998,Nurture,Established Standard Customers
3494-JCHRQ,0.9392774007595718,98.69290000000002,Nurture,Established Standard Customers
0897-FEGMU,0.9390511320185202,1396.8576999999998,Nurture,Established Standard Customers
3049-NDXFL,0.9389990276824082,119.87660000000012,Nurture,Established Standard Customers
3249-ZPQRG,0.9388564704680148,494.40410000000054,Nurture,Established Standard Customers
9526-BIHHD,0.9387456859791891,31.182499999999983,Nurture,New Budget Customers
0876-WDUUZ,0.9387107197696827,615.1716000000002,Nurture,Established Standard Customers
7250-EQKIY,0.938665824619529,58.66680000000003,Nurture,Established Standard Customers
6918-UMQCG,0.9383430815435524,635.8543000000006,Nurture,Established Standard Customers
6221-AVQYL,0.9383364567447929,150.7299999999999,Nurture,Established Standard Customers
4137-BTIKL,0.9383355378929987,227.33640000000014,Nurture,Established Standard Customers
7254-IQWOZ,0.9382157308267678,99.13860000000015,Nurture,Established Standard Customers
3137-LUPIX,0.9382132309714591,256.9689999999999,Nurture,Established Standard Customers
9734-UYXQI,0.9381864575100345,156.34179999999975,Nurture,Established Standard Customers
3244-DCJWY,0.9381499604760476,95.1007,Nurture,Established Standard Customers
9747-DDZOS,0.9381076435129085,77.95940000000004,Nurture,Established Standard Customers
2041-JIJCI,0.937873847207118,571.8403000000006,Nurture,Established Standard Customers
3177-LASXD,0.9376436750183575,122.71710000000002,Nurture,Established Standard Customers
6856-RAURS,0.9374432206487703,238.3196000000001,Nurture,Established Standard Customers
7153-OANIO,0.9373076322220836,97.88920000000007,Nurture,Established Standard Customers
5091-HFAZW,0.9372322937977698,270.93190000000004,Nurture,Established Standard Customers
7767-UXAGJ,0.9371855187065653,80.84499999999994,Nurture,New Budget Customers
3908-BLSYF,0.9371473206706079,649.6021999999998,Nurture,Established Standard Customers
9250-WYPLL,0.9368055986380096,592.461,Nurture,Established Standard Customers
2058-DCJBE,0.9366263165690527,539.0880999999999,Nurture,Established Standard Customers
3765-JXVKY,0.9366048235344091,118.74009999999994,Nurture,Established Standard Customers
2254-DLXRI,0.936481359727328,109.95639999999997,Nurture,Established Standard Customers
1941-HOSAM,0.9364402861099475,113.70490000000014,Nurture,Established Standard Customers
7963-GQRMY,0.9363449789898882,267.89599999999996,Nurture,New Budget Customers
5712-PTIWW,0.9362200370110787,187.5358999999997,Nurture,Established Standard Customers
2897-DOVND,0.9361447197096587,171.4366000000001,Nurture,Established Standard Customers
2672-DZUOY,0.9360401108619806,25.10400000000003,Nurture,New Budget Customers
4587-NUKOX,0.9359451938397569,346.4521000000004,Nurture,Established Standard Customers
1212-GLHMD,0.9358985094260215,297.92730000000023,Nurture,Established Standard Customers
5482-PLVPE,0.9356787238545158,43.70579999999996,Nurture,New Budget Customers
5649-ANRML,0.9355822765199628,205.09739999999977,Nurture,Established Standard Customers
4919-MOAVT,0.9355236289257884,339.23430000000036,Nurture,Established Standard Customers
2868-SNELZ,0.9354869778540996,176.0112,Nurture,Established Standard Customers
3627-FHKBK,0.9354073623534825,80.37800000000001,Nurture,Established Standard Customers
9763-PDTKK,0.9353382463492602,542.8135999999992,Nurture,Established Standard Customers
6680-WKXRZ,0.9350821150577657,309.9197000000002,Nurture,Established Standard Customers
5054-IEXZT,0.9349971288199649,117.69560000000006,Nurture,Established Standard Customers
5480-HPRRX,0.9348265853847844,73.99269999999997,Nurture,New Budget Customers
2080-GKCWQ,0.9347633233283129,173.43749999999997,Nurture,Established Standard Customers
4257-GAESD,0.934722151958471,281.21050000000014,Nurture,Established Standard Customers
2135-DQWAQ,0.9346659657122212,651.1655000000006,Nurture,Established Standard Customers
8485-GJCDN,0.9346122479647679,482.3519999999999,Nurture,Established Standard Customers
4430-UZIPO,0.9337760871712634,109.20660000000005,Nurture,New Budget Customers
2867-UIMSS,0.9336587409155793,116.6420000000002,Nurture,Established Standard Customers
8185-UPYBR,0.9335978255673109,608.0477999999996,Nurture,Established Standard Customers
2720-FVBQP,0.9332256053328823,426.12690000000043,Nurture,New Budget Customers
0871-URUWO,0.9330736360055064,1712.5985999999984,Nurture,Established Standard Customers
6629-CZTTH,0.9330332338911228,101.23270000000004,Nurture,Established Standard Customers
2929-ERCFZ,0.9329215456713641,1077.813200000001,Nurture,Established Standard Customers
4759-TRPLW,0.9329085353484207,100.00730000000007,Nurture,Established Standard Customers
3186-BAXNB,0.9328687722277784,111.43750000000007,Nurture,Established Standard Customers
2235-ZGKPT,0.9327099652985996,271.70739999999995,Nurture,New Budget Customers
9752-ZNQUT,0.9327028511158898,57.24650000000006,Nurture,Established Standard Customers
3904-UKFRE,0.9326079387476365,504.6171000000005,Nurture,Established Standard Customers
1915-IOFGU,0.9325377325128121,112.25519999999999,Nurture,Established Standard Customers
6100-QQHEB,0.9324985194806303,1826.4648000000018,Nurture,Established Standard Customers
9661-MHUMO,0.9323864284595663,57.60310000000007,Nurture,Established Standard Customers
4195-NZGTA,0.9323368019769068,25.374000000000002,Nurture,New Budget Customers
9117-SHLZX,0.932315318308735,56.3859,Nurture,New Budget Customers
6127-ISGTU,0.9321652501850294,1558.7426999999998,Nurture,Established Standard Customers
1541-ETJZO,0.9319182565005959,119.01519999999987,Nurture,Established Standard Customers
7779-LGOVN,0.9318070514062636,1301.8893999999987,Nurture,Established Standard Customers
1142-WACZW,0.9318021029325175,68.99960000000007,Nurture,New Budget Customers
6218-KNUBD,0.9317402763394185,448.96790000000016,Nurture,Established Standard Customers
2043-WVTQJ,0.9316848872477742,74.62410000000004,Nurture,Established Standard Customers
7365-BVCJH,0.9316817301377005,24.53060000000003,Nurture,New Budget Customers
8481-YYXWG,0.9314783311007063,484.04719999999986,Nurture,Established Standard Customers
2919-HBCJO,0.9314490885696132,420.9539999999998,Nurture,Established Standard Customers
5832-XKAES,0.9313389315309017,213.81129999999976,Nurture,Established Standard Customers
7595-EUIVN,0.9313023642479578,87.20759999999994,Nurture,Established Standard Customers
9576-ANLXO,0.9310213092321822,301.99580000000054,Nurture,Established Standard Customers
6956-SMUCM,0.931017082987614,393.9779999999999,Nurture,Established Standard Customers
6650-VJONK,0.9309193845812735,71.92399999999999,Nurture,New Budget Customers
9985-MWVIX,0.9307434885580076,111.92469999999994,Nurture,Established Standard Customers
8873-GLDMH,0.9307201311512433,636.3775,Nurture,Established Standard Customers
3961-SXAXY,0.9305549450901728,75.18739999999997,Nurture,New Budget Customers
6996-KNSML,0.9304568473108988,110.40509999999983,Nurture,Established Standard Customers
5493-SDRDQ,0.9303995261110813,127.72440000000012,Nurture,Established Standard Customers
2845-HSJCY,0.9302656696800289,1677.955,Nurture,Established Standard Customers
0822-GAVAP,0.9302425880141839,68.6155,Nurture,New Budget Customers
4201-JMNGR,0.9302347699610644,77.85889999999996,Nurture,Established Standard Customers
2636-OHFMN,0.929661163871716,220.90390000000002,Nurture,Established Standard Customers
1640-PLFMP,0.9295293603939881,91.30260000000006,Nurture,Established Standard Customers
6960-HVYXR,0.9292740844717916,116.35060000000013,Nurture,Established Standard Customers
0867-LDTTC,0.9292553231381643,615.4170999999997,Nurture,Established Standard Customers
1260-TTRXI,0.9292065740208356,424.8734000000006,Nurture,Established Standard Customers
4727-MCYZG,0.9291396795049983,102.05059999999989,Nurture,Established Standard Customers
3143-JQEGI,0.929033119253763,1420.2173999999986,Nurture,Established Standard Customers
4373-MAVJG,0.9283836380134931,1447.8204000000012,Nurture,Established Standard Customers
2454-RPBRZ,0.9282877212151547,1428.8235999999993,Nurture,Established Standard Customers
6637-KYRCV,0.9282650775000957,153.75130000000019,Nurture,New Budget Customers
0727-IWKVK,0.9281569829118869,925.2283000000014,Nurture,Established Standard Customers
0302-JOIVN,0.9275479665990037,958.1810000000012,Nurture,Established Standard Customers
5043-TRZWM,0.9275397960593926,82.68209999999993,Nurture,Established Standard Customers
6166-ILMNY,0.9275302872707539,194.89810000000017,Nurture,Established Standard Customers
1777-JYQPJ,0.9272665785102285,44.563799999999944,Nurture,New Budget Customers
1565-RHDJD,0.9272634691377849,518.2110000000004,Nurture,Established Standard Customers
2920-RNCEZ,0.9272301339077595,81.82869999999987,Nurture,Established Standard Customers
6435-SRWBJ,0.9272172166937749,582.3868999999996,Nurture,Established Standard Customers
5445-UTODQ,0.9269961141711066,622.6071,Nurture,Established Standard Customers
6458-CYIDZ,0.9269701152475057,571.0906000000007,Nurture,Established Standard Customers
5669-SRAIP,0.9268687736891009,186.40409999999983,Nurture,Established Standard Customers
5047-LHVLY,0.9265899862718673,90.33520000000011,Nurture,New Budget Customers
0011-IGKFF,0.9263801153991772,1651.1038999999998,Nurture,Established Standard Customers
8714-CTZJW,0.9263187901595396,455.4645000000002,Nurture,Established Standard Customers
7734-DBOAI,0.9262320943669897,55.33259999999999,Nurture,New Budget Customers
8650-RHRKE,0.9261950292983966,123.75310000000003,Nurture,New Budget Customers
5442-XSDCW,0.9260504129849364,1067.6998000000006,Nurture,Established Standard Customers
9269-CQOOL,0.9257811165242396,190.38989999999995,Nurture,Established Standard Customers
3583-EKAPL,0.9257408090892782,99.43740000000005,Nurture,Established Standard Customers
9058-CBREO,0.92558102904447,75.6221999999999,Nurture,New Budget Customers
6235-VDHOM,0.9255246175175896,146.80899999999997,Nurture,New Budget Customers
5122-CYFXA,0.9249205519873579,360.2712,Nurture,Established Standard Customers
6993-OHLXR,0.9249052473729036,185.92219999999963,Nurture,Established Standard Customers
7861-UVUFT,0.9248910307732308,1735.5743999999977,Nurture,Established Standard Customers
5760-FXFVO,0.9248376880952489,665.0542999999998,Nurture,Established Standard Customers
5909-ECHUI,0.9247090044729165,80.83030000000004,Nurture,Established Standard Customers
0031-PVLZI,0.9246974167016051,125.56009999999989,Nurture,New Budget Customers
1184-PJVDB,0.9246063893454097,960.0446999999997,Nurture,Established Standard Customers
6994-KERXL,0.9245880346505404,309.2434999999997,Nurture,Established Standard Customers
9108-EJFJP,0.9245203700090763,69.75009999999992,Nurture,Established Standard Customers
4763-PGDPO,0.9243972232067786,485.8640000000006,Nurture,Established Standard Customers
7786-WBJYI,0.9237096491283102,437.6381999999995,Nurture,Established Standard Customers
4512-ZUIYL,0.9236104747974162,223.06179999999983,Nurture,Established Standard Customers
1215-VFYVK,0.9234598718644235,223.56270000000006,Nurture,Established Standard Customers
8993-PHFWD,0.9234039606405443,66.81469999999992,Nurture,New Budget Customers
0742-MOABM,0.9232521757989457,225.49639999999997,Nurture,Established Standard Customers
2962-XPMCQ,0.9231203308912487,115.86570000000002,Nurture,New Budget Customers
1582-RAFML,0.9230619095383688,88.7005,Nurture,Established Standard Customers
1875-QIVME,0.9229716835056012,212.7979000000001,Nurture,Established Standard Customers
5949-XIKAE,0.9228978422055676,944.6543000000004,Nurture,Established Standard Customers
1583-IHQZE,0.9228315335047697,1509.5715999999986,Nurture,Established Standard Customers
0248-IPDFW,0.9228196140898586,79.82559999999985,Nurture,New Budget Customers
4770-UEZOX,0.922787113412671,236.95679999999993,Nurture,Established Standard Customers
0374-IOEGQ,0.9226005979286183,197.14660000000012,Nurture,New Budget Customers
2740-TVLFN,0.9224969220653727,90.88880000000006,Nurture,New Budget Customers
0219-YTZUE,0.9224780447818145,478.39530000000036,Nurture,Established Standard Customers
0195-IESCP,0.9224260549657185,949.2262000000004,Nurture,Established Standard Customers
0623-GDISB,0.9221308965756462,64.80459999999995,Nurture,Established Standard Customers
0988-JRWWP,0.9219364341936318,272.50110000000046,Nurture,Established Standard Customers
4367-NHWMM,0.921679327017796,24.83500000000002,Nurture,New Budget Customers
7952-OBOYL,0.9216263005754212,329.30780000000004,Nurture,Established Standard Customers
2608-BHKFN,0.9212959367757083,313.5801999999999,Nurture,Established Standard Customers
7240-ETPTR,0.9212870694078907,463.39689999999973,Nurture,Established Standard Customers
0258-NOKBL,0.9211039082763794,358.08239999999967,Nurture,Established Standard Customers
8263-JQAIK,0.9209197213373985,47.25569999999999,Nurture,New Budget Customers
9840-EFJQB,0.9208554649941658,99.20010000000009,Nurture,Established Standard Customers
0674-EYYZV,0.9208309119519247,90.21119999999985,Nurture,Established Standard Customers
5543-QDCRY,0.9206815417722465,321.5422999999999,Nurture,Established Standard Customers
8676-TRMJS,0.9203793686951272,325.61239999999987,Nurture,Established Standard Customers
6145-NNPNO,0.9203233864206324,54.24850000000004,Nurture,New Budget Customers
0772-GYEQQ,0.9202909955285937,397.88470000000007,Nurture,Established Standard Customers
5960-MVTUK,0.9202265690258227,95.93850000000012,Nurture,New Budget Customers
7129-ACFOG,0.9201132435838849,526.4372999999995,Nurture,New Budget Customers
4910-AQFFX,0.9200356295330332,1035.3438999999996,Nurture,Established Standard Customers
3754-DXMRT,0.9198505061023058,173.96789999999987,Nurture,New Budget Customers
3066-RRJIO,0.9198400830247216,83.0570999999999,Nurture,Established Standard Customers
6599-SFQVE,0.919719053612428,558.1131999999998,Nurture,Established Standard Customers
4847-TAJYI,0.9195820947476887,594.9804000000009,Nurture,Established Standard Customers
6128-CZOMY,0.9194924400021746,82.87330000000007,Nurture,New Budget Customers
6519-CFDBX,0.9194254877058372,113.25899999999989,Nurture,New Budget Customers
8042-JVNFH,0.9193377561578444,107.23599999999988,Nurture,Established Standard Customers
3237-AJGEH,0.9193229623548015,103.58849999999998,Nurture,New Budget Customers
7853-GVUDZ,0.9188341150799423,23.273299999999992,Nurture,New Budget Customers
7881-EVUAD,0.9187199784111176,78.2608999999999,Nurture,Established Standard Customers
5261-QSHQM,0.9186631557572713,96.23670000000011,Nurture,New Budget Customers
8699-ASUFO,0.9184829898235363,558.532699999999,Nurture,Established Standard Customers
6982-SSHFK,0.9184465286901993,77.99090000000007,Nurture,New Budget Customers
4484-CGXFK,0.9182962354574957,257.57200000000006,Nurture,Established Standard Customers
8053-WWDRO,0.9179951745593657,322.56399999999985,Nurture,New Budget Customers
4029-HPFVY,0.9174435246952088,248.4159,Nurture,Established Standard Customers
5077-DXTCG,0.9172111438370509,71.90620000000004,Nurture,New Budget Customers
6907-FLBER,0.9171025047972987,104.46259999999985,Nurture,New Budget Customers
9391-EOYLI,0.9169828662331808,1064.8994999999986,Nurture,Established Standard Customers
3071-VBYPO,0.9169565514782058,353.37919999999986,Nurture,Established Standard Customers
3346-BRMIS,0.9167191501819908,801.1876999999989,Nurture,Established Standard Customers
6923-JHPMP,0.9166921813502167,223.27669999999986,Nurture,Established Standard Customers
5442-BHQNG,0.9164204371886852,228.38040000000035,Nurture,Established Standard Customers
1465-VINDH,0.9161543287785638,1395.4790000000003,Nurture,Established Standard Customers
9564-KCLHR,0.9160980181509939,57.628099999999975,Nurture,Established Standard Customers
4110-PFEUZ,0.916044579777097,99.6367000000001,Nurture,Established Standard Customers
9780-FKVVF,0.9158613492858251,473.7929000000003,Nurture,Established Standard Customers
8640-SDGKB,0.9158078836417828,426.2443,Nurture,Established Standard Customers
4583-PARNH,0.915591949276082,1773.963799999998,Nurture,Established Standard Customers
3755-JBMNH,0.9151793360176254,1905.0631000000017,Nurture,Established Standard Customers
8676-OOQEJ,0.9148372122421152,124.88169999999987,Nurture,New Budget Customers
6034-YMTOB,0.9148225457523043,552.0236999999994,Nurture,Established Standard Customers
6317-YPKDH,0.9147790722492365,30.011499999999984,Nurture,New Budget Customers
0378-TOVMS,0.9146409736031648,293.9089,Nurture,Established Standard Customers
9907-SWKKF,0.9146183043124091,25.062400000000004,Nurture,New Budget Customers
5968-VXZLG,0.9145611183296392,101.76170000000002,Nurture,New Budget Customers
9874-QLCLH,0.9144790245921544,1831.9989000000005,Nurture,Established Standard Customers
1866-OBPNR,0.9144433818202853,117.38210000000002,Nurture,Established Standard Customers
0515-YPMCW,0.9143085585931264,139.3871999999999,Nurture,Established Standard Customers
8132-YPVBX,0.9142784616077012,756.6515000000009,Nurture,Established Standard Customers
1456-TWCGB,0.9142701685406283,368.59810000000033,Nurture,Established Standard Customers
3916-NRPAP,0.91404456945207,345.3133000000001,Nurture,Established Standard Customers
7571-YXDAD,0.9140096272337939,230.13029999999964,Nurture,Established Standard Customers
5032-MIYKT,0.9138275756502836,108.86179999999999,Nurture,Established Standard Customers
4983-CCWMC,0.913827159781963,313.6530000000004,Nurture,Established Standard Customers
9185-TQCVP,0.9134511360543641,1484.1047999999998,Nurture,Established Standard Customers
2842-JTCCU,0.9133082942769286,151.41079999999982,Nurture,New Budget Customers
2320-JRSDE,0.9132465670136954,27.371100000000006,Nurture,New Budget Customers
6048-QBXKL,0.9131059112120418,181.7155999999998,Nurture,Established Standard Customers
2674-MIAHT,0.9130453796866806,481.2197000000007,Nurture,Established Standard Customers
4317-VTEOA,0.9130277731774339,94.38600000000005,Nurture,Established Standard Customers
0224-HJAPT,0.9125542962002864,341.38400000000024,Nurture,Established Standard Customers
3191-CSNMG,0.9123891565853226,318.2096000000003,Nurture,Established Standard Customers
3798-EPWRR,0.9123148968227905,129.01890000000012,Nurture,New Budget Customers
3815-SLMEF,0.9122958926840988,103.82440000000008,Nurture,New Budget Customers
3926-CUQZX,0.9121809701847224,57.15549999999994,Nurture,New Budget Customers
4237-RLAQD,0.9118968726921599,91.01790000000014,Nurture,New Budget Customers
3748-FVMZZ,0.9118276378996023,165.63790000000014,Nurture,Established Standard Customers
9462-MJUAW,0.9118048615343178,339.73190000000017,Nurture,New Budget Customers
4432-ADRLB,0.9116458364558494,139.12610000000012,Nurture,New Budget Customers
4030-VPZBD,0.9116377552819185,69.34290000000004,Nurture,New Budget Customers
2209-XADXF,0.9112249544148174,43.143599999999985,Nurture,New Budget Customers
6175-IRFIT,0.9111503301144795,596.4802000000007,Nurture,Established Standard Customers
1230-QAJDW,0.9111482764867405,326.6641999999996,Nurture,Established Standard Customers
8313-KTIHG,0.9107802128143441,416.7946000000004,Nurture,Established Standard Customers
0231-LXVAP,0.910644085734036,120.32049999999983,Nurture,Established Standard Customers
9617-INGJY,0.9103428864985346,107.33049999999992,Nurture,Established Standard Customers
1942-OQFRW,0.91021021758265,58.133099999999956,Nurture,New Budget Customers
7905-TVXTA,0.9095042848295556,386.37000000000023,Nurture,Established Standard Customers
8687-BAFGU,0.9093858485806436,97.57320000000003,Nurture,Established Standard Customers
2575-GFSOE,0.9092223483080338,561.8138999999999,Nurture,Established Standard Customers
4390-KYULV,0.9091479227000308,167.8966999999998,Nurture,New Budget Customers
4146-SVFUD,0.9088956626971688,90.31540000000001,Nurture,New Budget Customers
2018-QKYGT,0.90857858823847,117.79450000000016,Nurture,Established Standard Customers
2325-NBPZG,0.9081249404238972,264.5239000000003,Nurture,Established Standard Customers
1597-FZREH,0.9077407058573134,251.77229999999997,Nurture,Established Standard Customers
5356-CSVSQ,0.9077285785485922,308.02659999999946,Nurture,Established Standard Customers
4236-UJPWO,0.9076634215425443,48.30019999999999,Nurture,New Budget Customers
9620-ENEJV,0.90765395103929,623.0446000000005,Nurture,Established Standard Customers
1763-WQFUK,0.907639796070853,237.1680000000002,Nurture,Established Standard Customers
7729-JTEEC,0.9075288002684433,156.0016000000003,Nurture,New Budget Customers
6328-ZPBGN,0.9073738632527093,1115.9964000000004,Nurture,Established Standard Customers
7508-MYBOG,0.9073069728558176,1263.9018000000005,Nurture,Established Standard Customers
9894-EZEWG,0.9072515132705813,113.33259999999999,Nurture,Established Standard Customers
3050-GBUSH,0.9068670713226803,110.58220000000007,Nurture,New Budget Customers
7537-RBWEA,0.9066070046955564,29.070500000000024,Nurture,New Budget Customers
1575-KRZZE,0.906325685866892,254.32040000000018,Nurture,Established Standard Customers
3793-MMFUH,0.9060842414153488,1519.6431000000014,Nurture,Established Standard Customers
8740-XLHDR,0.9060358659104356,222.10460000000003,Nurture,Established Standard Customers
7395-IGJOS,0.9059675732346169,1553.0449999999996,Nurture,Established Standard Customers
6275-YDUVO,0.9058920506972877,199.4681999999997,Nurture,New Budget Customers
1564-HJUVY,0.9057550856364446,250.07719999999986,Nurture,Established Standard Customers
5515-IDEJJ,0.905749704108903,66.17480000000005,Nurture,New Budget Customers
0314-TKOSI,0.9056755438181625,397.1020000000002,Nurture,Established Standard Customers
9227-LUNBG,0.9054743086450211,24.598999999999982,Nurture,New Budget Customers
5501-TVMGM,0.9054052271349098,105.50079999999988,Nurture,Established Standard Customers
4855-SNKMY,0.9053117871598739,50.002100000000084,Nurture,New Budget Customers
4822-RVYBB,0.9052580376168335,1081.2842999999991,Nurture,Established Standard Customers
0871-OPBXW,0.9051869556273818,53.40199999999997,Nurture,New Budget Customers
5542-DHSXL,0.9047612229082964,252.0190000000001,Nurture,Established Standard Customers
2207-NHRJK,0.9046915398091044,60.634300000000025,Nurture,Established Standard Customers
3859-CVCET,0.9044475490846375,378.6792000000005,Nurture,New Budget Customers
1660-HSOOQ,0.90424736777278,81.86309999999997,Nurture,New Budget Customers
6844-DZKRF,0.9038267137698655,126.58130000000016,Nurture,New Budget Customers
1262-OPMFY,0.9036519745716097,967.8526999999993,Nurture,Established Standard Customers
5747-PMBSQ,0.9035154085223817,1134.7830000000008,Nurture,Established Standard Customers
1423-BMPBQ,0.902751475754839,47.49480000000003,Nurture,New Budget Customers
2082-CEFLT,0.9025333279290654,58.14439999999999,Nurture,New Budget Customers
8617-ENBDS,0.9021425078461712,322.8630000000003,Nurture,Established Standard Customers
7404-JLKQG,0.9020717902731976,302.32689999999957,Nurture,Established Standard Customers
4626-GYCZP,0.9019271803923663,738.9716999999993,Nurture,Established Standard Customers
7470-MCQTK,0.9018382542950458,609.5765000000006,Nurture,Established Standard Customers
0781-LKXBR,0.9018147549172428,1335.383100000001,Nurture,Established Standard Customers
0021-IKXGC,0.9017581131360243,83.26599999999996,Nurture,Established Standard Customers
7675-OZCZG,0.9014655419965861,233.85660000000024,Nurture,New Budget Customers
2956-GGUCQ,0.9013445227230681,1885.4608000000019,Nurture,Established Standard Customers
2979-SXESE,0.9012300728797938,2035.8670000000016,Nurture,Established Standard Customers
3753-TSEMP,0.9009949347135857,1532.3450999999998,Nurture,Established Standard Customers
9026-RNUJS,0.90075925007172,343.0837000000002,Nurture,Established Standard Customers
5027-QPKTE,0.9006483464512972,578.2421999999991,Nurture,Established Standard Customers
4373-VVHQL,0.9005952733736144,77.00599999999991,Nurture,New Budget Customers
2480-JZOSN,0.8997366933506671,54.72299999999998,Nurture,New Budget Customers
8705-WZCYL,0.8996227994411174,73.6161000000001,Nurture,New Budget Customers
4671-LXRDQ,0.8994992781354392,146.15210000000013,Nurture,New Budget Customers
6390-DSAZX,0.8992660441454438,79.57649999999998,Nurture,Established Standard Customers
6413-XKKPU,0.89889401412291,1850.2050999999972,Nurture,Established Standard Customers
8878-HMWBV,0.8986836871339379,259.70229999999987,Nurture,New Budget Customers
2592-SEIFQ,0.898544010618036,73.84309999999995,Nurture,New Budget Customers
9743-DQKQW,0.8984931566242543,80.27170000000005,Nurture,New Budget Customers
1304-BCCFO,0.8982815568387947,728.0749999999987,Nurture,Established Standard Customers
5931-FLJJF,0.8981945131012713,578.365599999999,Nurture,Established Standard Customers
5520-FVEWJ,0.8981263449234125,1425.0885000000012,Nurture,Established Standard Customers
6304-IJFSQ,0.8980846298843138,264.5245,Nurture,Established Standard Customers
5087-SUURX,0.8977747673485784,683.4747999999995,Nurture,New Budget Customers
0365-BZUWY,0.8976659919665115,1857.9573999999984,Nurture,Established Standard Customers
6817-WTYHE,0.8975295343612011,118.12400000000001,Nurture,New Budget Customers
2951-QOQTK,0.897309573653197,510.3170000000006,Nurture,Established Standard Customers
0947-MUGVO,0.8973042595677633,1630.3585999999987,Nurture,Established Standard Customers
4351-QLCSU,0.8972852582304579,87.46039999999988,Nurture,Established Standard Customers
0641-EVBOJ,0.8972236390940821,374.0698000000001,Nurture,Established Standard Customers
8161-QYMTT,0.8966088801551682,736.2323999999998,Nurture,Established Standard Customers
0322-CHQRU,0.8965455423962189,141.3263999999998,Nurture,New Budget Customers
6078-VESFR,0.8965266374538633,1357.751599999999,Nurture,Established Standard Customers
3320-VEOYC,0.896202600523828,1765.5809999999994,Nurture,Established Standard Customers
5519-NPHVG,0.8961087268246809,1330.7661000000019,Nurture,Established Standard Customers
2955-BJZHG,0.8956662923083449,1675.3788000000006,Nurture,Established Standard Customers
3806-DXQOM,0.8953625584650374,143.17290000000014,Nurture,New Budget Customers
5940-AHUHD,0.8951123871948418,115.62250000000007,Nurture,Established Standard Customers
2506-CLAKW,0.8948288334260529,678.3218000000002,Nurture,Established Standard Customers
4193-ORFCL,0.8947585105549309,60.295800000000064,Nurture,New Budget Customers
4652-NNHNY,0.8946093164706987,1559.5737999999985,Nurture,Established Standard Customers
4248-QPAVC,0.8941903695223525,2101.562500000002,Nurture,Established Standard Customers
5133-POWUA,0.8940905283235322,59.60950000000005,Nurture,New Budget Customers
4349-GFQHK,0.8937952037836584,77.51749999999987,Nurture,Established Standard Customers
0023-XUOPT,0.8935473584322198,1737.1679000000017,Nurture,Established Standard Customers
3489-HHPFY,0.8931396140778499,196.47689999999994,Nurture,Established Standard Customers
3811-VBYBZ,0.8929181681040866,993.2726000000014,Nurture,Established Standard Customers
7442-YGZFK,0.8927047105597395,68.41100000000002,Nurture,New Budget Customers
9398-MMQTO,0.8926600401007886,372.4727000000001,Nurture,Established Standard Customers
1268-ASBGA,0.892570177988865,1556.1148999999991,Nurture,Established Standard Customers
5759-RCVCB,0.8922891743918786,110.25870000000008,Nurture,New Budget Customers
7450-NWRTR,0.8920835113313769,1456.9891999999998,Nurture,Established Standard Customers
3594-KADLU,0.8916590821057605,103.91550000000012,Nurture,New Budget Customers
6127-IYJOZ,0.8916350930455468,87.41120000000001,Nurture,New Budget Customers
5103-MHMHY,0.8903667347994023,92.44080000000002,Nurture,New Budget Customers
3376-BMGFE,0.8903129148193507,404.7196999999999,Nurture,Established Standard Customers
0133-BMFZO,0.8900923061702994,256.13350000000025,Nurture,Established Standard Customers
9940-HPQPG,0.8900184668142458,1054.0909000000015,Nurture,Established Standard Customers
0455-XFASS,0.8898448245842449,222.851,Nurture,Established Standard Customers
0067-DKWBL,0.8897110059370447,180.7116,Nurture,Established Standard Customers
8262-COGGB,0.8896139214570885,31.815899999999985,Nurture,New Budget Customers
9389-ACWBI,0.8895686926625931,333.11949999999985,Nurture,Established Standard Customers
5404-GGUKR,0.8895223489962542,349.4980999999996,Nurture,Established Standard Customers
2606-RMDHZ,0.8893403164196709,163.52630000000008,Nurture,New Budget Customers
1963-SVUCV,0.8891032892111164,94.86990000000002,Nurture,New Budget Customers
7156-MHUGY,0.8890051085608911,1624.1166000000005,Nurture,Established Standard Customers
8305-VHZBZ,0.8887765698486968,33.40929999999996,Nurture,New Budget Customers
3446-QDSZF,0.8882367791418379,389.9062000000001,Nurture,Established Standard Customers
6624-JDRDS,0.8881351704393479,166.72400000000025,Nurture,New Budget Customers
8242-SOQUO,0.887548685418503,436.4554000000004,Nurture,Established Standard Customers
6692-UDPJC,0.8875482413632283,1413.905200000003,Nurture,Established Standard Customers
3389-YGYAI,0.8873128551575731,1164.1698000000006,Nurture,Established Standard Customers
0568-ONFPC,0.8872579228612922,322.91610000000003,Nurture,New Budget Customers
5351-QESIO,0.8871788207235763,24.3031,Nurture,New Budget Customers
7943-RQCHR,0.8871215220572877,994.7847999999992,Nurture,Established Standard Customers
6888-SBYAI,0.8871034278514609,87.79480000000007,Nurture,Established Standard Customers
1867-BDVFH,0.8870779646231439,908.7081000000007,Nurture,Established Standard Customers
7587-RZNME,0.8870129099673024,282.6407999999997,Nurture,New Budget Customers
9667-TKTVZ,0.8868894953353195,161.7815999999999,Nurture,Established Standard Customers
2988-PLAHS,0.8867912135119178,331.7936999999999,Nurture,Established Standard Customers
4208-UFFGW,0.8867734766266292,143.72109999999986,Nurture,New Budget Customers
3278-FSIXX,0.8867698317524831,161.81290000000013,Nurture,New Budget Customers
4301-VVZKA,0.8861061770242474,1636.5521999999974,Nurture,Established Standard Customers
2903-YYTBW,0.8859540949488693,85.77789999999993,Nurture,New Budget Customers
3085-QUOZK,0.8857398176461156,79.72880000000008,Nurture,New Budget Customers
4749-VFKVB,0.8852974193718047,95.73690000000008,Nurture,New Budget Customers
3995-WFCSM,0.8850741375485405,144.41939999999988,Nurture,Established Standard Customers
8229-TNIQA,0.8849455496731339,365.3326,Nurture,New Budget Customers
0508-OOLTO,0.8842646604475768,196.10680000000008,Nurture,Established Standard Customers
6969-MVBAI,0.8835252137882352,1191.0339000000006,Nurture,Established Standard Customers
8180-AKMJV,0.8834987350929697,68.98780000000008,Nurture,New Budget Customers
5365-LLFYV,0.8833679471890493,117.06920000000018,Nurture,New Budget Customers
6608-QQLVK,0.8832240097199044,90.03239999999994,Nurture,Established Standard Customers
4847-QNOKA,0.8831823478911053,87.28930000000008,Nurture,New Budget Customers
6633-MPWBS,0.8830920199547713,274.5967000000002,Nurture,Established Standard Customers
0374-AACSZ,0.8830863744314453,121.5515999999998,Nurture,New Budget Customers
6567-HOOPW,0.8828040975831866,80.26670000000001,Nurture,New Budget Customers
1928-BXYIV,0.8827182327801372,81.56860000000007,Nurture,Established Standard Customers
2880-FPNAE,0.8824338069062874,160.2020000000001,Nurture,Established Standard Customers
9221-OTIVJ,0.8823102702506025,1881.3311999999983,Nurture,Established Standard Customers
2205-YMZZJ,0.8820696926025451,849.3582999999999,Nurture,Established Standard Customers
9637-EIHEQ,0.8818446769514667,73.29759999999993,Nurture,Established Standard Customers
0564-JJHGS,0.8813972221289623,1019.8507000000006,Nurture,Established Standard Customers
4065-JJAVA,0.8813248229291523,87.3473999999999,Nurture,New Budget Customers
4154-AQUGT,0.8811733649977189,1261.0120000000015,Nurture,Established Standard Customers
2049-BAFNW,0.8807922959583327,40.33350000000004,Nurture,New Budget Customers
2397-BRLOM,0.8807674322195077,824.9301999999998,Nurture,Established Standard Customers
6379-RXJRQ,0.8805618715776428,894.1373999999993,Nurture,Established Standard Customers
8329-IBCTI,0.8804284461495523,25.618000000000016,Nurture,New Budget Customers
9799-CAYJJ,0.8803776719388829,212.5825000000002,Nurture,Established Standard Customers
9261-WDCAF,0.8802889843680852,273.29369999999983,Nurture,New Budget Customers
5027-XWQHA,0.8799505869833091,540.3157000000009,Nurture,New Budget Customers
1612-EOHDH,0.8799235738337897,77.66519999999996,Nurture,New Budget Customers
8806-EAGWC,0.879657387375309,249.46070000000003,Nurture,Established Standard Customers
9846-GKXAS,0.8785163570328157,884.1547999999993,Nurture,Established Standard Customers
5172-MIGPM,0.8781154642915192,299.26389999999964,Nurture,Established Standard Customers
6656-JWRQX,0.8780904240480607,57.14090000000006,Nurture,New Budget Customers
0655-RBDUG,0.8780396910182563,761.3580999999998,Nurture,Established Standard Customers
5692-FPTAH,0.8777775083108602,83.35910000000004,Nurture,New Budget Customers
3398-ZOUAA,0.8777238189639136,1935.7891,Nurture,Established Standard Customers
6402-EJMWF,0.8774974207200487,318.4735999999997,Nurture,Established Standard Customers
3439-GVUSX,0.8772256609987464,24.732800000000008,Nurture,New Budget Customers
4897-QSUYC,0.8770517089589978,41.79559999999994,Nurture,New Budget Customers
3683-QKIUE,0.8768917449292185,434.36990000000003,Nurture,Established Standard Customers
6017-PPLPX,0.8768654526520183,1817.4284999999995,Nurture,Established Standard Customers
8710-YGLWG,0.8766854440889263,61.53629999999994,Nurture,New Budget Customers
9631-XEYKE,0.8766617160118013,232.69050000000013,Nurture,New Budget Customers
9283-LZQOH,0.8765476395302187,972.0199000000013,Nurture,Established Standard Customers
8073-IJDCM,0.8764690509590634,46.34499999999994,Nurture,New Budget Customers
0311-QYWSS,0.8764614151148371,553.9977999999999,Nurture,Established Standard Customers
1000-AJSLD,0.8762431825854019,24.05050000000002,Nurture,New Budget Customers
3372-KWFBM,0.875920399077085,1630.6813000000009,Nurture,Established Standard Customers
7234-FECYN,0.8754189447850658,1123.4103999999984,Nurture,Established Standard Customers
3606-TWKGI,0.8753122319759951,1771.882700000002,Nurture,Established Standard Customers
6326-MTTXK,0.8752686864196649,856.1607000000008,Nurture,Established Standard Customers
6615-ZGEDR,0.8749804329521931,22.247199999999978,Nurture,New Budget Customers
0952-KMEEH,0.8747599367764503,1344.3783999999982,Nurture,Established Standard Customers
2565-JSLRY,0.8743395983941181,54.99559999999996,Nurture,New Budget Customers
2839-RFSQE,0.8742568226482429,94.96240000000003,Nurture,New Budget Customers
1226-UDFZR,0.8739471363907162,150.06390000000007,Nurture,Established Standard Customers
6906-ANDWJ,0.8739072740327644,1677.0129000000002,Nurture,Established Standard Customers
2372-HWUHI,0.8738818363181488,171.06539999999998,Nurture,New Budget Customers
0836-SEYLU,0.8736400692806879,354.66790000000015,Nurture,New Budget Customers
2398-YPMUR,0.8735415378806067,1463.3176000000003,Nurture,Established Standard Customers
4514-GFCFI,0.8735231414903764,1624.7153999999991,Nurture,Established Standard Customers
5552-ZNFSJ,0.8734628183887424,80.83560000000006,Nurture,New Budget Customers
0082-LDZUE,0.8734472224090329,88.05320000000002,Nurture,New Budget Customers
8757-TFHHJ,0.8733325710798441,87.90890000000007,Nurture,Established Standard Customers
1522-VVDMG,0.8732459197369057,724.6600999999996,Nurture,Established Standard Customers
3398-FSHON,0.8723827508543861,1475.9691999999986,Nurture,Established Standard Customers
7394-FKDNK,0.872229838330905,1070.905500000001,Nurture,Established Standard Customers
4078-SAYYN,0.8718434766681638,1597.3958999999998,Nurture,Established Standard Customers
3211-ILJTT,0.87149903239169,1468.408899999999,Nurture,Established Standard Customers
9626-WEQRM,0.8714823181589456,123.5831999999999,Nurture,New Budget Customers
6877-LGWXO,0.8713373453580894,1529.9423999999997,Nurture,Established Standard Customers
2968-SSGAA,0.8712997563498819,1441.7759999999998,Nurture,Established Standard Customers
2344-JMOGN,0.8708825982804532,1038.3368000000003,Nurture,Established Standard Customers
3235-ETOOB,0.8708542246001603,925.7985999999997,Nurture,Established Standard Customers
7663-RGWBC,0.8708283165729199,53.67750000000004,Nurture,New Budget Customers
8058-JMEQO,0.8706759373440831,906.3149000000005,Nurture,Established Standard Customers
2831-EBWRN,0.8701895061674246,353.45630000000017,Nurture,New Budget Customers
6257-RJOHI,0.8700576565314805,219.60449999999983,Nurture,Established Standard Customers
3415-TAILE,0.8698380970754481,187.88469999999978,Nurture,Established Standard Customers
1478-VPOAD,0.8696889624044408,81.4611000000001,Nurture,New Budget Customers
9638-JIQYA,0.8695393870661582,56.13609999999994,Nurture,New Budget Customers
0601-WZHJF,0.8694898730092574,671.800499999999,Nurture,Established Standard Customers
7377-DMMRI,0.869428474528202,121.74489999999997,Nurture,Established Standard Customers
0295-QVKPB,0.8688871741202314,400.07840000000016,Nurture,Established Standard Customers
3258-SANFR,0.8687474107252143,406.607,Nurture,New Budget Customers
6615-NGGZJ,0.8684895764588324,1790.6122999999993,Nurture,Established Standard Customers
2642-DTVCO,0.8684599959150664,904.3902999999991,Nurture,Established Standard Customers
3946-MHCZW,0.8677118733669302,58.315700000000064,Nurture,Established Standard Customers
9895-VFOXH,0.8676664194513045,33.18580000000004,Nurture,New Budget Customers
9318-NKNFC,0.8676005694401927,59.810200000000066,Nurture,New Budget Customers
1449-XQEMT,0.8675326722136175,102.19950000000013,Nurture,New Budget Customers
8245-UMPYT,0.8669623791776355,2076.372600000001,Nurture,Established Standard Customers
2774-LVQUS,0.8669608217280169,1973.4544999999996,Nurture,Established Standard Customers
1589-AGTLK,0.8667561153589759,252.5556999999998,Nurture,New Budget Customers
7339-POGZN,0.8667182973001957,255.9418,Nurture,New Budget Customers
6923-EFPNL,0.8663003668669925,244.49050000000014,Nurture,New Budget Customers
4647-XXZAM,0.8661110617525334,478.56830000000065,Nurture,New Budget Customers
9714-EDSUC,0.8660590868466516,418.8677000000002,Nurture,Established Standard Customers
4678-DVQEO,0.8658192602408545,86.78829999999988,Nurture,Established Standard Customers
8654-DHAOW,0.8658169934223378,153.6204,Nurture,New Budget Customers
6158-HDPXZ,0.865256460849243,25.339499999999965,Nurture,New Budget Customers
7359-PTSXY,0.865117430790165,70.76579999999989,Nurture,New Budget Customers
6180-YBIQI,0.8645483464665777,110.0733,Nurture,New Budget Customers
2311-QYMUQ,0.864527783183377,2087.0904999999993,Nurture,Established Standard Customers
4145-UQXUQ,0.8643880577803393,1081.2444999999993,Nurture,Established Standard Customers
9206-GVPEQ,0.864211656892358,613.8520000000001,Nurture,Established Standard Customers
7878-JGDKK,0.8639842350437715,336.0761999999997,Nurture,New Budget Customers
4760-XOHVN,0.8639420487482966,48.31019999999999,Nurture,New Budget Customers
3097-NNSPB,0.8637797927836504,126.85520000000004,Nurture,New Budget Customers
8805-JNRAZ,0.8633652040833074,162.64890000000017,Nurture,Established Standard Customers
6979-ZNSFF,0.8631799635618334,1088.6303000000014,Nurture,Established Standard Customers
3585-ISXZP,0.863020165495179,996.6606000000004,Nurture,Established Standard Customers
3577-AMVUX,0.8630088270734281,69.15589999999992,Nurture,Established Standard Customers
1536-HBSWP,0.8628654523290339,64.56029999999998,Nurture,Established Standard Customers
4986-MXSFP,0.8628494873388216,128.27730000000008,Nurture,New Budget Customers
1501-SGHBW,0.8627394225948218,137.4944,Nurture,New Budget Customers
1845-ZLLIG,0.8626583018091232,72.4157999999999,Nurture,Established Standard Customers
7526-BEZQB,0.8624533783023021,1627.6062999999995,Nurture,Established Standard Customers
1213-NGCUN,0.8622611653315909,562.0055000000006,Nurture,Established Standard Customers
5702-SKUOB,0.8622573381298155,205.7354999999998,Nurture,New Budget Customers
2027-FECZV,0.8621538980295685,1532.5289999999973,Nurture,Established Standard Customers
0325-XBFAC,0.8620393074870156,907.7752000000006,Nurture,Established Standard Customers
1794-HBQTJ,0.8618845833430236,56.1106,Nurture,Established Standard Customers
1251-STYSZ,0.8618833438879561,374.70859999999993,Nurture,Established Standard Customers
4195-SMMNX,0.8617419792380744,99.12410000000011,Nurture,New Budget Customers
9761-XUJWD,0.8614218532442474,385.4306000000004,Nurture,Established Standard Customers
9214-EKVXR,0.8612823727446303,70.72660000000003,Nurture,New Budget Customers
2660-EMUBI,0.8612149871600546,1320.4181000000012,Nurture,Established Standard Customers
6204-IEUXJ,0.8610345904695216,349.74060000000026,Nurture,Established Standard Customers
2181-UAESM,0.8609197127117544,139.77890000000014,Nurture,Established Standard Customers
1251-KRREG,0.859916667850982,198.56629999999993,Nurture,Established Standard Customers
3644-QXEHN,0.8595728988574795,1738.9466000000002,Nurture,Established Standard Customers
7054-LGEQW,0.8595406928753965,52.07159999999998,Nurture,New Budget Customers
4061-UKJWL,0.8595307932792643,210.07600000000014,Nurture,New Budget Customers
9965-YOKZB,0.8581871108838138,904.7356000000007,Nurture,Established Standard Customers
2626-URJFX,0.8580774939317134,257.1298999999997,Nurture,New Budget Customers
7351-MHQVU,0.8579123396185572,303.1039999999996,Nurture,Established Standard Customers
9057-MSWCO,0.8568280867017898,924.3311000000008,Nurture,New Budget Customers
2833-SLKDQ,0.8567193200791708,93.72669999999997,Nurture,New Budget Customers
5229-PRWKT,0.856142354130354,866.0689000000001,Nurture,Established Standard Customers
0947-IDHRQ,0.8560967599967942,817.890799999999,Nurture,Established Standard Customers
9348-YVOMK,0.8559534029953493,366.5418999999997,Nurture,New Budget Customers
6142-VSJQO,0.8559502782130404,85.42070000000014,Nurture,New Budget Customers
1704-NRWYE,0.8559291622836783,1138.6063000000008,Nurture,Established Standard Customers
6141-OOXUQ,0.8553878061092902,37.17469999999997,Nurture,New Budget Customers
2933-FILNV,0.8553766272338201,41.540200000000034,Nurture,New Budget Customers
2792-LSHWX,0.85522295531087,126.25439999999976,Nurture,Established Standard Customers
1101-SSWAG,0.8551776620072664,1150.5773000000015,Nurture,New Budget Customers
2275-RBYQS,0.8551264296330702,94.4059999999999,Nurture,New Budget Customers
1635-FJFCC,0.8550925757739917,274.8318999999997,Nurture,New Budget Customers
7760-OYPDY,0.8550454772481099,178.82360000000008,Nurture,Established Standard Customers
7511-YMXVQ,0.8547154204347587,434.1598,Nurture,New Budget Customers
1728-BQDMA,0.8544914980795459,135.29160000000005,Nurture,New Budget Customers
6942-LBFDP,0.8542917210442001,66.09590000000001,Nurture,New Budget Customers
1862-SKORY,0.8542801857943515,1680.7054999999987,Nurture,Loyal Budget Customers
5766-ZJYBB,0.8542677400613754,23.162799999999976,Nurture,New Budget Customers
0415-MOSGF,0.8540510862026754,71.21980000000006,Nurture,New Budget Customers
1373-ORVIZ,0.8530922556005373,884.2972999999998,Nurture,Established Standard Customers
1564-NTYXF,0.8530115461184942,1165.2011000000016,Nurture,Established Standard Customers
9824-BEMCV,0.8529418449271433,1905.996100000003,Nurture,Established Standard Customers
2528-HFYZX,0.8527596850048338,1500.8493999999998,Nurture,Established Standard Customers
8901-HJXTF,0.852713461760796,323.34699999999975,Nurture,New Budget Customers
5976-JCJRH,0.8524617462406805,1019.0207000000004,Nurture,Established Standard Customers
2672-OJQZP,0.852083247192868,85.60109999999997,Nurture,New Budget Customers
9094-AZPHK,0.851791617706283,1972.9779999999996,Nurture,Established Standard Customers
8937-RDTHP,0.8517734838530947,112.05540000000006,Nurture,Established Standard Customers
3130-ICDUP,0.851600124567074,181.96239999999995,Nurture,Established Standard Customers
4892-VLANZ,0.8515363687998868,29.82210000000002,Nurture,New Budget Customers
5673-TIYIB,0.8515106483860843,77.2570999999999,Nurture,Established Standard Customers
2215-ZAFGX,0.851398119283742,918.2264000000002,Nurture,Established Standard Customers
9174-FKWZE,0.8513915634634792,42.74639999999994,Nurture,New Budget Customers
4918-QLLIW,0.8513895909503483,309.1820000000003,Nurture,Established Standard Customers
5562-BETPV,0.8513727130224746,43.34859999999999,Nurture,New Budget Customers
8739-QOTTN,0.8507577766876921,54.559399999999975,Nurture,New Budget Customers
8087-LGYHQ,0.8505949252293183,1025.4312,Nurture,Established Standard Customers
8660-BUETV,0.8504979943359235,255.85310000000015,Nurture,New Budget Customers
4026-SKKHW,0.8504584074257774,236.24040000000008,Nurture,Established Standard Customers
0856-NAOES,0.8504275533246428,672.390200000001,Nurture,Established Standard Customers
1450-GALXR,0.8499750527108418,1251.3405000000007,Nurture,Established Standard Customers
8885-QSQBX,0.8497298667604688,58.961899999999986,Nurture,Established Standard Customers
7410-KTVFV,0.8491748372827086,1258.013600000001,Nurture,Established Standard Customers
4537-DKTAL,0.8491450078663748,169.38109999999995,Nurture,New Budget Customers
4211-MMAZN,0.8491076174055181,42.988299999999946,Nurture,New Budget Customers
8167-GJLRN,0.8487447004820997,84.66589999999992,Nurture,New Budget Customers
7312-XSBAT,0.8487419471407527,90.16090000000003,Nurture,Established Standard Customers
6689-KXGBO,0.8487259509937216,81.97310000000004,Nurture,Established Standard Customers
7495-OOKFY,0.8483344650665863,1005.649200000001,Nurture,Established Standard Customers
5088-QZLRL,0.8482297601339449,22.19599999999996,Nurture,New Budget Customers
4884-ZTHVF,0.8482104442733521,1034.2282999999982,Nurture,Established Standard Customers
6728-WYQBC,0.8479688337332529,22.822099999999974,Nurture,New Budget Customers
0404-SWRVG,0.8479394419685268,267.1900000000003,Nurture,Established Standard Customers
2480-SQIOB,0.8474866807061404,292.50269999999995,Nurture,New Budget Customers
8357-EQXFO,0.8464233769334453,960.6220000000005,Nurture,Established Standard Customers
1396-QWFBJ,0.8463187204781498,1703.486300000001,Nurture,Established Standard Customers
3030-YDNRM,0.846188290632848,675.6698999999987,Nurture,Established Standard Customers
8896-BQTTI,0.8458179600578808,37.31659999999997,Nurture,New Budget Customers
7130-VTEWQ,0.8457795297323388,711.7694999999999,Nurture,Established Standard Customers
1567-DSCIC,0.8456736663397153,937.3005000000002,Nurture,Established Standard Customers
3307-TLCUD,0.8456565823840514,583.1186999999998,Nurture,New Budget Customers
6569-KTMDU,0.8455675369601332,24.26419999999997,Nurture,New Budget Customers
1670-SVOWZ,0.8453880329325005,1386.4313,Nurture,Established Standard Customers
1809-DMJHQ,0.8453678613887078,352.38360000000034,Nurture,New Budget Customers
7993-PYKOF,0.8451097214466865,671.2511999999989,Nurture,Established Standard Customers
5119-NZPTV,0.844203411805459,211.07719999999995,Nurture,Established Standard Customers
3845-FXCYS,0.8439668220707605,50.92040000000008,Nurture,New Budget Customers
8808-ELEHO,0.8433267405884673,685.9319000000003,Nurture,Established Standard Customers
0734-OXWBT,0.8428771377017445,304.2666000000003,Nurture,Established Standard Customers
6543-CPZMK,0.8424832165188948,261.6621000000003,Nurture,New Budget Customers
8746-OQQRW,0.8417442578050643,131.55180000000001,Nurture,New Budget Customers
1471-GIQKQ,0.8416422990522444,94.57920000000011,Nurture,Established Standard Customers
0975-VOOVL,0.8415054445879925,97.13820000000001,Nurture,New Budget Customers
5299-RULOA,0.8408754635565618,1281.0229999999988,Nurture,Established Standard Customers
2585-KTFRE,0.8406042304468974,93.70169999999995,Nurture,Established Standard Customers
7853-WNZSY,0.840520601245113,21.90189999999997,Nurture,New Budget Customers
1195-OIYEJ,0.8405193601974243,1296.8892999999985,Nurture,Established Standard Customers
3669-OYSJI,0.8403457417931219,94.40659999999998,Nurture,New Budget Customers
7075-BNDVQ,0.8402839612065739,168.07429999999994,Nurture,New Budget Customers
6210-KBBPI,0.8402266892162977,1016.6146999999987,Nurture,Established Standard Customers
3594-IVHJZ,0.8401363580140877,134.63569999999999,Nurture,New Budget Customers
1579-KLYDT,0.839460699254527,857.4220000000007,Nurture,Established Standard Customers
6972-SNKKW,0.8391357743548142,386.74419999999947,Nurture,New Budget Customers
0356-ERHVT,0.8388749097158202,669.6255999999989,Nurture,New Budget Customers
5999-LCXAO,0.8388441017683019,29.72340000000003,Nurture,New Budget Customers
2718-GAXQD,0.8386876964198833,387.86110000000014,Nurture,New Budget Customers
8118-TJAFG,0.838235858859214,1232.650399999999,Nurture,Established Standard Customers
7638-QVMVY,0.838152336811355,707.5404000000005,Nurture,Established Standard Customers
6582-OIVSP,0.838041151766163,93.03489999999996,Nurture,New Budget Customers
8775-ERLNB,0.8374250955210136,93.98890000000009,Nurture,Established Standard Customers
2180-DXNEG,0.8373621374505545,1422.3959999999995,Nurture,Established Standard Customers
9572-WUKSB,0.8372461918278372,93.89320000000002,Nurture,New Budget Customers
7243-LCGGZ,0.837060873568522,30.701200000000014,Nurture,New Budget Customers
1963-VAUKV,0.8363128435337347,41.75139999999995,Nurture,New Budget Customers
5600-PDUJF,0.8362605306324876,458.26020000000005,Nurture,Established Standard Customers
7009-LGECI,0.8360576151094639,309.56880000000024,Nurture,Established Standard Customers
4536-PLEQY,0.8360063842278141,1539.2165999999997,Nurture,Established Standard Customers
7808-DVWEP,0.8359474967294886,146.44109999999998,Nurture,New Budget Customers
6921-OZMFH,0.8358963135802451,366.82329999999985,Nurture,Established Standard Customers
2712-SYWAY,0.8358849623164852,66.50540000000001,Nurture,New Budget Customers
2103-ZRXFN,0.8357738813613086,74.9033999999999,Nurture,New Budget Customers
1356-MKYSK,0.8356941149630265,743.8457000000002,Nurture,Established Standard Customers
7613-LLQFO,0.8349265140100712,1185.363499999999,Nurture,Established Standard Customers
9732-KPKBW,0.8342884978738406,84.18579999999994,Nurture,Established Standard Customers
8999-BOHSE,0.834173398038012,1070.3340999999994,Nurture,Established Standard Customers
7503-QQRVF,0.8339232306146673,1619.3443000000009,Nurture,Established Standard Customers
6905-NIQIN,0.8338243534641399,65.8359,Nurture,Established Standard Customers
5883-GTGVD,0.8335839558574785,1900.2296000000001,Nurture,Established Standard Customers
1173-XZPYF,0.8333482666220587,1106.1445,Nurture,Established Standard Customers
7754-IXRMC,0.8328655985142585,58.21970000000006,Nurture,New Budget Customers
3217-FZDMN,0.8328469513343192,808.5993000000001,Nurture,Established Standard Customers
1078-TDCRN,0.8327887174339914,89.9650000000001,Nurture,New Budget Customers
7434-SHXLS,0.832088965901657,37.007000000000026,Nurture,New Budget Customers
3658-KIBGF,0.8316350539486028,98.35840000000013,Nurture,Established Standard Customers
9381-NDKME,0.8315233508624527,974.8487000000009,Nurture,New Budget Customers
2876-GZYZC,0.8314667490240302,1598.3969000000009,Nurture,Established Standard Customers
2676-OXPPQ,0.8312412606286622,386.07480000000015,Nurture,Established Standard Customers
6711-FLDFB,0.8312405442176906,845.0642999999993,Nurture,Established Standard Customers
0708-LGSMF,0.8310956707003155,1116.5778000000016,Nurture,Established Standard Customers
8217-QYOHV,0.8309992930083915,425.8812000000001,Nurture,Established Standard Customers
5652-MSDEY,0.8309972316083246,1130.9485999999995,Nurture,Established Standard Customers
4250-FDVOU,0.8301099306361545,467.3612000000001,Nurture,Established Standard Customers
7291-CDTMJ,0.8298852696106326,33.56029999999999,Nurture,New Budget Customers
2273-QCKXA,0.8297852318650174,74.66529999999999,Nurture,Established Standard Customers
9992-UJOEL,0.8297371505460164,133.3133999999999,Nurture,Established Standard Customers
2876-VBBBL,0.8294289782587816,30.933300000000017,Nurture,New Budget Customers
8974-OVACP,0.8292475223508812,47.61009999999994,Nurture,New Budget Customers
5858-EAFCZ,0.8291568201393622,69.0885,Nurture,New Budget Customers
1816-FLZDK,0.8291367981383849,31.815400000000036,Nurture,New Budget Customers
0224-RLWWD,0.8289979790228252,141.57820000000015,Nurture,New Budget Customers
2538-OIMXF,0.828874475003313,74.72729999999994,Nurture,New Budget Customers
3717-OFRTN,0.8288100112255882,24.545600000000004,Nurture,New Budget Customers
3900-AQPHZ,0.828542982481319,67.85209999999998,Nurture,New Budget Customers
6579-JPICP,0.8285297676785972,38.019,Nurture,New Budget Customers
3043-TYBNO,0.8283637757211841,269.8338000000001,Nurture,Established Standard Customers
6581-NQCBA,0.8282121850968542,791.844199999999,Nurture,Established Standard Customers
1098-TDVUQ,0.827759956634575,29.9939,Nurture,New Budget Customers
5922-ABDVO,0.8277211748524779,2108.3008000000004,Nurture,Established Standard Customers
8931-GJJIQ,0.8274050382981107,1035.5763999999995,Nurture,Established Standard Customers
3566-VVORZ,0.8273758499992493,887.435899999999,Nurture,New Budget Customers
3656-TKRVZ,0.8269358589944344,179.6898999999999,Nurture,Established Standard Customers
0840-DFEZH,0.8268956084203731,727.2302999999988,Nurture,Established Standard Customers
8510-AWCXC,0.8265009265976507,1403.817900000001,Nurture,Established Standard Customers
7126-RBHSD,0.8264253496938638,1700.8437999999996,Nurture,Established Standard Customers
2691-NZETQ,0.8263171084771731,1186.5712000000003,Nurture,Established Standard Customers
8903-XEBGX,0.8259194270829612,196.46159999999986,Nurture,Established Standard Customers
7354-OIJLX,0.8255654979277022,774.0789999999995,Nurture,Established Standard Customers
4112-LUEIZ,0.824742989459708,1023.4349999999996,Nurture,Established Standard Customers
2108-XWMPY,0.8247209074411407,106.55840000000013,Nurture,New Budget Customers
6351-SCJKT,0.8246982584639589,121.15210000000008,Nurture,Established Standard Customers
7636-XUHWW,0.824525457730534,45.196100000000044,Nurture,New Budget Customers
8722-NGNBH,0.8244254405888402,211.1425000000002,Nurture,Established Standard Customers
5348-CAGXB,0.8244235360509824,1476.4290999999992,Nurture,Established Standard Customers
2754-VDLTR,0.8237865550023542,1310.9455000000005,Nurture,Established Standard Customers
8286-AFUYI,0.8225775316016485,95.06180000000012,Nurture,Established Standard Customers
4060-LDNLU,0.8222418379696353,951.6223000000012,Nurture,Established Standard Customers
0322-YINQP,0.8219112292233731,59.13109999999997,Nurture,Established Standard Customers
9451-LPGOO,0.8216205418284548,819.2853999999995,Nurture,Established Standard Customers
5712-VBOXD,0.821612571765113,90.32699999999991,Nurture,New Budget Customers
7794-JASDG,0.8213637819405293,96.23870000000014,Nurture,Established Standard Customers
8257-RZAHR,0.8208308062387282,1234.5446000000018,Nurture,Established Standard Customers
1493-AMTIE,0.8207292180840183,31.12379999999997,Nurture,New Budget Customers
1100-DDVRV,0.8203108241537946,821.7266999999997,Nurture,Established Standard Customers
2894-QOJRX,0.8196266302662486,855.0876,Nurture,New Budget Customers
8861-HGGKB,0.8191175427963167,1012.5785000000002,Nurture,Established Standard Customers
2272-QAGFO,0.8189160503671882,1475.4484,Nurture,Established Standard Customers
2905-KFQUV,0.8187970828321357,164.45480000000006,Nurture,Established Standard Customers
6776-TLWOI,0.8186323713065838,164.3591999999999,Nurture,New Budget Customers
7252-NTGSS,0.8181840798587153,88.41470000000001,Nurture,New Budget Customers
4315-MURBD,0.8181048009848344,1525.1543999999997,Nurture,Established Standard Customers
7580-UGXNC,0.8179187554981092,161.9214000000001,Nurture,Established Standard Customers
5143-WMWOG,0.8178071284037661,37.341699999999975,Nurture,New Budget Customers
8010-EZLOU,0.8177039631249873,1378.602399999999,Nurture,Established Standard Customers
3932-CMDTD,0.817583469357149,589.5799999999992,Nurture,Established Standard Customers
4282-YMKNA,0.8175540305151604,847.0590999999989,Nurture,Established Standard Customers
7831-QGOXH,0.8175410601456443,1938.4159000000013,Nurture,Established Standard Customers
4706-AXVKM,0.8172670939937229,991.2657000000005,Nurture,Established Standard Customers
5150-ITWWB,0.817257223115467,422.0903999999994,Nurture,Established Standard Customers
0709-TVGUR,0.8172187901718075,866.1215999999993,Nurture,Established Standard Customers
8992-CEUEN,0.8171508100580948,27.51579999999999,Nurture,New Budget Customers
8388-FYNPZ,0.8171412303280982,380.16530000000034,Nurture,Established Standard Customers
4445-ZJNMU,0.8160878584751223,985.3985999999985,Nurture,Established Standard Customers
1814-DKOLC,0.8159816102028848,155.54569999999984,Nurture,New Budget Customers
7623-TRNQN,0.8158330490191773,89.34599999999999,Nurture,Established Standard Customers
3195-TQDZX,0.8155861339454769,75.75769999999994,Nurture,New Budget Customers
2668-TZSPS,0.8154896557863321,59.75800000000004,Nurture,New Budget Customers
2645-QTLMB,0.8149724432503264,742.1476999999998,Nurture,Established Standard Customers
7617-EYGLW,0.8147317090291197,66.77719999999997,Nurture,New Budget Customers
3663-MITLP,0.8141534200306739,1735.9608999999996,Nurture,Established Standard Customers
4957-TREIR,0.8137886213660918,315.4664999999997,Nurture,Established Standard Customers
4396-KLSEH,0.8136185947860736,97.27500000000013,Nurture,New Budget Customers
6215-NQCPY,0.8135904114513981,1707.1763999999987,Nurture,Established Standard Customers
9244-ZVAPM,0.8132516101606309,82.9136,Nurture,New Budget Customers
4123-DVHPH,0.8130064488567066,1001.9521000000007,Nurture,Established Standard Customers
6029-CSMJE,0.8127862553529809,448.1316999999999,Nurture,New Budget Customers
8844-TONUD,0.8123288660496064,1768.2335999999982,Nurture,Established Standard Customers
6734-CKRSM,0.8123012321118626,182.6271000000002,Nurture,New Budget Customers
4130-MZLCC,0.8120416099596381,473.9225999999996,Nurture,Established Standard Customers
5208-HFSBT,0.8119304202503332,197.6717999999999,Nurture,Established Standard Customers
2108-YKQTY,0.8117593490616938,212.22420000000034,Nurture,Established Standard Customers
3999-QGRJH,0.8116801184189562,682.0415,Nurture,Established Standard Customers
2026-TGDHM,0.8113546947724541,667.9554000000005,Nurture,Established Standard Customers
6986-IXNDM,0.8098265303393526,1714.6595999999984,Nurture,Established Standard Customers
2640-LYMOV,0.8097507086448972,57.11180000000009,Nurture,New Budget Customers
6022-KOUQO,0.8097016375900977,67.35320000000004,Nurture,New Budget Customers
4877-EVATK,0.8096748715753712,66.70140000000005,Nurture,New Budget Customers
1349-WXNGG,0.8096736501024496,31.921800000000044,Nurture,New Budget Customers
3679-XASPY,0.8094122970288999,36.65459999999998,Nurture,New Budget Customers
5899-MQZZL,0.8085721288350946,1032.5835000000009,Nurture,Established Standard Customers
2373-NTKOD,0.8082896173730055,765.2682000000002,Nurture,Established Standard Customers
6164-HXUGH,0.8077511060647683,159.48260000000013,Nurture,New Budget Customers
5222-JCXZT,0.8077031646645751,166.6394000000002,Nurture,New Budget Customers
1219-NNDDO,0.8075729907939945,1062.8784000000005,Nurture,Established Standard Customers
9330-IJWIO,0.8075678230625075,1403.4525000000003,Nurture,Established Standard Customers
8267-KFGYD,0.8074689444931314,30.347899999999996,Nurture,New Budget Customers
9129-UXERG,0.8073548213029486,1863.7204000000002,Nurture,Established Standard Customers
1697-NVVGY,0.8070601044180518,1840.4404000000004,Nurture,Established Standard Customers
4631-OACRM,0.8069463777941289,1425.552500000001,Nurture,Established Standard Customers
3247-MHJKM,0.8067158075751089,62.17760000000005,Nurture,New Budget Customers
8685-WHQPW,0.8065574924811597,1799.9719999999988,Nurture,Established Standard Customers
1895-QTKDO,0.8062556985513863,89.53800000000008,Nurture,New Budget Customers
5590-YRFJT,0.8062377029278244,508.5990000000002,Nurture,New Budget Customers
4255-DDUOU,0.805784420009593,55.390899999999974,Nurture,New Budget Customers
4464-JCOLN,0.8057035061371822,65.21330000000006,Nurture,New Budget Customers
2612-RANWT,0.8055837072430986,1516.8182999999988,Nurture,Established Standard Customers
0786-VSSUD,0.8055386585152408,668.4673999999999,Nurture,New Budget Customers
1029-QFBEN,0.8054088399462962,58.42829999999991,Nurture,New Budget Customers
3976-NLDEZ,0.8053316280457201,22.149799999999967,Nurture,New Budget Customers
1084-UQCHV,0.8049056160164723,84.19550000000001,Nurture,New Budget Customers
2955-PSXOE,0.8046378511957963,63.23910000000003,Nurture,New Budget Customers
9281-PKKZE,0.8044536736169055,2034.1377000000023,Nurture,Loyal Budget Customers
2424-WVHPL,0.8043611047763273,102.20100000000015,Nurture,Established Standard Customers
4283-FUTGF,0.8042777633204793,1771.0598000000018,Nurture,Established Standard Customers
8337-MSSXB,0.8040823601217204,1681.6134,Nurture,Established Standard Customers
1624-WOIWJ,0.8040125722220883,1266.8904999999993,Nurture,Established Standard Customers
0761-AETCS,0.8038480768354683,45.31140000000001,Nurture,New Budget Customers
0722-SVSFK,0.8036479755966842,971.0196000000001,Nurture,Established Standard Customers
3338-CVVEH,0.8036475460376111,1362.9572000000003,Nurture,Established Standard Customers
0848-ZGQIJ,0.803593218660677,1679.1773999999982,Nurture,Established Standard Customers
1406-PUQVY,0.803492821366094,56.2574,Nurture,Established Standard Customers
8183-ONMXC,0.8033842712869247,148.69880000000003,Nurture,New Budget Customers
6087-MVHJH,0.8027532801129863,1830.6524999999979,Nurture,Established Standard Customers
2189-UXTKY,0.8027105439203316,2028.6747000000025,Nurture,Established Standard Customers
7426-RHZGU,0.8020461934213399,1110.0934999999988,Nurture,Established Standard Customers
1240-KNSEZ,0.8014951073749997,60.86900000000002,Nurture,New Budget Customers
0135-NMXAP,0.8014017333240444,1321.1084000000005,Nurture,Established Standard Customers
0107-WESLM,0.8010303667361587,52.18099999999993,Nurture,New Budget Customers
3668-QPYBK,0.8005226883896943,131.5055000000001,Nurture,Established Standard Customers
4695-VADHF,0.8003866314485122,1104.0672000000015,Nurture,Established Standard Customers
7858-GTZSP,0.7990063194907007,1358.8104999999982,Nurture,Established Standard Customers
1342-JPNKI,0.7989403500943576,926.5490000000012,Nurture,Established Standard Customers
7787-BNTZM,0.7987109764265335,157.2199,Nurture,New Budget Customers
3744-ZBHON,0.7985405389194427,158.5296999999998,Nurture,New Budget Customers
3199-XGZCY,0.7984838692103647,732.1529999999993,Nurture,Established Standard Customers
4660-IRIBM,0.7982876894884646,1946.0711999999994,Nurture,Established Standard Customers
7893-IXHRQ,0.7982047167624687,36.34050000000001,Nurture,New Budget Customers
9986-BONCE,0.7979440920245626,115.09049999999996,Nurture,New Budget Customers
4385-GZQXV,0.7975811204578978,1762.0542999999996,Nurture,Established Standard Customers
0883-EIBTI,0.7975517493476697,88.9911000000001,Nurture,New Budget Customers
9866-QEVEE,0.7973156662117884,1891.4770000000008,Nurture,Established Standard Customers
9274-UARKJ,0.7972608143186343,1334.8889999999983,Nurture,Established Standard Customers
7839-QRKXN,0.7971676473869542,68.3324999999999,Nurture,New Budget Customers
6917-IAYHD,0.7964842618266563,46.507000000000005,Nurture,New Budget Customers
4661-NJEUX,0.7963808057241748,23.402299999999997,Nurture,New Budget Customers
3853-LYGAM,0.7961293578639321,1967.4544000000024,Nurture,Established Standard Customers
3780-YVMFA,0.7957965764920769,801.3236000000002,Nurture,Established Standard Customers
6331-EWIEB,0.7957942405317225,1795.6030000000019,Nurture,Established Standard Customers
7825-GKXMW,0.7956263482147432,101.41489999999997,Nurture,New Budget Customers
3315-TOTBP,0.7949650324597736,1799.1688000000004,Nurture,Established Standard Customers
5906-BFOZT,0.7949519997328294,27.526799999999984,Nurture,New Budget Customers
3007-FDPEA,0.7945714451317697,66.26420000000003,Nurture,New Budget Customers
4547-KQRTM,0.7943853026556584,1318.2310999999986,Nurture,Established Standard Customers
7989-CHGTL,0.7936084957987168,33.74029999999999,Nurture,New Budget Customers
4482-FTFFX,0.7935970297109347,415.98049999999995,Nurture,Established Standard Customers
8404-GFGCZ,0.7930947922832915,292.0130999999999,Nurture,Established Standard Customers
6833-JMZYP,0.7925067994249883,1714.6422999999982,Nurture,Established Standard Customers
3716-UVSPD,0.7921731990953135,79.83170000000014,Nurture,New Budget Customers
7912-SYRQT,0.7919681813450881,670.2163999999991,Nurture,Established Standard Customers
1051-GEJLJ,0.7918321316330761,84.59090000000009,Nurture,New Budget Customers
2832-SCUCO,0.7917564488543685,105.94580000000002,Nurture,New Budget Customers
7625-XCQRH,0.7915571361063799,998.0481000000004,Nurture,Established Standard Customers
6629-LADHQ,0.791210165348095,187.736,Nurture,Established Standard Customers
5357-TZHPP,0.79028039697172,1030.1399999999985,Nurture,Established Standard Customers
4822-NGOCH,0.7901150696785395,1378.5273999999988,Nurture,Established Standard Customers
0927-LCSMG,0.790022580974444,688.7117000000002,Nurture,Established Standard Customers
5928-QLDHB,0.7896761416103252,1020.9489999999998,Nurture,Established Standard Customers
5649-TJHOV,0.7894223041971203,1043.7195,Nurture,New Budget Customers
5429-LWCMV,0.7893858274384575,1519.8172999999983,Nurture,Established Standard Customers
9170-CCKOU,0.7892069489057165,1710.5067000000008,Nurture,Established Standard Customers
3045-XETSH,0.7891067621042208,1394.0013999999996,Nurture,Established Standard Customers
7479-NITWS,0.7889954743210374,913.1980000000003,Nurture,Established Standard Customers
3488-PGMQJ,0.7887439266080033,629.1420000000003,Nurture,Established Standard Customers
0178-CIIKR,0.7887223505997141,79.17649999999998,Nurture,New Budget Customers
3365-SAIGS,0.7878840767221921,1730.057199999999,Nurture,Established Standard Customers
8063-RJYNF,0.7878732458439744,1914.1243,Nurture,Established Standard Customers
4592-IWTJI,0.7873962951268146,94.54249999999998,Nurture,New Budget Customers
6000-APYLU,0.7871318610727452,905.1827000000013,Nurture,Established Standard Customers
2778-OCLGR,0.7868323384601407,941.0840000000009,Nurture,New Budget Customers
7363-QTBIW,0.78679813196026,855.0884,Nurture,Established Standard Customers
5028-HTLJB,0.7866420183646626,39.58989999999998,Nurture,New Budget Customers
7089-IVVAZ,0.786597332825212,973.6882000000011,Nurture,Established Standard Customers
4693-VWVBO,0.7862939337685247,176.03470000000002,Nurture,New Budget Customers
9375-MHRRS,0.7860235674911167,452.02890000000065,Nurture,New Budget Customers
0221-WMXNQ,0.7853943528171601,436.8808,Nurture,Established Standard Customers
2754-XBHTB,0.7844362637767403,930.483300000001,Nurture,Established Standard Customers
1508-DFXCU,0.7844336288586554,1094.1489000000004,Nurture,Established Standard Customers
4277-PVRAN,0.7843047726596133,960.7659999999993,Nurture,Established Standard Customers
9921-ZVRHG,0.7838521518026106,1100.344100000002,Nurture,Established Standard Customers
3936-QQFLL,0.7838368304951479,44.04569999999993,Nurture,New Budget Customers
3966-HRMZA,0.7836554202699682,345.1198000000001,Nurture,Established Standard Customers
9588-OZDMQ,0.7835231665194605,123.61150000000004,Nurture,New Budget Customers
4813-HQMGZ,0.7828631892210687,829.8071999999994,Nurture,Established Standard Customers
1261-FWTTE,0.7827787391405818,806.3078999999989,Nurture,New Budget Customers
0122-OAHPZ,0.7824807175168588,712.7260999999993,Nurture,Established Standard Customers
0929-HYQEW,0.7824271191896559,212.5252000000003,Nurture,Established Standard Customers
0620-XEFWH,0.7823762110577865,242.35370000000006,Nurture,New Budget Customers
9667-EQRXU,0.7823258194800512,1120.2039000000004,Nurture,New Budget Customers
9415-DPEWS,0.7822673132502616,1798.5124999999978,Nurture,Established Standard Customers
4800-VHZKI,0.7822215245028228,56.08889999999996,Nurture,New Budget Customers
8065-YKXKD,0.7822134486803255,838.1555999999989,Nurture,Established Standard Customers
6437-UKHMV,0.782185349586309,773.0006999999999,Nurture,Established Standard Customers
8225-BTJAU,0.782119305575167,886.5011000000002,Nurture,Established Standard Customers
6350-XFYGW,0.7817762405439975,477.82750000000055,Nurture,Established Standard Customers
7880-XSOJX,0.7811297492256063,162.89999999999992,Nurture,Established Standard Customers
5482-NUPNA,0.7806851390084081,331.37720000000013,Nurture,Established Standard Customers
1156-ZFYDO,0.78067986952631,57.692799999999934,Nurture,New Budget Customers
7878-RTCZG,0.7803481534418444,22.840099999999993,Nurture,New Budget Customers
7968-QUXNS,0.7800237013684571,274.4684999999998,Nurture,New Budget Customers
0875-CABNR,0.7796764988225616,1026.440000000001,Nurture,Established Standard Customers
4572-DVCGN,0.7796557169045665,1126.4211000000003,Nurture,Established Standard Customers
1196-AMORA,0.7794293273709005,789.5643999999999,Nurture,Established Standard Customers
7776-QWNFX,0.7793104818815202,1677.8500999999999,Nurture,Established Standard Customers
5228-EXCET,0.7792448493354711,1147.3811000000007,Nurture,Established Standard Customers
5562-YJQGT,0.7791765949094765,42.300700000000006,Nurture,New Budget Customers
8108-UXRQN,0.7791433835046429,557.5989999999994,Nurture,Established Standard Customers
1236-WFCDV,0.77910190792315,1369.6705000000015,Nurture,Established Standard Customers
8566-YPRGL,0.7790254558481479,52.982400000000034,Nurture,New Budget Customers
9172-ANCRX,0.7789454488025949,1356.7176000000013,Nurture,Established Standard Customers
5914-DVBWJ,0.7786332950840684,1581.4282999999987,Nurture,Established Standard Customers
5605-IYGFG,0.7786092215497763,706.679099999999,Nurture,Established Standard Customers
5271-DBYSJ,0.7784580579032644,1217.788600000001,Nurture,Established Standard Customers
6339-YPSAH,0.7784563464485087,769.9211999999991,Nurture,Established Standard Customers
1907-UBQFC,0.7783387037982435,790.3766,Nurture,Established Standard Customers
4765-OXPPD,0.7780555772408689,732.3342999999991,Nurture,Established Standard Customers
4667-OHGKG,0.7773023728398488,68.31969999999997,Nurture,New Budget Customers
5828-AVIPD,0.7767044910757256,1932.4605000000008,Nurture,Established Standard Customers
9408-SSNVZ,0.7765263274593448,384.06969999999995,Nurture,Established Standard Customers
4013-UBXWQ,0.775253897821571,840.6520000000003,Nurture,Established Standard Customers
9237-HQITU,0.7742361938472063,167.03009999999983,Nurture,Established Standard Customers
5923-GXUOC,0.7741773866032106,1160.3332,Nurture,Established Standard Customers
7310-EGVHZ,0.7738626157686809,43.32899999999997,Nurture,New Budget Customers
9643-AVVWI,0.7735907621365523,300.5082000000001,Nurture,Established Standard Customers
8456-QDAVC,0.773546167053073,1972.7274000000011,Nurture,Established Standard Customers
1571-SAVHK,0.7733291624956291,1510.6277999999993,Nurture,Established Standard Customers
2959-FENLU,0.7729002681374367,1212.0524000000014,Nurture,Established Standard Customers
1475-VWVDO,0.7728216490168188,759.8761999999997,Nurture,Established Standard Customers
9436-ZBZCT,0.7727313430451964,1642.9863999999989,Nurture,Established Standard Customers
0212-ISBBF,0.7724521733824994,1105.4817000000014,Nurture,Established Standard Customers
0870-VEMYL,0.7722052631872836,379.1804000000001,Nurture,Established Standard Customers
7517-SAWMO,0.7721922327450214,1884.1611000000019,Nurture,Established Standard Customers
0872-NXJYS,0.7721364680537866,1131.1858999999986,Nurture,Established Standard Customers
5138-WVKYJ,0.7719023852826256,1285.0044000000003,Nurture,Established Standard Customers
8048-DSDFQ,0.771721064026112,33.29070000000004,Nurture,New Budget Customers
4441-NIHPT,0.771607986958633,1464.0099000000016,Nurture,Established Standard Customers
5066-GFJMM,0.7715552845620558,172.31720000000004,Nurture,New Budget Customers
4588-YBNIB,0.7715503688567168,24.930500000000023,Nurture,New Budget Customers
8008-HAWED,0.7712962921166392,716.2716999999998,Nurture,Established Standard Customers
8713-IGZSO,0.7711528208150181,131.24520000000004,Nurture,New Budget Customers
1622-HSHSF,0.7705818155678323,30.52799999999997,Nurture,New Budget Customers
0268-QKIWO,0.769674709667336,145.60570000000004,Nurture,New Budget Customers
3834-XUIFC,0.7695172923378872,725.5618000000001,Nurture,Established Standard Customers
8124-NZVGJ,0.7693640678886773,269.7089999999996,Nurture,Established Standard Customers
2465-BLLEU,0.7692266123337387,30.455599999999972,Nurture,New Budget Customers
5143-EGQFK,0.7690950728979528,368.54550000000063,Nurture,New Budget Customers
0282-NVSJS,0.7688879819463394,354.30140000000046,Nurture,New Budget Customers
2792-VPPET,0.768660248014742,182.1533999999998,Nurture,New Budget Customers
4895-TMWIR,0.7685302988017239,542.3525000000005,Nurture,New Budget Customers
7209-JCUDS,0.7681982747369803,1413.7208000000005,Nurture,Established Standard Customers
2369-FEVNO,0.7680353563368072,27.561599999999995,Nurture,New Budget Customers
3113-IWHLC,0.767777890176433,487.8148000000004,Nurture,Established Standard Customers
4324-AHJKS,0.7672098035866567,389.99749999999995,Nurture,Established Standard Customers
9426-SXNHE,0.766642293933615,59.107399999999906,Nurture,New Budget Customers
8069-YQQAJ,0.766347699697881,511.0662,Nurture,New Budget Customers
4299-SIMNS,0.7663342988698457,1102.9183999999989,Nurture,Established Standard Customers
2220-IAHLS,0.7662670811732861,24.272700000000015,Nurture,New Budget Customers
8450-JOVAH,0.7661748435837044,129.50789999999995,Nurture,Established Standard Customers
2823-LKABH,0.7660254764763705,1800.8015,Nurture,Established Standard Customers
9492-TOKRI,0.76584018872591,1795.8242999999984,Nurture,Established Standard Customers
8854-CCVSQ,0.7654369561769325,2023.369099999998,Nurture,Established Standard Customers
6439-LAJXL,0.7650328310009327,923.7916000000001,Nurture,Established Standard Customers
4320-QMLLA,0.76486548634156,423.87279999999976,Nurture,Established Standard Customers
5696-QURRL,0.7644416832389951,104.7384,Nurture,New Budget Customers
6086-ESGRL,0.7637403694213223,81.41129999999994,Nurture,New Budget Customers
7315-WYOAW,0.7633795229825557,1762.7349999999994,Nurture,Established Standard Customers
1226-IENZN,0.763183797659209,1860.1750000000036,Nurture,Established Standard Customers
6429-SHBCB,0.7628596427338149,1579.8638999999994,Nurture,Established Standard Customers
2853-CWQFQ,0.7626515593061968,98.50629999999992,Nurture,Established Standard Customers
8695-WDYEA,0.762545756426924,89.00319999999998,Nurture,Established Standard Customers
0516-WJVXC,0.7617082302743544,330.3066999999997,Nurture,Established Standard Customers
3090-QFUVD,0.7612096730449025,24.057600000000008,Nurture,New Budget Customers
3717-OEAUQ,0.7610712502369604,134.1512999999999,Nurture,New Budget Customers
2393-DIVAI,0.7610656783714691,105.18970000000004,Nurture,New Budget Customers
3345-JHUEO,0.7604132980278995,246.15739999999988,Nurture,New Budget Customers
1087-UDSIH,0.7601880846248862,100.52200000000012,Nurture,New Budget Customers
8734-DKSTZ,0.7599689212089002,948.987600000001,Nurture,Established Standard Customers
0670-KDOMA,0.7599076798555165,47.373099999999994,Nurture,New Budget Customers
4633-MKHYU,0.75975010435019,1126.856699999999,Nurture,Established Standard Customers
2308-STERM,0.7595033710993762,64.95150000000007,Nurture,New Budget Customers
3694-GLTJM,0.7592986504999483,310.0057000000003,Nurture,New Budget Customers
8325-QRPZR,0.759144506464442,736.1709999999989,Nurture,Established Standard Customers
6693-FRIRW,0.7588761808757556,1822.0197999999998,Nurture,Established Standard Customers
2025-JKFWI,0.75887393693459,1590.636999999999,Nurture,Established Standard Customers
9685-WKZGT,0.7575895365870706,1256.3569,Nurture,Established Standard Customers
4818-QIUFN,0.7574491727958995,1861.8750999999986,Nurture,Established Standard Customers
0426-TIRNE,0.7574002230665706,36.268199999999965,Nurture,New Budget Customers
1092-GANHU,0.7573565532673041,1760.7895000000008,Nurture,Established Standard Customers
2692-PFYTJ,0.7572667585851284,38.27109999999995,Nurture,New Budget Customers
3413-BMNZE,0.7571359356588387,57.58760000000004,Nurture,New Budget Customers
4080-IIARD,0.7571139775257965,1141.5248000000013,Nurture,Established Standard Customers
6331-LWDTQ,0.7569771295298334,1147.9592,Nurture,Established Standard Customers
6469-MRVET,0.7569637347637342,65.00010000000007,Nurture,New Budget Customers
6496-JDSSB,0.7568300021431489,944.5847000000005,Nurture,Established Standard Customers
3620-MWJNE,0.7567696713554128,132.28920000000022,Nurture,Established Standard Customers
7321-PKUYW,0.756655436873466,1202.835700000002,Nurture,Established Standard Customers
5948-UJZLF,0.7561942293978878,181.1607,Nurture,Established Standard Customers
7389-KBFIT,0.7556986786642141,64.67439999999999,Nurture,New Budget Customers
9753-OYLBX,0.7547550221847774,28.455699999999975,Nurture,New Budget Customers
2114-MGINA,0.7545293478746775,1304.3074000000017,Nurture,Established Standard Customers
9039-ZVJDC,0.754508269328873,100.92490000000015,Nurture,New Budget Customers
3675-EQOZA,0.7535808951009737,310.5806000000002,Nurture,New Budget Customers
0315-LVCRK,0.753386581071114,1237.0840000000005,Nurture,Established Standard Customers
9734-YWGEX,0.7523811152497341,1258.5011000000002,Nurture,Established Standard Customers
0196-JTUQI,0.7522256244784883,747.4878999999995,Nurture,Established Standard Customers
2607-FBDFF,0.7519985269090322,96.88449999999995,Nurture,Established Standard Customers
5154-VEKBL,0.7515491652744665,552.4298999999993,Nurture,Established Standard Customers
1015-OWJKI,0.7509206086560724,24.219100000000008,Nurture,New Budget Customers
1965-AKTSX,0.7507840356761977,1309.3094000000003,Nurture,Established Standard Customers
2654-VBVPB,0.7506265480417572,31.806600000000035,Nurture,New Budget Customers
1725-MIMXW,0.7506070975771847,68.35459999999993,Nurture,New Budget Customers
8584-KMVXD,0.7505831558617837,679.0647999999995,Nurture,Established Standard Customers
7841-TZDMQ,0.7505132127029088,188.6058000000001,Nurture,New Budget Customers
4786-UKSNZ,0.7503857162804862,31.38369999999998,Nurture,New Budget Customers
7517-LDMPS,0.7489398895106971,1098.947000000001,Nurture,Established Standard Customers
3070-DVEYC,0.748465450880839,760.2547999999989,Nurture,Established Standard Customers
1112-CUNAO,0.7484489699069761,1584.2986000000005,Nurture,Established Standard Customers
6625-UTXEW,0.7484156219113758,1157.335500000002,Nurture,Established Standard Customers
4059-IIEBK,0.7482232651680415,781.7150000000007,Nurture,Established Standard Customers
7743-EXURX,0.7476433732149304,454.59299999999945,Nurture,Established Standard Customers
5356-RHIPP,0.747010835376739,66.92580000000002,Nurture,New Budget Customers
8990-ZXLSU,0.7468557738055916,934.3964000000008,Nurture,Established Standard Customers
2080-SRCDE,0.7454014872108093,56.247900000000016,Nurture,New Budget Customers
7219-TLZHO,0.7452722975109917,248.99710000000002,Nurture,New Budget Customers
8749-CLJXC,0.7448877719661052,33.47229999999996,Nurture,New Budget Customers
3806-YAZOV,0.7447421928713143,79.36039999999998,Nurture,New Budget Customers
9851-KIELU,0.7442916644153177,1226.1565000000012,Nurture,Established Standard Customers
4140-WJAWW,0.7442457346314807,139.17769999999985,Nurture,New Budget Customers
5144-PQCDZ,0.7442149616511272,208.62639999999982,Nurture,New Budget Customers
7926-IJOOU,0.7437941058541563,36.14429999999997,Nurture,New Budget Customers
1285-OKIPP,0.7436545475396318,103.6290000000001,Nurture,Established Standard Customers
7298-IZWLY,0.7431620767972279,43.25569999999994,Nurture,New Budget Customers
7551-JOHTI,0.742834098099591,52.46589999999993,Nurture,New Budget Customers
7698-YFGEZ,0.7428186695990204,46.003799999999934,Nurture,New Budget Customers
7976-CICYS,0.7425921162304797,196.21929999999986,Nurture,New Budget Customers
0188-GWFLE,0.7425170891409723,41.12780000000005,Nurture,New Budget Customers
8541-QVFKM,0.7421466553549325,743.6096999999995,Nurture,Established Standard Customers
5908-QMGOE,0.7417994800371593,1464.5763999999988,Nurture,Established Standard Customers
5889-LFOLL,0.7417930469974202,1585.6266999999973,Nurture,Established Standard Customers
1666-JZPZT,0.7413349738057727,1430.8595999999995,Nurture,New Budget Customers
5233-GEEAX,0.7401994393567443,225.2107000000003,Nurture,New Budget Customers
6652-YFFJO,0.7399309830324373,844.1089999999999,Nurture,Established Standard Customers
2189-WWOEW,0.7399227379147832,1694.8037,Nurture,Established Standard Customers
5364-EVNIB,0.7398398734033031,1425.6529000000003,Nurture,Established Standard Customers
4566-QVRRW,0.7395723279902959,831.464800000001,Nurture,New Budget Customers
2187-PKZAY,0.7380727722812941,1494.9729999999984,Nurture,Established Standard Customers
0807-ZABDG,0.7379372724033262,237.00210000000027,Nurture,Established Standard Customers
6330-JKLPC,0.7378067459839875,1029.432099999999,Nurture,Established Standard Customers
2077-MPJQO,0.7377078811335068,613.3833999999997,Nurture,New Budget Customers
4634-JLRJT,0.7375513412883528,50.228199999999994,Nurture,New Budget Customers
7883-ROJOC,0.7369906758178355,1531.5413999999978,Nurture,New Budget Customers
0094-OIFMO,0.7369552840813174,1278.7781999999982,Nurture,Established Standard Customers
5049-GLYVG,0.7369273084338551,67.76709999999991,Nurture,New Budget Customers
2545-EBUPK,0.7354782559656768,222.65809999999982,Nurture,Established Standard Customers
9708-KFDBY,0.7353892581198475,27.709099999999964,Nurture,New Budget Customers
5850-BDWCY,0.7353459761432711,361.18449999999973,Nurture,New Budget Customers
8800-JOOCF,0.7352406497313317,1182.7445999999998,Nurture,Established Standard Customers
2719-BDAQO,0.735187906015398,1728.1699000000028,Nurture,Established Standard Customers
6719-OXYBR,0.7347556062031717,1773.0754999999988,Nurture,Established Standard Customers
9441-QHEVC,0.7346033101180416,65.89280000000004,Nurture,New Budget Customers
8562-GHPPI,0.7344292746596276,31.80260000000005,Nurture,New Budget Customers
0463-WZZKO,0.7341939998616627,114.61250000000018,Nurture,New Budget Customers
4853-OITSN,0.7338997484382513,489.0335999999998,Nurture,Established Standard Customers
9529-OFXHY,0.7336951239203678,1485.6996999999994,Nurture,Established Standard Customers
3884-HCSWG,0.7329222735211758,1442.8886999999988,Nurture,Established Standard Customers
9658-WYUFB,0.7327899414959422,1956.0765000000015,Nurture,Established Standard Customers
7526-IVLYU,0.7325155964644372,171.91410000000013,Nurture,New Budget Customers
9700-ZCLOT,0.7324527606140833,70.20620000000011,Nurture,New Budget Customers
3097-PYWXL,0.7324358802376291,197.34769999999997,Nurture,New Budget Customers
0940-OUQEC,0.7323883842894924,994.1069000000003,Nurture,Established Standard Customers
8006-PYCSW,0.7322997866222587,110.20899999999996,Nurture,New Budget Customers
0620-DLSLK,0.7320204001209455,1513.2564000000002,Nurture,Established Standard Customers
5919-TMRGD,0.7319969323229876,91.70949999999988,Nurture,Established Standard Customers
7593-XFKDI,0.7319213106677916,93.82980000000016,Nurture,New Budget Customers
1498-DQNRX,0.7318033198020664,770.7446999999993,Nurture,New Budget Customers
5366-IJEQJ,0.7315756450958604,1914.0675999999999,Nurture,Established Standard Customers
3164-AALRN,0.7315649487955399,593.4872000000009,Nurture,Established Standard Customers
4291-SHSBH,0.7314712802491397,575.7795,Nurture,Established Standard Customers
4585-HETAI,0.7311587141878835,462.3369000000004,Nurture,New Budget Customers
4781-ZXYGU,0.7310769891704308,38.273199999999946,Nurture,New Budget Customers
5996-DAOQL,0.7304595083304919,62.30039999999995,Nurture,New Budget Customers
9093-FPDLG,0.7299207987868683,1122.3603999999996,Nurture,Established Standard Customers
8620-RJPZN,0.7296077643731229,66.53690000000009,Nurture,New Budget Customers
3977-QCRSL,0.7287428206424366,128.90719999999996,Nurture,New Budget Customers
2732-ISEZX,0.7269288784786583,228.2311999999999,Nurture,New Budget Customers
9334-GWGOW,0.7265750038224236,482.63269999999955,Nurture,New Budget Customers
0689-NKYLF,0.7263673242432479,1564.1775999999993,Nurture,Established Standard Customers
6654-QGBZZ,0.7256338015219509,21.96190000000001,Nurture,New Budget Customers
4232-JGKIY,0.7256135219330029,46.86100000000001,Nurture,New Budget Customers
3055-MJDSB,0.7252206856154905,241.73049999999992,Nurture,New Budget Customers
0529-ONKER,0.7249071524286377,1833.6688000000024,Nurture,Established Standard Customers
7318-EIVKO,0.7248883598997317,844.6609999999989,Nurture,Established Standard Customers
4625-EWPTF,0.7246687792115523,229.14670000000038,Nurture,New Budget Customers
9770-LXDBK,0.7235289860261597,106.3029000000002,Nurture,New Budget Customers
2207-OBZNX,0.7230504840641184,600.0212999999999,Nurture,Established Standard Customers
1194-SPVSP,0.722528371801464,47.59310000000001,Nurture,New Budget Customers
8490-BXHEO,0.721499903174018,2053.958799999998,Nurture,Established Standard Customers
1905-OEILC,0.7211600217030925,40.10220000000001,Nurture,New Budget Customers
9773-PEQBZ,0.7211124391482057,975.22,Nurture,Established Standard Customers
6286-SUUWT,0.7209992696805295,47.22540000000003,Nurture,New Budget Customers
6243-OZGFH,0.7206524463154156,1039.0836999999995,Nurture,Established Standard Customers
7783-YKGDV,0.7197029459842824,1437.0614999999984,Nurture,Established Standard Customers
2482-CZGBB,0.7190658227667969,1002.1863000000012,Nurture,Established Standard Customers
9618-LFJRU,0.7188751472857435,113.63809999999994,Nurture,New Budget Customers
1135-LMECX,0.7185350957943691,36.26790000000001,Nurture,New Budget Customers
6121-VZNQB,0.7182418564138787,54.28110000000001,Nurture,New Budget Customers
6124-ACRHJ,0.7180410601145921,60.807299999999984,Nurture,New Budget Customers
2391-SOORI,0.718038840695399,318.16770000000037,Nurture,Established Standard Customers
3930-ZGWVE,0.7179541002983206,35.783899999999996,Nurture,New Budget Customers
2542-HYGIQ,0.7178615542875841,58.74239999999998,Nurture,New Budget Customers
3688-FTHLT,0.7176759942113307,1790.8700000000013,Nurture,Established Standard Customers
0928-XUTSN,0.71751556421268,1600.9809999999975,Nurture,Established Standard Customers
7721-DVEKZ,0.7170452407178912,43.299500000000016,Nurture,New Budget Customers
3506-LCJDC,0.7170052062152438,27.403900000000004,Nurture,New Budget Customers
7341-LXCAF,0.7165840449296516,489.98479999999944,Nurture,Established Standard Customers
2501-XWWTZ,0.716202446864745,814.3917000000012,Nurture,Established Standard Customers
7683-CBDKJ,0.7156613179353516,1525.3018000000002,Nurture,Established Standard Customers
9644-UMGQA,0.7151242217150338,523.5162999999994,Nurture,Established Standard Customers
3148-BLQJT,0.7147130908860886,37.25849999999997,Nurture,New Budget Customers
8104-OSKWT,0.7142928467248609,1157.8985000000018,Nurture,Established Standard Customers
8203-XJZRC,0.7142884485999789,60.586900000000036,Nurture,New Budget Customers
7601-WFVZV,0.7138242976232904,37.80809999999993,Nurture,New Budget Customers
2866-IKBTM,0.7134580458262012,60.27240000000003,Nurture,New Budget Customers
0690-SRQID,0.7133686152287053,145.59350000000003,Nurture,New Budget Customers
5293-WXJAK,0.7132735502283868,1309.2761999999984,Nurture,Established Standard Customers
8270-RKSAP,0.7125631670586122,982.7101999999992,Nurture,Established Standard Customers
2087-QAREY,0.7124855529171108,2084.0634000000023,Nurture,Established Standard Customers
9818-XQCUV,0.7110883811590468,99.78309999999999,Nurture,New Budget Customers
8993-IZEUX,0.7110549466002621,653.4204999999995,Nurture,Established Standard Customers
8128-YVJRG,0.7109216328961097,811.8276000000006,Nurture,Established Standard Customers
5405-ZMYXQ,0.7107921426323718,599.8310999999993,Nurture,Established Standard Customers
1335-NTIUC,0.7104085402171834,210.13080000000002,Nurture,New Budget Customers
0207-MDKNV,0.7102844007187925,1913.4383000000016,Nurture,Established Standard Customers
9277-JOOMO,0.7101907398892763,157.37230000000008,Nurture,New Budget Customers
3030-YZADT,0.7101723272835435,543.6164999999996,Nurture,New Budget Customers
3590-TCXTB,0.7101090878237498,52.14769999999994,Nurture,New Budget Customers
3540-RZJYU,0.7094094532331003,1653.6622999999977,Nurture,Established Standard Customers
8963-JLGJT,0.7091197562464168,267.1100999999997,Nurture,Established Standard Customers
2967-MXRAV,0.7088947301092178,63.03949999999997,Nurture,New Budget Customers
5028-GZLDO,0.7087493455086916,202.03879999999987,Nurture,New Budget Customers
9889-TMAHG,0.7086021949523926,932.4996000000014,Nurture,Established Standard Customers
7296-PIXQY,0.7084623447251095,1350.6608999999999,Nurture,Established Standard Customers
2342-CKIAO,0.7078396663688952,66.75130000000009,Nurture,New Budget Customers
2700-LUEVA,0.7074690366321862,56.36549999999997,Nurture,New Budget Customers
6839-ITVZJ,0.7073364360801797,2043.3591999999996,Nurture,Established Standard Customers
9101-NTIXF,0.7071965690656139,75.27590000000006,Nurture,New Budget Customers
2576-HXMPA,0.7069998504609497,27.831600000000012,Nurture,New Budget Customers
5295-PCJOO,0.7061997712798002,244.0128999999999,Nurture,New Budget Customers
2928-HLDBA,0.7057205871220492,162.13999999999993,Nurture,New Budget Customers
3785-NRHYR,0.7053730143669394,36.880499999999955,Nurture,New Budget Customers
7593-JNWRU,0.7052114328188438,553.3536000000001,Nurture,New Budget Customers
6890-PFRQX,0.7048937406445693,1420.381299999998,Nurture,Established Standard Customers
0030-FNXPP,0.7046652479068846,80.38900000000001,Nurture,New Budget Customers
9506-UXUSK,0.7046142274863677,1522.8299000000004,Nurture,Established Standard Customers
0439-IFYUN,0.7044586580474311,1669.9803000000002,Nurture,Established Standard Customers
0420-BWTPW,0.7043591176087513,220.59340000000032,Nurture,New Budget Customers
6704-UTUKK,0.7041605301874245,1261.4523000000006,Nurture,Established Standard Customers
5955-EPOAZ,0.70407217054637,365.4671999999997,Nurture,New Budget Customers
0303-WMMRN,0.7038480923829684,207.36270000000005,Nurture,New Budget Customers
2081-KJSQF,0.7031619475386648,62.48349999999999,Nurture,New Budget Customers
8605-ITULD,0.7030865726032356,24.64850000000003,Nurture,New Budget Customers
7967-HYCDE,0.7021609875658106,894.5760999999984,Nurture,Established Standard Customers
9625-QSTYE,0.7020670251194694,1045.965900000001,Nurture,Established Standard Customers
7096-UCLNH,0.7018447950029301,31.359999999999992,Nurture,New Budget Customers
9122-UMROB,0.7018336998736677,31.10489999999998,Nurture,New Budget Customers
7801-KICAO,0.7013904969158649,1548.5488,Nurture,Established Standard Customers
4013-GUXND,0.7011418212742491,68.40359999999988,Nurture,New Budget Customers
3094-JOJAI,0.7006063003178556,1486.8629999999985,Nurture,Established Standard Customers
7129-CAKJW,0.7004985575929944,1986.5840000000012,Nurture,Established Standard Customers
6821-BUXUX,0.6990971431776571,1459.1472999999996,Nurture,Established Standard Customers
2272-UOINI,0.6985147352935474,588.8232999999999,Nurture,Established Standard Customers
8160-HOWOX,0.6984121286584016,785.5751000000005,Nurture,Established Standard Customers
0096-FCPUF,0.698336731421529,2097.6741999999977,Nurture,Established Standard Customers
2582-FFFZR,0.6983224092832296,1112.2240000000015,Nurture,Established Standard Customers
1384-RCUXW,0.6982019797309651,1817.6367999999995,Nurture,Established Standard Customers
9494-MRNYX,0.6979673696763257,951.3104000000005,Nurture,Established Standard Customers
5876-HZVZM,0.6974835216084795,463.9683000000007,Nurture,Established Standard Customers
4393-OBCRR,0.6971332646759282,73.98699999999991,Nurture,New Budget Customers
8393-JMVMB,0.6970931251151548,48.85249999999999,Nurture,New Budget Customers
9970-QBCDA,0.6967576052396645,312.47389999999945,Nurture,New Budget Customers
2592-YKDIF,0.6963593223116282,65.13330000000006,Nurture,New Budget Customers
9629-NHXFW,0.6962225690723698,67.93350000000001,Nurture,New Budget Customers
1934-SJVJK,0.6959889729793439,60.72259999999997,Nurture,New Budget Customers
4282-ACRXS,0.6950890272864312,946.3881999999999,Nurture,Loyal Budget Customers
2931-FSOHN,0.6947926762675783,1415.0916000000004,Nurture,Established Standard Customers
8020-BWHYL,0.6947655411328907,1323.1532999999993,Nurture,Established Standard Customers
1965-DDBWU,0.6944038944438405,1681.3315000000002,Nurture,Established Standard Customers
5950-AAAGJ,0.6942996978895741,1580.5012999999994,Nurture,Established Standard Customers
5067-DGXLL,0.6942687746503117,68.01360000000005,Nurture,New Budget Customers
5522-JBWMO,0.6929145118931681,60.662299999999966,Nurture,New Budget Customers
3627-FCRDW,0.692865162261274,895.1313,Nurture,Established Standard Customers
9603-OAIHC,0.6926713847889321,73.74190000000014,Nurture,Established Standard Customers
6407-UTSLV,0.6926483673637659,231.18289999999996,Nurture,Established Standard Customers
1197-BVMVG,0.6925280148038233,323.73160000000024,Nurture,Established Standard Customers
2439-QKJUL,0.691486721789611,142.30890000000016,Nurture,New Budget Customers
3744-ZRRDZ,0.6911885071333577,2079.294499999999,Nurture,Established Standard Customers
2111-DWYHN,0.690874796317184,38.61869999999997,Nurture,New Budget Customers
7623-HKYRK,0.6908479820919701,272.09440000000035,Nurture,New Budget Customers
8919-FYFQZ,0.6894953580478492,1362.6398999999997,Nurture,Loyal Budget Customers
8837-VVWLQ,0.6894581978259918,937.2620000000005,Nurture,Established Standard Customers
5989-PGKJB,0.6894400030096027,1730.5521999999983,Nurture,Established Standard Customers
1925-GMVBW,0.6890200467656356,225.90099999999993,Nurture,New Budget Customers
6047-YHPVI,0.6885720004750946,376.66790000000043,Nurture,Established Standard Customers
3803-KMQFW,0.6880274609314337,58.31890000000001,Nurture,New Budget Customers
6464-KEXXH,0.6879641936787869,223.03820000000022,Nurture,New Budget Customers
8718-PTMEZ,0.687677013015498,349.4621000000001,Nurture,New Budget Customers
0139-IVFJG,0.6871494315811288,201.60359999999994,Nurture,Established Standard Customers
0921-OHLVP,0.6870406237607223,2075.678800000001,Nurture,Established Standard Customers
0577-WHMEV,0.6869698048602576,1957.224699999997,Nurture,Established Standard Customers
2862-PFNIK,0.6868210713827645,60.48089999999996,Nurture,New Budget Customers
3500-RMZLT,0.6866535523319389,1843.9754999999984,Nurture,Established Standard Customers
4395-PZMSN,0.6864585007194113,496.1929000000006,Nurture,Established Standard Customers
0550-DCXLH,0.6861936526426902,1422.9957999999979,Nurture,Established Standard Customers
4558-CGYCZ,0.6860162460300318,226.17280000000025,Nurture,New Budget Customers
1796-JANOW,0.6850906970159415,107.80820000000018,Nurture,New Budget Customers
7159-FVYPK,0.6848711579815409,303.3764,Nurture,Established Standard Customers
5204-QZXPU,0.684846010880397,751.2115999999997,Nurture,New Budget Customers
2002-MZHWP,0.6824182752735635,46.34229999999993,Nurture,New Budget Customers
9947-OTFQU,0.6818787134955934,1540.1183,Nurture,Established Standard Customers
6549-NNDYT,0.6816090001335383,356.74080000000004,Nurture,New Budget Customers
6876-ADESB,0.6811777584529777,83.9862000000001,Nurture,Established Standard Customers
2075-RMJIK,0.6811762664559967,485.7044999999995,Nurture,New Budget Customers
7302-ZHMHP,0.6811004566863181,42.00269999999998,Nurture,New Budget Customers
8644-XYTSV,0.6806775249751748,1705.89,Nurture,Loyal Budget Customers
8150-QUDFX,0.6806389922327017,105.43700000000015,Nurture,New Budget Customers
2408-WITXK,0.6805318425238829,339.1149999999998,Nurture,New Budget Customers
5949-EBSQK,0.6802985611174492,345.08649999999966,Nurture,Established Standard Customers
5707-ORNDZ,0.6801335655730341,526.6117999999992,Nurture,Established Standard Customers
8168-UQWWF,0.6799771042735351,1379.9602999999997,Nurture,Established Standard Customers
0816-TSPHQ,0.6793652368575711,102.54860000000002,Nurture,New Budget Customers
4397-FRLTA,0.6793501591299557,215.85399999999987,Nurture,New Budget Customers
6645-MXQJT,0.6792704349870737,269.9378999999998,Nurture,Established Standard Customers
6135-OZQVA,0.6789051960520807,683.9890000000003,Nurture,Established Standard Customers
0366-NQSHS,0.6780525264812018,132.77640000000017,Nurture,New Budget Customers
1271-SJBGZ,0.6780381729849763,532.2478999999996,Nurture,Established Standard Customers
6621-YOBKI,0.6775924094759995,277.0392,Nurture,New Budget Customers
1024-VRZHF,0.6775593463110435,1013.6098000000011,Nurture,New Budget Customers
2782-LFZVW,0.6767316663372804,955.0488999999997,Nurture,Established Standard Customers
2507-QZPQS,0.6765779198619826,1696.9053999999992,Nurture,Established Standard Customers
9169-BSVIN,0.6764547751133435,1069.8636999999987,Nurture,Established Standard Customers
9026-LHEVG,0.6762389503113634,376.29750000000035,Nurture,New Budget Customers
5649-VUKMC,0.6760819086975564,1533.4426999999982,Nurture,Established Standard Customers
2154-KVJFF,0.6756635598158016,1764.1047999999987,Nurture,Established Standard Customers
3069-SSVSN,0.6739574233671106,26.477999999999955,Nurture,New Budget Customers
2472-OVKUP,0.6732711396137515,785.6909000000003,Nurture,Established Standard Customers
0637-YLETY,0.6732636531678426,1848.8787999999988,Nurture,Established Standard Customers
5174-RNGBH,0.6723215373047488,854.9529999999987,Nurture,Established Standard Customers
7895-VONWT,0.6720152057498262,1271.2117000000014,Nurture,Established Standard Customers
4360-PNRQB,0.6715397562706679,1650.9078,Nurture,Established Standard Customers
0928-JMXNP,0.6708213287158828,125.15489999999998,Nurture,New Budget Customers
3234-VKACU,0.6706575946128577,171.35420000000005,Nurture,New Budget Customers
6394-HHHZM,0.6706488059521225,180.72439999999995,Nurture,New Budget Customers
9305-CDSKC,0.6704957882149547,908.5931999999989,Nurture,Established Standard Customers
3030-ZKIWL,0.6702302363535414,38.110099999999946,Nurture,New Budget Customers
4958-GZWIY,0.6694924551313719,408.7371000000003,Nurture,New Budget Customers
0278-YXOOG,0.6688978305659905,294.1788000000003,Nurture,New Budget Customers
7234-KMNRQ,0.668466700419117,112.8644,Nurture,New Budget Customers
5778-BVOFB,0.668406237635798,885.2162999999991,Nurture,Established Standard Customers
1428-GTBJJ,0.6683275140442992,873.4499999999992,Nurture,Established Standard Customers
5207-PLSTK,0.6678931145041656,74.23130000000009,Nurture,Established Standard Customers
1663-MHLHE,0.6674131662626783,55.187199999999955,Nurture,New Budget Customers
4745-LSPLO,0.6673604221648255,39.80759999999995,Nurture,New Budget Customers
6490-FGZAT,0.6671333908498747,308.1321999999999,Nurture,New Budget Customers
0137-UDEUO,0.6669831998023088,151.4110000000001,Nurture,New Budget Customers
6646-JPPHA,0.6668519282807646,1601.0012999999997,Nurture,Established Standard Customers
8752-IMQOS,0.6655271179432908,117.97810000000014,Nurture,New Budget Customers
9975-SKRNR,0.6652660408761811,68.22609999999993,Nurture,New Budget Customers
1066-JKSGK,0.6651395380326972,53.97109999999992,Nurture,New Budget Customers
2898-LSJGD,0.6648900309790247,1172.0840000000014,Nurture,Established Standard Customers
3914-FDRHP,0.6644379212171265,1180.0880999999993,Nurture,Established Standard Customers
1767-TGTKO,0.6638214977433997,427.53329999999994,Nurture,New Budget Customers
9332-GYWLO,0.663566577187531,500.35880000000043,Nurture,Established Standard Customers
0673-IGUQO,0.6629160099847826,50.426199999999966,Nurture,New Budget Customers
6380-ARCEH,0.662853147945657,61.28240000000006,Nurture,New Budget Customers
7145-FEJWU,0.6627155912321293,1485.0512999999994,Nurture,Established Standard Customers
1791-PQHBB,0.66271549363866,188.40859999999984,Nurture,Established Standard Customers
3987-KQDDU,0.6623280442439736,865.1907999999992,Nurture,Established Standard Customers
5568-DMXZS,0.6619276497084318,849.4895000000001,Nurture,Established Standard Customers
4183-MYFRB,0.6614495433263992,2104.609800000002,Nurture,Established Standard Customers
5600-KTXFM,0.6596641988154337,201.03600000000003,Nurture,Established Standard Customers
7410-YTJIK,0.6593269043392668,625.7111999999993,Nurture,Established Standard Customers
4581-LNWUM,0.6588487660501113,598.9580000000002,Nurture,Established Standard Customers
3727-JEZTU,0.6587566056419706,66.54870000000007,Nurture,New Budget Customers
0778-NELLA,0.6586027164322864,294.3087999999997,Nurture,New Budget Customers
1336-EZFZY,0.6581894618423324,192.73049999999992,Nurture,New Budget Customers
1513-XNPPH,0.6579455333364413,1356.2958999999987,Nurture,Established Standard Customers
0396-HUJBP,0.6574581432841282,133.28480000000008,Nurture,New Budget Customers
9210-IAHGH,0.6560285267549839,656.1957000000001,Nurture,Established Standard Customers
8985-OOPOS,0.6557944135751571,110.01359999999984,Nurture,Established Standard Customers
5687-DKDTV,0.65493620728331,231.8852999999998,Nurture,New Budget Customers
8519-QJGJD,0.6544168766427528,1280.269900000001,Nurture,Established Standard Customers
2676-ISHSF,0.6543709125777445,49.2744999999999,Nurture,New Budget Customers
9938-EKRGF,0.6539658007945123,1417.048499999998,Nurture,Established Standard Customers
0970-QXPXW,0.6537685270866568,62.26529999999998,Nurture,New Budget Customers
6347-DCUIK,0.6527499220126157,1078.211399999999,Nurture,Established Standard Customers
5879-SESNB,0.6520181037528556,1212.136099999998,Nurture,Established Standard Customers
6377-KSLXC,0.6515125596401079,225.0253999999999,Nurture,New Budget Customers
2696-NARTR,0.6514425178003909,1269.824899999999,Nurture,Established Standard Customers
8645-KWHJO,0.650684071958502,744.7915999999993,Nurture,Established Standard Customers
3466-BYAVD,0.6506201892485427,1217.4562000000003,Nurture,Established Standard Customers
4546-FOKWR,0.6503625590485752,1406.0822999999996,Nurture,Established Standard Customers
7239-HZZCX,0.6491883573304088,49.44879999999993,Nurture,New Budget Customers
2916-BQZLN,0.6486109864018432,1762.4633999999992,Nurture,Established Standard Customers
9957-YODKZ,0.6477489769496407,580.6693999999998,Nurture,Established Standard Customers
4465-VDKIQ,0.6469561704036657,1710.924499999999,Nurture,Established Standard Customers
8410-BGQXN,0.6467675611300797,188.7225,Nurture,New Budget Customers
4132-POCZS,0.6455866211100242,2006.8010999999976,Nurture,Loyal Budget Customers
4503-BDXBD,0.6446506837932999,1067.9467999999997,Nurture,Established Standard Customers
3363-EWLGO,0.6440482031336573,289.81610000000023,Nurture,New Budget Customers
3090-LETTY,0.6436473714612246,151.96840000000012,Nurture,Established Standard Customers
8778-LMWTJ,0.6434942279462411,816.5471999999995,Nurture,Established Standard Customers
2159-TURXX,0.6434121987778364,210.54419999999993,Nurture,New Budget Customers
1724-IQWNM,0.6431886747204749,28.175500000000007,Nurture,New Budget Customers
7501-VTYLJ,0.6430984472855824,140.2297,Nurture,Established Standard Customers
3088-LHEFH,0.6423908951423498,1026.196300000001,Nurture,Established Standard Customers
0570-BFQHT,0.6418926772787328,1002.8625999999998,Nurture,Established Standard Customers
5624-BQSSA,0.6414590311811401,60.838600000000035,Nurture,New Budget Customers
9367-OIUXP,0.641457413806295,251.35079999999994,Nurture,New Budget Customers
8096-LOIST,0.6410100547270612,1803.167899999998,Nurture,Established Standard Customers
4468-YDOVK,0.6401926222773043,307.94970000000035,Nurture,Established Standard Customers
9103-TCIHJ,0.6400815624540008,1456.9447000000007,Nurture,Established Standard Customers
2971-SGAFL,0.6396198056322929,1522.030399999999,Nurture,Established Standard Customers
3096-IZETN,0.6394953482301156,1464.3273999999985,Nurture,Established Standard Customers
4013-TLDHQ,0.6392867386224009,1844.3525000000022,Nurture,Established Standard Customers
6240-EURKS,0.639234687652698,600.2730000000001,Nurture,New Budget Customers
1769-GRUIK,0.6389419411098841,1465.5331999999971,Nurture,Established Standard Customers
4929-XIHVW,0.6388583649668258,249.70239999999995,Nurture,Established Standard Customers
4115-NZRKS,0.6360584011303975,707.0400999999998,Nurture,Established Standard Customers
9103-CXVOK,0.6352797680689697,50.222400000000036,Nurture,New Budget Customers
3878-AVSOQ,0.6347393744702554,97.0916,Nurture,Established Standard Customers
4817-QRJSX,0.6346073278767248,1314.4884999999986,Nurture,Established Standard Customers
9254-RBFON,0.634601656272804,1816.4893000000002,Nurture,Established Standard Customers
5919-VCZYM,0.6331774902214334,129.59890000000001,Nurture,New Budget Customers
7766-CLTIC,0.6323485657908995,724.3684000000007,Nurture,Established Standard Customers
4931-TRZWN,0.6321292188927999,1071.0706000000016,Nurture,Established Standard Customers
6231-WFGFH,0.6312301591866908,101.07980000000005,Nurture,New Budget Customers
5183-SNMJQ,0.6306102071256303,1331.64,Nurture,Established Standard Customers
7242-QZLXF,0.6294658176146465,44.69100000000003,Nurture,New Budget Customers
6178-KFNHS,0.6290681810861015,1368.2381000000014,Nurture,Established Standard Customers
1518-VOWAV,0.6283458262871857,1010.8275999999986,Nurture,Established Standard Customers
8773-HHUOZ,0.6274480063722855,1832.237900000001,Nurture,Established Standard Customers
8775-CEBBJ,0.6259191487613287,791.3709000000001,Nurture,New Budget Customers
7901-HXJVA,0.6256725631249437,1325.2681000000018,Nurture,Established Standard Customers
1853-ARAAQ,0.6256099559584632,1250.9372,Nurture,Established Standard Customers
9700-ISPUP,0.6255705559640103,897.3147000000013,Nurture,Established Standard Customers
5515-RUGKN,0.6255037617975324,691.6763000000002,Nurture,Established Standard Customers
4256-ZWTZI,0.6243516445157201,477.6766999999997,Nurture,New Budget Customers
8443-WVPSS,0.6240862086312958,1394.0792999999994,Nurture,Established Standard Customers
2309-OSFEU,0.6238654991862114,324.74380000000036,Nurture,New Budget Customers
5146-CBVOE,0.6234869902623716,1829.8754000000017,Nurture,Established Standard Customers
6692-YQHXC,0.6225475946945379,1644.4379000000015,Nurture,Established Standard Customers
9540-JYROE,0.6219038033170728,669.5612999999992,Nurture,Established Standard Customers
5108-ADXWO,0.6212305153594555,1205.6735999999978,Nurture,Established Standard Customers
5701-SVCWR,0.620945795488814,55.61389999999996,Nurture,New Budget Customers
7562-UXTPG,0.6190313260719634,1296.1877999999995,Nurture,Established Standard Customers
3969-GYXEL,0.6190265190137506,1208.498199999999,Nurture,Established Standard Customers
1329-VHWNP,0.6163013165277532,189.4790000000003,Nurture,New Budget Customers
0106-GHRQR,0.6158673191574997,1615.531399999999,Nurture,Established Standard Customers
4547-LYTDD,0.6149602027999467,1916.4640000000034,Nurture,Established Standard Customers
5156-UMKOW,0.614352880212793,90.34710000000003,Nurture,New Budget Customers
8802-UNOJF,0.613296352381085,1398.6827999999996,Nurture,Established Standard Customers
0958-YHXGP,0.6129230963472155,720.3909000000002,Nurture,Established Standard Customers
6184-DYUOB,0.6126414001212903,186.33960000000022,Nurture,New Budget Customers
0430-IHCDJ,0.6119443662826176,906.6826999999996,Nurture,New Budget Customers
4797-AXPXK,0.6110964637407432,116.7125999999998,Nurture,Established Standard Customers
2257-BOVXD,0.6109033687446959,1268.196500000002,Nurture,Established Standard Customers
2219-MVUSO,0.6103834162801512,693.2634999999995,Nurture,New Budget Customers
1355-KUSBG,0.6095051426262987,418.1089,Nurture,New Budget Customers
1784-BXEFA,0.6094031959725722,295.0474000000002,Nurture,New Budget Customers
1205-WNWPJ,0.6092296911277225,448.3617999999998,Nurture,Established Standard Customers
7000-WCEVQ,0.6088006438752461,1832.564199999998,Nurture,Established Standard Customers
7758-XKCBS,0.6087677605958188,502.61910000000006,Nurture,New Budget Customers
3058-WQDRE,0.6087209249705018,306.2327999999997,Nurture,New Budget Customers
1346-UFHAX,0.6084949205313289,1485.8756000000024,Nurture,Established Standard Customers
1077-HUUJM,0.6082085768812941,702.9732999999993,Nurture,Established Standard Customers
6927-WTFIV,0.6072413892275652,1570.3194999999978,Nurture,Established Standard Customers
6469-QJKZW,0.6071965934098573,248.03870000000003,Nurture,New Budget Customers
6158-DWPZT,0.6068345919873176,251.8608999999997,Nurture,New Budget Customers
2157-MXBJS,0.6066088462193537,1505.9646999999989,Nurture,Established Standard Customers
9962-BFPDU,0.6062545172872942,36.196000000000026,Nurture,New Budget Customers
0463-ZSDNT,0.6059250849524974,865.6399000000002,Nurture,Established Standard Customers
2187-LZGPL,0.6050909968602239,295.4094999999996,Nurture,Established Standard Customers
8630-FJLIB,0.6049017299861598,1853.2416999999987,Nurture,Established Standard Customers
0603-OLQDC,0.6047333016821423,1171.834599999998,Nurture,Established Standard Customers
1379-FRVEB,0.6046659517805598,1889.1350000000011,Nurture,Established Standard Customers
4226-KKDON,0.6042330610239526,786.7833000000003,Nurture,Established Standard Customers
3665-JATSN,0.6040769063516275,792.8508000000006,Nurture,New Budget Customers
0701-TJSEF,0.6036781692581096,891.3455000000008,Nurture,Established Standard Customers
2123-AGEEN,0.6028550299887158,770.1318000000001,Nurture,Established Standard Customers
6537-QLGEX,0.6016446400737951,667.8343000000006,Nurture,New Budget Customers
7845-URHJN,0.6004547657182161,245.95799999999986,Nurture,New Budget Customers
6345-HOVES,0.6002408658293202,857.3778999999992,Nurture,Loyal Budget Customers
9842-EFSYY,0.598065490319766,228.42469999999994,Nurture,Established Standard Customers
9584-EXCDZ,0.5975746719223879,1875.7855999999974,Nurture,Established Standard Customers
6227-HWPWX,0.5971862833320316,1133.9132000000013,Nurture,Established Standard Customers
2947-DOMLJ,0.5966372834699383,61.51490000000003,Nurture,Established Standard Customers
9578-VRMNM,0.5957886196236942,1838.8933999999995,Nurture,Established Standard Customers
8496-EJAUI,0.5951338162562165,1574.4177999999997,Nurture,Established Standard Customers
8614-VGMMV,0.59491128848229,851.3869999999989,Nurture,New Budget Customers
2694-CIUMO,0.5948513284849505,1221.6411000000016,Nurture,Established Standard Customers
4640-UHDOS,0.5945208383604673,1006.7441000000002,Nurture,Established Standard Customers
3420-ZDBMA,0.5940915039571497,446.4059,Nurture,Established Standard Customers
1871-MOWRM,0.5940868842396434,1099.4829000000013,Nurture,Established Standard Customers
1907-YLNYW,0.5936955084446103,887.2953999999996,Nurture,Established Standard Customers
4690-LLKUA,0.5936935525243227,1591.6763999999985,Nurture,New Budget Customers
9432-VOFYX,0.5935192706996609,1801.5374999999997,Nurture,Established Standard Customers
8679-JOEVF,0.5926900050071948,1684.3118000000002,Nurture,Established Standard Customers
1849-RJYIG,0.5924266648452859,856.9133000000003,Nurture,Established Standard Customers
7798-JVXYM,0.5917507135470988,1441.7885999999987,Nurture,Established Standard Customers
2957-LOLHO,0.5915844377187922,673.8206999999986,Nurture,New Budget Customers
5609-IMCGG,0.5909325679374069,1384.405899999999,Nurture,Established Standard Customers
7319-VENRZ,0.5909220851518695,705.4789999999999,Nurture,Established Standard Customers
3807-XHCJH,0.5905494450539265,26.93049999999999,Nurture,New Budget Customers
3374-LXDEV,0.5898246843580706,1283.5157000000006,Nurture,Established Standard Customers
0587-DMGBH,0.5897377923222894,674.8858000000004,Nurture,New Budget Customers
1228-ZLNBX,0.5886535418936811,1692.9584000000018,Nurture,Established Standard Customers
6834-NXDCA,0.5882595129740814,316.63899999999956,Nurture,New Budget Customers
5895-QSXOD,0.5876045383854793,1071.4652000000003,Nurture,Established Standard Customers
5035-BVCXS,0.5872565240671349,984.8224999999989,Nurture,Established Standard Customers
1596-OQSPS,0.5871768313415916,598.787999999999,Nurture,Established Standard Customers
9294-TDIPC,0.5865770221793307,162.2404000000001,Nurture,New Budget Customers
9314-IJWSQ,0.5864413789500373,1546.1981999999996,Nurture,Established Standard Customers
6854-EXGSF,0.5863840865798137,622.1772999999997,Nurture,Established Standard Customers
5537-UXXVS,0.5862740487045887,1345.1483000000014,Nurture,New Budget Customers
7746-AWNQW,0.585437304134891,1003.6569999999999,Nurture,New Budget Customers
4116-TZAQJ,0.585237759392639,797.6868999999996,Nurture,Established Standard Customers
2122-YWVYA,0.5849428960692273,1660.906199999999,Nurture,Established Standard Customers
4729-XKASR,0.584695164137489,26.4584,Nurture,New Budget Customers
4343-EJVQB,0.5845726930117032,551.3618000000002,Nurture,Established Standard Customers
3677-TNKIO,0.5830978403799784,1422.5824000000005,Nurture,Established Standard Customers
7421-ZLUPA,0.5826700108949928,226.44520000000034,Nurture,New Budget Customers
1047-NNCBF,0.5818104657030283,1605.8417999999992,Nurture,Established Standard Customers
0156-FVPTA,0.580564008276414,1850.4639000000018,Nurture,Established Standard Customers
2843-CQMEG,0.5803303138625462,1368.2917999999988,Nurture,Established Standard Customers
4361-JEIVL,0.580275557175829,53.43799999999998,Nurture,New Budget Customers
9050-IKDZA,0.5802284454200506,212.99030000000025,Nurture,Established Standard Customers
0621-TWIEM,0.5794857116741305,925.4233999999998,Nurture,Established Standard Customers
8807-ARQET,0.578150587964854,1713.2725000000023,Nurture,Loyal Budget Customers
9530-EHPOH,0.5769807512575875,748.1983999999995,Nurture,Established Standard Customers
5133-VRSAB,0.5752948283537913,224.97220000000038,Nurture,New Budget Customers
1310-QRITU,0.5749967119084031,1606.4349999999986,Nurture,New Budget Customers
5698-BQJOH,0.5742728674322685,1116.5096999999994,Nurture,Established Standard Customers
3223-DWFIO,0.5741826081053618,382.28999999999974,Nurture,Established Standard Customers
8309-IEYJD,0.5739071488442973,129.32729999999984,Nurture,Established Standard Customers
9643-YBLUR,0.5738345191799286,912.9101999999999,Nurture,Established Standard Customers
4080-OGPJL,0.5732796891101893,934.1404999999999,Nurture,Established Standard Customers
0578-SKVMF,0.5730379374870312,1968.8013999999985,Nurture,Established Standard Customers
4468-KAZHE,0.5714324685438882,1472.0048999999992,Nurture,Established Standard Customers
3156-QLHBO,0.5705900831475654,91.31489999999997,Nurture,New Budget Customers
2851-MMUTZ,0.5704709084844976,1511.8391000000006,Nurture,Established Standard Customers
3256-EZDBI,0.5692782406736765,1457.4929000000016,Nurture,Loyal Budget Customers
4450-YOOHP,0.5674981224278624,1907.346900000003,Nurture,Established Standard Customers
1689-YQBYY,0.5671254326167637,1239.088899999999,Nurture,Established Standard Customers
6713-OKOMC,0.566274222689357,308.63070000000016,Nurture,New Budget Customers
5057-LCOUI,0.5660398230386622,1975.0303999999994,Nurture,Established Standard Customers
9272-LSVYH,0.5657139250537238,783.3991999999997,Nurture,Established Standard Customers
3694-DELSO,0.5653499708896754,159.47030000000018,Nurture,New Budget Customers
1391-UBDAR,0.5643052740906402,984.5928000000008,Nurture,Established Standard Customers
2320-SLKMB,0.5639343051985033,1188.6611000000014,Nurture,Established Standard Customers
5392-AKEMH,0.5633117498301291,920.2182000000003,Nurture,New Budget Customers
8263-OKETD,0.5631341403526705,1863.221700000001,Nurture,Established Standard Customers
4719-UMSIY,0.5630252727326488,203.95340000000004,Nurture,New Budget Customers
7356-AYNJP,0.5627625567668321,125.89010000000006,Nurture,New Budget Customers
1614-JBEBI,0.5623471834158369,363.4659000000002,Nurture,New Budget Customers
1703-MGIAB,0.5619174598137829,1233.6591000000014,Nurture,Established Standard Customers
7459-RRWQZ,0.5615298215692728,1710.0726000000025,Nurture,Established Standard Customers
4854-CIDCF,0.5611743547633148,345.71389999999957,Nurture,Established Standard Customers
8559-CIZFV,0.5605459698939843,2068.6267999999977,Nurture,Established Standard Customers
3018-TFTSU,0.5604214486814946,1131.4898000000017,Nurture,Established Standard Customers
3629-WEAAM,0.5602535195213629,859.5521000000001,Nurture,Established Standard Customers
6143-JQKEA,0.5592186454200414,707.9986999999994,Nurture,New Budget Customers
7041-TXQJH,0.5582184179101413,1498.5365000000018,Nurture,Loyal Budget Customers
3645-DEYGF,0.5579691043164473,27.690799999999985,Nurture,New Budget Customers
6416-YJTTB,0.5577727803977569,928.0208999999986,Nurture,Established Standard Customers
4570-QHXHL,0.557738407190556,782.5898000000001,Nurture,New Budget Customers
5402-HTOTQ,0.5549588339596658,991.9589000000011,Nurture,Established Standard Customers
2656-FMOKZ,0.5548164733543659,1792.3285,Nurture,Established Standard Customers
6253-WRFHY,0.5545885801413151,1075.5567999999998,Nurture,Established Standard Customers
5433-KYGHE,0.5541812864964296,1783.7886000000021,Nurture,Established Standard Customers
8981-FJGLA,0.5533931624169302,1345.7841999999987,Nurture,Established Standard Customers
1636-NTNCO,0.5533295732449807,200.57599999999994,Nurture,Established Standard Customers
1600-DILPE,0.5527002815652995,1043.1621000000007,Nurture,New Budget Customers
3197-ARFOY,0.5515412951860563,2070.371099999998,Nurture,Established Standard Customers
6505-OZNPG,0.5513947811567769,366.95749999999987,Nurture,Established Standard Customers
2277-VWCNI,0.5504178896744395,350.60640000000024,Nurture,New Budget Customers
2739-CCZMB,0.5488933914390185,141.3989000000001,Nurture,New Budget Customers
4950-BDEUX,0.5484217207027139,1788.5266000000015,Nurture,Established Standard Customers
7410-OIEDU,0.5480968827971275,1337.055099999998,Nurture,Established Standard Customers
4860-IJUDE,0.547109785854494,1352.2045999999975,Nurture,Established Standard Customers
8445-DNBAE,0.5470331480639674,93.3623000000001,Nurture,New Budget Customers
4003-FUSHP,0.5458682342022795,1945.5698000000002,Nurture,Established Standard Customers
0733-VUNUW,0.5455385439478255,1584.6863000000003,Nurture,Established Standard Customers
1626-ERCMM,0.5449482071278001,2048.6379000000024,Nurture,Established Standard Customers
0623-IIHUG,0.5447590659027354,751.9555,Nurture,New Budget Customers
1658-TJVOA,0.5442041717033987,534.8380999999994,Nurture,Established Standard Customers
5424-RLQLC,0.5413883074423692,733.3712999999999,Nurture,Established Standard Customers
2410-CIYFZ,0.5413122307907778,138.8269999999998,Nurture,New Budget Customers
3426-NIYYL,0.540590831439483,852.725,Nurture,New Budget Customers
3808-HFKDE,0.5388628159224216,1089.490499999999,Nurture,New Budget Customers
4223-WOZCM,0.5387112913446526,178.65840000000026,Nurture,Established Standard Customers
0581-BXBUB,0.5385404181347705,432.82269999999994,Nurture,Established Standard Customers
5309-TAIKL,0.5354041733308115,475.30010000000067,Nurture,Established Standard Customers
7016-BPGEU,0.5346829549158679,751.2652999999997,Nurture,New Budget Customers
2139-FQHLM,0.5346760927784758,1867.6381999999999,Nurture,Established Standard Customers
0749-IRGQE,0.5345479966354353,525.6149999999994,Nurture,Established Standard Customers
4785-NKHCX,0.5332623413792582,252.44339999999974,Nurture,New Budget Customers
2303-PJYHN,0.5325304149950575,116.56720000000021,Nurture,New Budget Customers
8791-GFXLZ,0.5318714336723598,1132.2852000000012,Nurture,Established Standard Customers
3891-PUQOD,0.5316881294726317,72.94449999999998,Nurture,Established Standard Customers
8064-RAVOH,0.5313894567476677,91.61569999999992,Nurture,Established Standard Customers
0247-SLUJI,0.5311013878239851,54.27239999999993,Nurture,New Budget Customers
4718-DHSMV,0.5305100258138626,409.4326999999997,Nurture,New Budget Customers
7742-MYPGI,0.5302400448685166,580.4653000000008,Nurture,Established Standard Customers
3737-GCSPV,0.5298894151887384,1311.3051999999998,Nurture,Established Standard Customers
5590-ZSKRV,0.5290591012989727,775.8352,Nurture,Established Standard Customers
8242-JSVBO,0.5273252796982312,531.9437000000003,Nurture,New Budget Customers
2911-UREFD,0.5265725302305702,2098.995600000002,Nurture,Loyal Premium Customers
3407-QGWLG,0.5263876521040243,184.43259999999998,Nurture,New Budget Customers
0719-SYFRB,0.5261932009586101,1201.196900000001,Nurture,Established Standard Customers
8544-GOQSH,0.5243758857656166,1140.4667000000022,Nurture,Established Standard Customers
1383-EZRWL,0.5241572515830589,489.4581999999996,Nurture,New Budget Customers
2433-KMEAS,0.5235272196710418,1451.3060999999996,Nurture,Established Standard Customers
9575-IWCAZ,0.5230732153573885,379.19209999999987,Nurture,New Budget Customers
4459-BBGHE,0.5216850445850126,1291.7814000000017,Nurture,Established Standard Customers
0208-BPQEJ,0.5210640411868462,313.62969999999973,Nurture,New Budget Customers
2828-SLQPF,0.5209614862938173,1423.0798999999984,Nurture,New Budget Customers
9420-LOJKX,0.5208192130836166,1651.9668000000001,Nurture,Established Standard Customers
5349-AZPEW,0.5201292990338615,128.62600000000003,Nurture,New Budget Customers
7874-ECPQJ,0.519812075347243,197.33309999999972,Nurture,New Budget Customers
9342-VNIMQ,0.5196042278643787,2007.875300000002,Nurture,Established Standard Customers
9367-WXLCH,0.519418046809057,903.5648999999999,Nurture,Established Standard Customers
8148-BPLZQ,0.5180051399018892,2080.2393999999995,Nurture,Loyal Budget Customers
6410-LEFEN,0.5178167876036518,606.2860999999995,Nurture,New Budget Customers
1432-FPAXX,0.5171117775157228,871.9699,Nurture,New Budget Customers
1064-FBXNK,0.5162577502024452,67.29820000000007,Nurture,New Budget Customers
1442-BQPVU,0.5142595407118083,346.3804000000005,Nurture,New Budget Customers
1559-DTODC,0.5134677777145331,471.4479999999996,Nurture,New Budget Customers
9396-ZSFLL,0.5133877525382426,866.0815999999993,Nurture,New Budget Customers
4623-ZKHLY,0.5115693524858587,943.4923000000007,Nurture,New Budget Customers
5445-GLVOT,0.5088189178842014,1974.9109000000014,Nurture,Established Standard Customers
1976-AZZPJ,0.5071280422064021,258.0013999999997,Nurture,New Budget Customers
6339-DKLMK,0.5058368871295127,374.9063000000002,Nurture,New Budget Customers
4524-QCSSM,0.5055715958631901,1211.6715000000002,Nurture,Established Standard Customers
0628-CNQRM,0.5051777179730823,1970.7270999999976,Nurture,Established Standard Customers
3689-MOZGR,0.5050743859560066,918.8516999999991,Nurture,New Budget Customers
5527-ACHSO,0.5039675945941038,1286.5281999999984,Nurture,Established Standard Customers
5311-IHLEI,0.5024395871433655,581.7718999999998,Nurture,Established Standard Customers
7950-XWOVN,0.5024364083601325,488.4230999999994,Nurture,New Budget Customers
4237-CLSMM,0.502295212310964,105.94480000000016,Nurture,New Budget Customers
9163-GHAYE,0.5021427764058835,1230.9282,Nurture,Established Standard Customers
6729-GDNGC,0.5006847496147325,2053.663,Nurture,Established Standard Customers
1208-DNHLN,0.5000696994052233,1278.4763000000012,Nurture,New Budget Customers
8066-POXGX,0.49895626228552264,406.1169999999997,Nurture,New Budget Customers
7044-YAACC,0.49808016378822173,281.31000000000023,Nurture,Established Standard Customers
0872-JCPIB,0.4966885299176912,1914.8556000000017,Nurture,Established Standard Customers
1585-MQSSU,0.4960425050001331,1643.861599999998,Nurture,Established Standard Customers
6038-GCYEC,0.49594406109562233,1276.5634000000002,Nurture,Established Standard Customers
5606-AMZBO,0.4944938163686988,1168.0708999999986,Nurture,Established Standard Customers
3797-FKOGQ,0.49337084300612283,987.0040000000013,Nurture,Established Standard Customers
4828-FAZPK,0.49259818344333867,1956.169099999999,Nurture,Established Standard Customers
9763-GRSKD,0.4923223880657524,1097.5931999999984,Nurture,New Budget Customers
5839-SUYVZ,0.4920556427172514,1817.4820999999984,Nurture,Established Standard Customers
5630-AHZIL,0.4909742998790824,338.76589999999976,Nurture,Established Standard Customers
9474-PHLYD,0.49073734557435683,1466.2250000000006,Nurture,Established Standard Customers
8158-WPEZG,0.49054229027077034,428.11369999999937,Nurture,New Budget Customers
4929-ROART,0.48936153291192536,1588.6659999999995,Nurture,Established Standard Customers
9364-YKUVW,0.48855548563581147,539.9485999999994,Nurture,New Budget Customers
3750-YHRYO,0.48725238483036154,319.3217,Nurture,New Budget Customers
8272-ONJLV,0.48712888942538113,1732.2173999999993,Nurture,Established Standard Customers
6133-OZILE,0.4869736949046262,608.8036,Nurture,New Budget Customers
6878-GGDWG,0.48495091152600256,1049.133200000001,Nurture,New Budget Customers
2155-AMQRX,0.48481646134726064,1592.3108999999977,Nurture,Established Standard Customers
7603-USHJS,0.48384742352973786,1048.0442999999993,Nurture,Established Standard Customers
2709-UQGNP,0.48383688414184467,989.880499999999,Nurture,Established Standard Customers
8455-HIRAQ,0.483329181686443,464.18270000000047,Nurture,New Budget Customers
2604-XVDAM,0.48216496111181584,647.927199999999,Nurture,New Budget Customers
1465-WCZVT,0.48148604207375645,151.39670000000007,Nurture,New Budget Customers
8182-PNAGI,0.48086262646621053,1201.8938000000016,Nurture,New Budget Customers
5780-INQIK,0.48021289039551096,575.2468999999995,Nurture,Established Standard Customers
2178-PMGCJ,0.4796502944719655,1884.7301999999984,Nurture,Established Standard Customers
1179-INLAT,0.4785358328138797,80.43600000000009,Nurture,New Budget Customers
4439-YRNVD,0.47791264586060694,377.86069999999995,Nurture,New Budget Customers
8467-WYNSR,0.47789828072614476,2074.4896000000003,Nurture,Established Standard Customers
3873-NFTGI,0.4759624596515849,1034.1804,Nurture,Established Standard Customers
6185-TASNN,0.47524175510893873,57.76650000000006,Nurture,New Budget Customers
7610-TVOPG,0.4731777388836019,492.4923000000001,Nurture,New Budget Customers
4987-GQWPO,0.47206675603267173,418.23140000000006,Nurture,New Budget Customers
1803-BGNBD,0.47046216315253725,1121.9841000000008,Nurture,Established Standard Customers
0347-UBKUZ,0.46961427093081787,374.17440000000016,Nurture,New Budget Customers
0750-EKNGL,0.46923865041746965,478.96180000000015,Nurture,New Budget Customers
5766-XQXMQ,0.4691625028855228,2092.323599999997,Nurture,Established Standard Customers
6214-EDAKZ,0.46878518451083945,1379.6082000000004,Nurture,Established Standard Customers
4801-JZAZL,0.46864198739749996,328.1692999999996,Nurture,New Budget Customers
4283-IVYCI,0.4681148158000925,894.1222,Nurture,Established Standard Customers
6620-JDYNW,0.4680104514207377,1299.8734000000004,Nurture,Established Standard Customers
4338-EYCER,0.4671140526201653,1550.2500000000014,Nurture,Established Standard Customers
4160-AMJTL,0.46625382123772396,385.3201000000005,Nurture,New Budget Customers
8887-IPQNC,0.4647850884772857,548.9396000000003,Nurture,New Budget Customers
7797-EJMDP,0.4647295630129943,844.0594000000004,Nurture,Established Standard Customers
4923-ADWXJ,0.4646340328008528,1733.7006999999974,Nurture,Established Standard Customers
8404-VLQFB,0.4632416385768777,718.1424000000001,Nurture,New Budget Customers
4307-KWMXE,0.4619489881466326,388.81819999999993,Nurture,New Budget Customers
7508-SMHXL,0.4609657496204092,1388.5804000000012,Nurture,Established Standard Customers
1345-GKDZZ,0.4604301327091255,236.41629999999986,Nurture,New Budget Customers
1577-HKTFG,0.46038044576930814,1022.6603000000002,Nurture,New Budget Customers
5939-XAIXZ,0.45935629768295766,1705.6079999999981,Nurture,Established Standard Customers
9504-DSHWM,0.45891448593471756,1987.7047999999995,Nurture,Established Standard Customers
8292-TYSPY,0.4587844652439665,1133.5373999999993,Nurture,Established Standard Customers
9327-QSDED,0.4587616832861846,412.3501,Nurture,New Budget Customers
5016-ETTFF,0.45859301219094206,301.3490999999999,Nurture,New Budget Customers
9560-ARGQJ,0.4582876218152032,1466.6552999999983,Nurture,New Budget Customers
7017-VFULY,0.45692600853602217,108.08100000000009,Nurture,New Budget Customers
1958-RNRKS,0.4557457460722466,1703.6485999999998,Nurture,New Budget Customers
2817-NTQDO,0.4556956401085137,586.8167999999998,Nurture,Established Standard Customers
9903-LYSAB,0.454902062899143,1615.9235999999999,Nurture,Established Standard Customers
7074-STDCN,0.45472974718495557,1544.4087000000002,Nurture,Loyal Budget Customers
3703-TTEPD,0.4546618047052122,1817.5712000000003,Nurture,Established Standard Customers
4646-QZXTF,0.4541010732268454,631.6279000000002,Nurture,Established Standard Customers
7311-MQJCH,0.4537426625161478,296.7020000000004,Nurture,New Budget Customers
5438-QMDDL,0.45320764962172827,1283.1729000000016,Nurture,Established Standard Customers
4116-IQRFR,0.4510347743802274,138.77329999999986,Nurture,New Budget Customers
6288-LBEAR,0.450560139292474,2112.0900000000033,Nurture,Established Standard Customers
4452-QIIEB,0.45027275019065255,513.3901000000002,Nurture,New Budget Customers
3640-JQGJG,0.4496284194217577,754.270900000001,Nurture,New Budget Customers
7521-YXVZY,0.4493943065851284,78.2166,Nurture,New Budget Customers
6258-NGCNG,0.4485738113745563,195.79860000000005,Nurture,New Budget Customers
2739-CACDQ,0.44765093002093775,1522.1508000000024,Nurture,Established Standard Customers
7285-KLOTR,0.4476063893272032,1222.5150000000012,Nurture,Established Standard Customers
6036-TTFYU,0.44758772433535604,1058.6458000000002,Nurture,New Budget Customers
9512-PHSMG,0.44542474601227794,339.25120000000027,Nurture,New Budget Customers
1218-VKFPE,0.4453385214117098,476.02869999999973,Nurture,New Budget Customers
9505-SQFSW,0.4440802808400317,104.24390000000001,Nurture,Established Standard Customers
4701-MLJPN,0.44363138394720253,1791.052799999998,Nurture,Established Standard Customers
3580-REOAC,0.4434965118682204,935.5764999999988,Nurture,New Budget Customers
2011-TRQYE,0.44339524361728516,595.1789999999997,Nurture,New Budget Customers
5141-ZUVBH,0.4430510123586164,1257.955099999999,Nurture,Established Standard Customers
6789-HJBWG,0.4430428690083001,888.4547000000007,Nurture,New Budget Customers
9027-YFHQJ,0.4417383059445708,463.00790000000035,Nurture,New Budget Customers
2091-MJTFX,0.44129273959995624,1379.8625000000002,Nurture,Established Standard Customers
7270-BDIOA,0.4404036334447091,2065.226900000001,Nurture,New Budget Customers
9873-MNDKV,0.440113010400477,816.0506999999999,Nurture,New Budget Customers
7966-YOTQW,0.43880034052549743,925.8665000000001,Nurture,Established Standard Customers
1658-BYGOY,0.43874647633954633,1873.8519000000013,Nurture,Established Standard Customers
4672-FOTSD,0.43806092073668124,1378.0992999999999,Nurture,Established Standard Customers
8003-EWNDZ,0.43797115343930854,318.29790000000014,Nurture,New Budget Customers
9415-TPKRV,0.4374110528476334,545.0595000000005,Nurture,Established Standard Customers
0567-GGCAC,0.43696526128122437,547.3531999999997,Nurture,Established Standard Customers
6137-NICCO,0.43674776907841517,813.0267000000001,Nurture,Established Standard Customers
3589-PPVKW,0.43669938841136796,733.2104,Nurture,New Budget Customers
9979-RGMZT,0.4360839594495246,907.8124000000005,Nurture,Established Standard Customers
4706-DGAHW,0.4358862803176751,95.43250000000006,Nurture,New Budget Customers
9537-VHDTA,0.4343196865049036,60.561200000000014,Nurture,Established Standard Customers
8720-RQSBJ,0.43421976323612954,77.02129999999998,Nurture,New Budget Customers
0804-XBFBV,0.4338407266322574,292.0187,Nurture,New Budget Customers
0117-LFRMW,0.4324319496304325,1483.9114000000004,Nurture,Loyal Budget Customers
1629-DQQVB,0.43166805485742116,1249.503200000001,Nurture,Established Standard Customers
9152-AMKAK,0.4312165318341964,640.5694999999993,Nurture,Established Standard Customers
2346-DJQTB,0.4311794455893443,871.2597000000001,Nurture,Loyal Budget Customers
4819-HJPIW,0.43091112517298286,470.6529000000004,Nurture,New Budget Customers
6344-SFJVH,0.4307192708834133,537.5298999999994,Nurture,New Budget Customers
1324-NLTJE,0.43037886189970076,1033.514999999999,Nurture,Established Standard Customers
1755-RMCXH,0.4290247167981981,57.18250000000001,Nurture,New Budget Customers
4291-HPAXL,0.42890218812236924,48.97559999999994,Nurture,New Budget Customers
7634-WSWDB,0.4282958208394661,332.6283000000001,Nurture,Established Standard Customers
1623-NLDOT,0.42801244989732373,1460.0695000000005,Nurture,Loyal Budget Customers
5186-EJEGL,0.42763609755861764,961.2176999999996,Nurture,Established Standard Customers
2740-JFBOK,0.4265586174494474,273.0313000000004,Nurture,New Budget Customers
1453-RZFON,0.4255293788094076,58.44909999999997,Nurture,Established Standard Customers
7750-EYXWZ,0.4254789811067461,709.6165999999997,Nurture,Established Standard Customers
6549-YMFAW,0.42547582172682763,222.3995000000002,Nurture,New Budget Customers
3587-PMCOY,0.42523414413864685,1483.6787,Nurture,Established Standard Customers
9708-HPXWZ,0.42477520120503925,211.76390000000006,Nurture,Established Standard Customers
7876-BEUTG,0.4246857342868817,1131.5521999999987,Nurture,New Budget Customers
1735-XMJVH,0.42347711643603625,430.08729999999997,Nurture,New Budget Customers
7395-XWZOY,0.4233253801370884,1161.8405000000012,Nurture,Established Standard Customers
5619-XZZKR,0.42305991613354743,104.74809999999998,Nurture,New Budget Customers
6598-RFFVI,0.42275661077698024,64.05820000000008,Nurture,New Budget Customers
6217-TOWGS,0.4215996685575913,1519.4466999999995,Nurture,Established Standard Customers
5843-TTHGI,0.4213857392298917,1238.8208999999997,Nurture,New Budget Customers
2810-FTLEM,0.4195693632243665,1050.773500000002,Nurture,Established Standard Customers
8944-AILEF,0.4175887619065954,933.0676999999986,Nurture,New Budget Customers
8295-FHIVV,0.41610708258463963,224.8568999999998,Nurture,New Budget Customers
5206-HPJKM,0.41501437967674576,1518.6061000000007,Nurture,Established Standard Customers
4501-VCPFK,0.4150094722006925,1000.4040000000001,Nurture,New Budget Customers
3845-JHAMY,0.4147698579445582,599.2112000000001,Nurture,New Budget Customers
8229-MYEJZ,0.4147065440425268,971.1885000000009,Nurture,Established Standard Customers
9546-KDTRB,0.41285142747481135,667.1991000000003,Nurture,New Budget Customers
2484-DGXPZ,0.41178342063752016,1566.8961999999988,Nurture,New Budget Customers
2791-SFVEW,0.41172537190086395,534.2379999999995,Nurture,New Budget Customers
1552-TKMXS,0.4114808555205702,1105.6568000000004,Nurture,Loyal Budget Customers
2908-ZTPNF,0.41121156704446127,1258.8299999999988,Nurture,Loyal Budget Customers
3638-DIMPH,0.41114544891608185,975.6705999999999,Nurture,New Budget Customers
3948-XHGNA,0.4108140701251594,1591.3435999999992,Nurture,Established Standard Customers
0228-MAUWC,0.4104469619049884,1331.1594000000002,Nurture,Established Standard Customers
4905-JEFDW,0.4093226725303426,447.79049999999967,Nurture,New Budget Customers
1360-RCYRT,0.4087631712672667,691.6478999999999,Nurture,New Budget Customers
6630-UJZMY,0.4081943176515674,365.4485000000001,Nurture,Established Standard Customers
2070-FNEXE,0.4080945990080803,698.998899999999,Nurture,Established Standard Customers
2229-VWQJH,0.4069007282128971,1348.4713999999979,Nurture,Established Standard Customers
2458-EOMRE,0.405365565044728,1242.4933999999985,Nurture,Established Standard Customers
2946-KIQSP,0.40482011741467566,1209.4430000000011,Nurture,Loyal Budget Customers
0003-MKNFE,0.4039109265238919,600.2623999999993,Nurture,New Budget Customers
2858-MOFSQ,0.40286335573906373,1383.2121000000004,Nurture,Established Standard Customers
6865-JZNKO,0.40176199074508934,2080.1810999999984,Nurture,Established Standard Customers
4541-RMRLG,0.4008779558590482,196.3641,Nurture,New Budget Customers
8909-BOLNL,0.4000412647772336,99.06020000000001,Nurture,New Budget Customers
1399-UBQIU,0.399988778609379,841.9423999999996,Nurture,New Budget Customers
9512-UIBFX,0.3997856296652271,1789.2358,Nurture,Established Standard Customers
8111-BKVDS,0.3996902613586962,438.32480000000004,Nurture,Established Standard Customers
5995-OIGLP,0.3978349248103331,770.5949999999998,Nurture,Established Standard Customers
4177-JPDFU,0.3975442374396586,435.1401999999998,Nurture,New Budget Customers
7619-ODSGN,0.39605255950829654,1739.2909000000009,Nurture,Established Standard Customers
3863-IUBJR,0.39598654235037956,1016.3136000000012,Nurture,Established Standard Customers
9820-RMCQV,0.39477279273313276,842.9614999999999,Nurture,New Budget Customers
4712-AUQZO,0.3945708656864847,576.6352999999995,Nurture,New Budget Customers
1641-BYBTK,0.3944397582468955,212.54560000000012,Nurture,New Budget Customers
2782-JEEBU,0.39419644481792326,804.8227999999996,Nurture,New Budget Customers
0384-RVBPI,0.39351328012505654,1716.5632000000007,Nurture,Established Standard Customers
5071-FBJFS,0.39296753695532866,402.7074000000006,Nurture,Established Standard Customers
8967-SZQAS,0.39276306135903283,1373.7398999999998,Nurture,New Budget Customers
2599-CZABP,0.3919085531438582,1278.5987000000014,Nurture,New Budget Customers
3373-YZZYM,0.3915287712149353,52.60259999999993,Nurture,New Budget Customers
3221-CJMSG,0.39078593206500517,1362.2593000000006,Nurture,Established Standard Customers
1685-VAYJF,0.3902204558864432,1066.726700000001,Nurture,New Budget Customers
9146-JRIOX,0.38972030550284387,804.1446,Nurture,New Budget Customers
7143-BQIBA,0.3896143784858649,711.574899999999,Nurture,Established Standard Customers
5651-CPDND,0.38907042104986844,640.3070999999991,Nurture,New Budget Customers
1960-UYCNN,0.3882584736576524,1147.7370000000012,Nurture,New Budget Customers
5868-YTYKS,0.38798149354329553,67.61189999999999,Nurture,New Budget Customers
3981-QSVQI,0.3872900471638241,353.1621999999997,Nurture,New Budget Customers
3551-GAEGL,0.38631766236865694,955.7348999999994,Nurture,Loyal Budget Customers
3604-WLABM,0.386286280383713,705.5913999999995,Nurture,Established Standard Customers
0002-ORFBO,0.3845200463615352,967.6209999999993,Nurture,Established Standard Customers
4827-USJHP,0.38405489309066326,1161.4031999999988,Nurture,Established Standard Customers
4456-RHSNB,0.38353883896716734,1104.6721000000011,Nurture,Established Standard Customers
5173-ZXXXL,0.3832990606766554,108.70350000000019,Nurture,New Budget Customers
6260-XLACS,0.3832185776962852,203.42739999999966,Nurture,New Budget Customers
4486-EFAEB,0.3809791554835239,861.4125,Nurture,New Budget Customers
1171-TYKUR,0.3792610405665555,1610.7256000000002,Nurture,Loyal Budget Customers
7105-MXJLL,0.37925408850458187,2084.661599999998,Nurture,Established Standard Customers
4415-WNGVR,0.3787720953632596,1414.2483999999986,Nurture,Established Standard Customers
5533-RJFTJ,0.37729352689428036,1446.3078000000014,Nurture,Loyal Budget Customers
0851-DFJKB,0.37618453889002584,1384.1644000000001,Nurture,Established Standard Customers
6278-FEPBZ,0.3758588596678282,217.9508999999997,Nurture,New Budget Customers
6898-MDLZW,0.37530117721708545,696.3112999999998,Nurture,Established Standard Customers
3945-GFWQL,0.37463578087300914,698.2064999999997,Nurture,New Budget Customers
0991-BRRFB,0.3739277124833859,1281.695100000001,Nurture,Established Standard Customers
7246-ZGQDF,0.3724982498743921,88.97769999999998,Nurture,Established Standard Customers
8095-WANWK,0.3721132339150139,630.3199999999995,Nurture,New Budget Customers
9817-APLHW,0.37156777190899914,312.14140000000026,Nurture,New Budget Customers
1104-FEJAM,0.37142220410997945,2105.9379999999974,Nurture,Established Standard Customers
1431-CYWMH,0.3713927061365664,1466.6259999999995,Nurture,New Budget Customers
8799-OXZMD,0.3712331465721262,805.4697999999988,Nurture,New Budget Customers
5624-RYAMH,0.3710709520167377,597.4052999999996,Nurture,New Budget Customers
8314-DPQHL,0.36987450686106255,472.6780999999994,Nurture,Established Standard Customers
8942-DBMHZ,0.36952644779792837,766.8805999999989,Nurture,New Budget Customers
6838-HVLXG,0.3693702419350111,653.9639000000002,Nurture,New Budget Customers
1436-ZMJAN,0.367980834533604,1049.0625999999995,Nurture,Established Standard Customers
7746-QYVCO,0.36793075698113453,1227.053000000001,Nurture,Established Standard Customers
3752-CQSJI,0.3672578843247034,468.1737999999995,Nurture,New Budget Customers
2761-XECQW,0.3672432024751023,368.7145000000004,Nurture,Established Standard Customers
6507-DTJZV,0.36712841895204856,1344.6739999999998,Nurture,Established Standard Customers
0696-UKTOX,0.36507012208190504,1531.0310999999988,Nurture,Established Standard Customers
4011-ARPHK,0.36461001823827976,2013.207699999998,Nurture,New Budget Customers
7435-ZNUYY,0.36354146891620315,189.39700000000002,Nurture,New Budget Customers
9290-SHCMB,0.3610289908477378,1579.9014000000018,Nurture,Established Standard Customers
2519-ERQOJ,0.3606854115282439,1812.8840000000014,Nurture,Established Standard Customers
6837-BJYDQ,0.3605930078823503,169.77729999999983,Nurture,New Budget Customers
8992-VONJD,0.36012568251560667,1103.3389000000018,Nurture,Established Standard Customers
3920-HIHMQ,0.36004667779015764,1850.2420999999993,Nurture,New Budget Customers
6907-CQGPN,0.3594393695491728,992.7525999999999,Nurture,New Budget Customers
0637-UBJRP,0.35845209393344957,1555.2825000000003,Nurture,Established Standard Customers
2862-JVEOY,0.3582138111326901,185.3062999999999,Nurture,New Budget Customers
0754-EEBDC,0.3569591877853945,201.84189999999992,Nurture,New Budget Customers
6778-JFCMK,0.3566820376662069,1267.2962000000005,Nurture,Established Standard Customers
6786-OBWQR,0.3566104133437022,641.8371000000001,Nurture,Established Standard Customers
7799-DSEWS,0.3564875138646881,2094.861900000001,Nurture,Established Standard Customers
7054-ENNGU,0.35637995561376884,577.9319000000008,Nurture,Established Standard Customers
7078-NVFAM,0.3557168471328733,1076.7204000000008,Nurture,Loyal Budget Customers
8317-BVKSO,0.3541457311962952,433.86069999999955,Nurture,New Budget Customers
7596-LDUXP,0.353680051703097,1200.5098000000007,Nurture,Established Standard Customers
7639-SUPCW,0.353155247091239,1229.7699999999998,Nurture,New Budget Customers
3583-KRKMD,0.35195412157085504,1755.3890000000017,Nurture,New Budget Customers
1322-AGOQM,0.3518666130315543,1413.6336000000013,Nurture,Loyal Budget Customers
2120-SMPEX,0.3500353173468426,853.6892999999997,Nurture,New Budget Customers
9788-YTFGE,0.34996172518660706,245.2028000000002,Nurture,New Budget Customers
2690-DVRVK,0.349705131011187,315.4591,Nurture,New Budget Customers
9025-ZRPVR,0.3493680997941293,591.4182999999998,Nurture,New Budget Customers
7989-VCQOH,0.3484679304647644,1720.839199999999,Nurture,Established Standard Customers
1009-IRMNA,0.3478422280174643,255.01820000000015,Nurture,New Budget Customers
8706-HRADD,0.3460519932687467,1066.8773000000003,Nurture,Established Standard Customers
7727-SHVZV,0.3455560662231964,576.3786999999994,Nurture,New Budget Customers
2239-CFOUJ,0.3443641984183606,47.73989999999999,Nurture,New Budget Customers
0655-YDGFJ,0.34432632762325155,1717.388200000001,Nurture,Established Standard Customers
3317-VLGQT,0.3427445614391848,1149.2243000000008,Nurture,Established Standard Customers
4925-LMHOK,0.3411899845657457,1167.2806000000014,Nurture,Established Standard Customers
9039-RBEEE,0.3411578068026578,1866.737000000002,Nurture,Established Standard Customers
3292-PBZEJ,0.3395410643563357,1218.7899999999993,Nurture,Established Standard Customers
3606-SBKRY,0.33642090518493073,1613.858900000001,Nurture,Established Standard Customers
4747-LCAQL,0.3358007513250645,2110.1422000000002,Nurture,Loyal Premium Customers
5701-ZIKJE,0.3352677985074282,1239.8138000000008,Nurture,Established Standard Customers
0380-ZCSBI,0.33371871814856224,266.3555000000003,Nurture,New Budget Customers
1113-IUJYX,0.3336792012389255,1425.4955000000002,Nurture,Established Standard Customers
3890-RTCMS,0.33364360654621844,1573.3203999999998,Nurture,Established Standard Customers
6537-OTKMY,0.33353788681390056,686.6712000000001,Nurture,Established Standard Customers
5018-HEKFO,0.3330917924949163,418.1147,Nurture,New Budget Customers
7343-EOBEU,0.3323369926022217,122.20420000000014,Nurture,New Budget Customers
0820-FNRNX,0.3320469662638879,1634.4330999999988,Nurture,Established Standard Customers
1386-ZIKUV,0.329286601182938,370.62720000000013,Nurture,New Budget Customers
0260-ZDLGK,0.329114196647598,989.561799999999,Nurture,Established Standard Customers
2436-QBZFP,0.3285818900665011,895.6828,Nurture,New Budget Customers
8648-PFRMP,0.32837036044035967,682.204799999999,Nurture,Established Standard Customers
4936-YPJNK,0.328219813149771,436.31179999999955,Nurture,New Budget Customers
7929-DMBCV,0.32746772249768785,1939.6036000000004,Nurture,Established Standard Customers
3173-NVMPX,0.32680077700266,738.1808000000004,Nurture,Established Standard Customers
2351-RRBUE,0.3265230829551997,391.3247999999998,Nurture,New Budget Customers
3034-ZBEQN,0.32648025697523564,1601.5685000000005,Nurture,Loyal Budget Customers
7785-RDVIG,0.32606222670948143,87.76740000000007,Nurture,New Budget Customers
9795-VOWON,0.325071421732523,180.07980000000003,Nurture,New Budget Customers
1984-GPTEH,0.3248648503474628,818.7034999999997,Nurture,New Budget Customers
6870-ECSHE,0.3239725102561437,131.0098999999999,Nurture,New Budget Customers
2320-YKQBO,0.32322329962603846,196.04569999999995,Nurture,New Budget Customers
1120-BMWUB,0.3185132710161087,995.1679000000019,Nurture,Established Standard Customers
4198-VFOEA,0.3180303414343828,440.08569999999963,Nurture,New Budget Customers
3629-ZNKXA,0.3166962085601529,2025.7772000000002,Nurture,Established Standard Customers
9481-SFCQY,0.3159258757397656,1431.6217999999988,Nurture,Established Standard Customers
0020-JDNXP,0.3148971700122799,2104.1645000000017,Nurture,Loyal Premium Customers
0811-GSDTP,0.31460747147408974,361.1960000000002,Nurture,New Budget Customers
7964-VEXDG,0.3143835861933867,2008.4010000000003,Nurture,Established Standard Customers
3530-CRZSB,0.31295126273822943,257.87220000000013,Nurture,New Budget Customers
8610-ZIKJJ,0.3124676950388583,105.45559999999995,Nurture,New Budget Customers
5447-VYTKW,0.312265714308028,1897.3933000000006,Nurture,Established Standard Customers
3016-KSVCP,0.31214196328650434,991.0111999999998,Nurture,New Budget Customers
9137-NOQKA,0.3117980476110779,53.338300000000096,Nurture,New Budget Customers
0096-BXERS,0.31179343446226315,566.3915000000004,Nurture,New Budget Customers
1699-HPSBG,0.3117017880509094,864.3896000000002,Nurture,Established Standard Customers
9837-FWLCH,0.311512971353272,510.89910000000003,Nurture,New Budget Customers
8474-UMLNT,0.3108394373095647,1277.4434999999999,Nurture,Established Standard Customers
2474-LCNUE,0.30759546950808603,1988.5321000000017,Nurture,Established Standard Customers
6806-YDEUL,0.3074840706160184,131.00339999999977,Nurture,New Budget Customers
6682-VCIXC,0.30687743943907125,2202.893800000003,Monitor,Established Standard Customers
8166-ZZTFS,0.30581238307645553,6645.712100000001,Monitor,Loyal Premium Customers
2632-UCGVD,0.30568857574607167,9983.9703,Monitor,Loyal Premium Customers
2452-SNHFZ,0.3056463301729783,5764.882100000003,Monitor,Established Standard Customers
7123-WQUHX,0.305314025606166,3817.3750000000023,Monitor,Loyal Premium Customers
6647-ZEDXT,0.30517845272758254,3635.2856,Monitor,Loyal Premium Customers
2930-UOTMB,0.3043515439492961,3111.6960000000045,Monitor,Established Standard Customers
0023-UYUPN,0.30393241941149973,2763.203599999997,Monitor,Loyal Budget Customers
6769-DCQLI,0.30346463429294546,7756.270900000003,Monitor,Loyal Premium Customers
1754-GKYPY,0.3028244332930001,2466.302800000002,Monitor,Established Standard Customers
0420-HLGXF,0.3023593251969886,4337.053499999998,Monitor,Loyal Premium Customers
5692-ICXLW,0.30229508519191994,4346.500199999996,Monitor,Established Standard Customers
2379-GYFLQ,0.3016277057755424,5436.425399999994,Monitor,Loyal Premium Customers
8945-MUQUF,0.30160735439589786,7159.824599999998,Monitor,Loyal Premium Customers
8496-DMZUK,0.3015656670562304,3006.176500000002,Monitor,Established Standard Customers
9974-JFBHQ,0.3015442241313766,7722.479599999989,Monitor,Loyal Premium Customers
8041-TMEID,0.3014975314761035,9232.6413,Monitor,Loyal Premium Customers
8224-IVVPA,0.30096366891507303,2255.431199999999,Monitor,Established Standard Customers
1096-ADRUX,0.30047309496819447,7335.020099999998,Monitor,Loyal Budget Customers
2851-STERV,0.30030841737528097,2639.0628999999967,Monitor,Loyal Premium Customers
4869-EPIUS,0.30030788679788717,6930.822599999997,Monitor,Loyal Premium Customers
7191-ADRGF,0.2991851915840695,2398.8406000000027,Monitor,Loyal Premium Customers
4489-SNOJF,0.29802351585121706,3277.8125,Monitor,Loyal Premium Customers
2748-MYRVK,0.2977882837130944,6740.942699999993,Monitor,Loyal Premium Customers
7632-MNYOY,0.29752413736003447,8034.97869999999,Monitor,Loyal Premium Customers
0959-WHOKV,0.29641202798782995,4527.157300000007,Monitor,Loyal Premium Customers
0201-OAMXR,0.29633627762227105,8734.753800000004,Monitor,Loyal Premium Customers
6034-ZRYCV,0.2959447195044231,3908.288700000005,Monitor,Loyal Premium Customers
5370-IIVVL,0.29529137696688323,5188.186800000007,Monitor,Loyal Premium Customers
6176-YJWAS,0.29506562851986184,9549.37289999999,Monitor,Loyal Premium Customers
5748-RNCJT,0.29349798646214736,9251.263700000005,Monitor,Loyal Premium Customers
2558-BUOZZ,0.29335652253741207,6441.169900000005,Monitor,Loyal Premium Customers
4682-BLBUC,0.29320735596001846,4916.358199999995,Monitor,Loyal Premium Customers
0689-DSXGL,0.29279392423369904,5259.794199999996,Monitor,Loyal Premium Customers
3509-GWQGF,0.29222007315379805,2577.137899999998,Monitor,Established Standard Customers
6295-OSINB,0.2916031047058047,8372.8768,Monitor,Loyal Premium Customers
5820-PTRYM,0.29113610083702635,5451.151899999996,Monitor,Loyal Premium Customers
2252-JHJGE,0.29064829272727205,9124.293100000012,Monitor,Loyal Premium Customers
7839-NUIAA,0.29019647552111855,5390.116000000005,Monitor,Loyal Budget Customers
3647-GMGDH,0.2898813852443613,2907.7507,Monitor,Established Standard Customers
3096-YXENJ,0.2896486953245382,8777.309899999987,Monitor,Loyal Premium Customers
4429-WYGFR,0.28907280763812093,2471.988400000002,Monitor,Established Standard Customers
0191-ZHSKZ,0.28893846819261454,3288.448899999999,Monitor,Established Standard Customers
3893-JRNFS,0.2875885772416426,2755.754000000002,Monitor,Loyal Budget Customers
6500-JVEGC,0.2875690677248944,7731.046099999995,Monitor,Loyal Premium Customers
8606-CIQUL,0.28750291499880837,10663.362500000012,Monitor,Loyal Premium Customers
0303-UNCIP,0.2863762310443186,4286.143299999994,Monitor,Established Standard Customers
2133-TSRRM,0.2862672015779773,4845.876599999999,Monitor,Loyal Premium Customers
2000-DHJUY,0.2851696669338109,7748.681199999991,Monitor,Loyal Premium Customers
6008-NAIXK,0.2849931802124084,2957.0727000000047,Monitor,Loyal Premium Customers
2294-SALNE,0.28475238854882157,2416.5284000000015,Monitor,Established Standard Customers
7661-CPURM,0.28437813872705725,2471.547500000001,Monitor,Established Standard Customers
6896-SRVYQ,0.28419262367410364,5388.385499999995,Monitor,Established Standard Customers
2639-UGMAZ,0.283842013820031,3965.823999999998,Monitor,Loyal Premium Customers
2758-RNWXS,0.28321149899124554,4840.451600000006,Monitor,Loyal Premium Customers
6289-CPNLD,0.28309782682965184,3462.2814999999996,Monitor,Loyal Premium Customers
2240-HSJQD,0.2829234903536631,3163.628600000002,Monitor,Established Standard Customers
4106-HADHQ,0.28289307565972294,4547.8285,Monitor,Loyal Premium Customers
5977-CKHON,0.28285648433862315,5293.259000000004,Monitor,Loyal Premium Customers
1170-SASML,0.28163338490818957,8286.404499999993,Monitor,Loyal Premium Customers
6986-IJDHX,0.28154289515015474,4765.541600000001,Monitor,Established Standard Customers
2522-AHJXR,0.2813541015049788,7000.472199999998,Monitor,Loyal Premium Customers
2722-VOJQL,0.28054436211455536,8395.37269999999,Monitor,Loyal Premium Customers
4355-HBJHH,0.2800852514741213,8078.809799999995,Monitor,Loyal Premium Customers
4135-FRWKJ,0.2799079987157451,6120.493599999999,Monitor,Loyal Premium Customers
9565-JSNFM,0.2793221424479255,3923.572000000002,Monitor,Established Standard Customers
8133-ANHHJ,0.27859601358966357,6964.832199999995,Monitor,Loyal Premium Customers
0186-CAERR,0.27845219000870186,8516.24140000001,Monitor,Loyal Premium Customers
8417-GSODA,0.2781563583859742,3028.5253000000007,Monitor,Established Standard Customers
8875-AKBYH,0.27814127512909725,2234.3242000000005,Monitor,Established Standard Customers
5906-CVLHP,0.2777959985335796,4352.848099999994,Monitor,Established Standard Customers
5445-PZWGX,0.276197611696654,6963.001199999998,Monitor,Loyal Premium Customers
2074-GUHPQ,0.2737066235083105,2331.584899999996,Monitor,Established Standard Customers
8015-IHCGW,0.2735267300497782,10991.239200000002,Monitor,Loyal Premium Customers
6981-TDRFT,0.2731339223628546,2396.8948000000014,Monitor,Loyal Premium Customers
9115-YQHGA,0.2730886850562282,3579.1949,Monitor,Loyal Budget Customers
9848-JQJTX,0.27278644813873437,9111.60159999999,Monitor,Loyal Premium Customers
5236-XMZJY,0.27268524769434854,3463.145799999997,Monitor,Loyal Premium Customers
1679-JRFBR,0.2722412445680961,8252.754099999993,Monitor,Loyal Premium Customers
7134-HBPBS,0.2721191782059753,9687.949999999986,Monitor,Loyal Premium Customers
9577-WJVCQ,0.2720811056106353,4473.4311000000025,Monitor,Loyal Budget Customers
8231-BSWXX,0.271901902102184,8452.990500000007,Monitor,Loyal Premium Customers
2750-BJLSB,0.2708884842335872,5250.4012,Monitor,Loyal Premium Customers
8100-HZZLJ,0.27088603407628564,3084.5804,Monitor,Loyal Premium Customers
6252-DFGTK,0.2708438577380484,3628.8681000000042,Monitor,Established Standard Customers
3642-GKTCT,0.2706273318787907,7339.206499999995,Monitor,Loyal Premium Customers
5791-KAJFD,0.27023945048224596,6314.8489,Monitor,Loyal Premium Customers
1422-DGUBX,0.2700801101559608,4002.238100000004,Monitor,Established Standard Customers
3597-YASZG,0.27000817071169225,9988.8958,Monitor,Loyal Premium Customers
5172-RKOCB,0.26930582136732284,9314.675699999987,Monitor,Loyal Premium Customers
4091-TVOCN,0.2688108804606251,3890.0023000000074,Monitor,Loyal Premium Customers
5018-LXQQG,0.268753370487253,2516.3277999999987,Monitor,Established Standard Customers
4795-WRNVT,0.2687231286700005,3189.7817999999993,Monitor,Established Standard Customers
9040-KZVWO,0.26869538685332767,3040.017300000001,Monitor,Established Standard Customers
5760-WRAHC,0.26824280890275826,2618.5066999999985,Monitor,Established Standard Customers
2371-KFUOG,0.26793793538367827,7622.58320000001,Monitor,Loyal Premium Customers
7901-TBKJX,0.2670345188112519,6006.579000000002,Monitor,Loyal Premium Customers
7841-FCRQD,0.26673571705701615,2457.3335999999967,Monitor,Established Standard Customers
1095-WGNGG,0.26668371357809006,7098.898900000007,Monitor,Loyal Premium Customers
4282-MSACW,0.2663800965233928,10226.169900000006,Monitor,Loyal Premium Customers
2972-YDYUW,0.2648004929049657,7696.862700000011,Monitor,Loyal Premium Customers
6353-BRMMA,0.264747128564341,7887.757999999997,Monitor,Loyal Premium Customers
6583-SZVGP,0.2645878767248611,5548.163200000001,Monitor,Loyal Premium Customers
3442-ZHHCC,0.26371840933473983,5449.695699999999,Monitor,Loyal Premium Customers
1925-LFCZZ,0.2633076955657005,2734.0717000000027,Monitor,Loyal Budget Customers
8374-XGEJJ,0.2628659369177831,5850.232000000007,Monitor,Loyal Premium Customers
2165-VOEGB,0.2627586418976772,6715.927599999995,Monitor,Loyal Premium Customers
7674-YTAFD,0.2624986237865874,4104.1877,Monitor,Established Standard Customers
0657-DOGUM,0.26241229174009423,4752.222899999999,Monitor,Loyal Budget Customers
1644-IRKSF,0.26221750914833464,3850.5308999999966,Monitor,Loyal Premium Customers
5989-AXPUC,0.2618190982136456,8399.424900000007,Monitor,Loyal Premium Customers
4097-YODCF,0.26050714700036576,3663.832100000004,Monitor,Loyal Premium Customers
2038-LLMLM,0.25963672869980675,4724.2555,Monitor,Loyal Budget Customers
4657-FWVFY,0.25859677326150116,5163.112600000007,Monitor,Loyal Premium Customers
2402-TAIRZ,0.25757445205166657,3324.4178000000015,Monitor,Established Standard Customers
8080-POTJR,0.2569720175715398,2667.017299999999,Monitor,Loyal Premium Customers
4098-NAUKP,0.25502560731254964,7092.752800000006,Monitor,Loyal Premium Customers
7550-WIQVA,0.2537811172130441,7512.406600000011,Monitor,Loyal Premium Customers
6635-MYYYZ,0.2533895090156177,3817.2064000000037,Monitor,Loyal Premium Customers
0679-TDGAK,0.2531505168786903,5663.655600000002,Monitor,Loyal Premium Customers
6821-JPCDC,0.25314410513962976,6967.874900000008,Monitor,Loyal Premium Customers
5898-IGSLP,0.25296025342878853,3502.1098000000015,Monitor,Established Standard Customers
9480-BQJEI,0.25283774387645747,7270.20180000001,Monitor,Loyal Premium Customers
0742-LAFQK,0.25272128638864827,9264.016199999991,Monitor,Loyal Premium Customers
5327-CNLUQ,0.2521727144843898,4847.7485,Monitor,Loyal Premium Customers
5019-GQVCR,0.2521342284588207,3987.149299999996,Monitor,Established Standard Customers
1608-GMEWB,0.2518531247293304,4884.9955,Monitor,Loyal Premium Customers
1150-WFARN,0.2518156822857981,9636.426399999998,Monitor,Loyal Premium Customers
9391-DXGGG,0.2517625173753729,5513.277299999998,Monitor,Loyal Premium Customers
2615-YVMYX,0.2516920297451407,9924.619499999983,Monitor,Loyal Premium Customers
2237-ZFSMY,0.251389825087291,4008.581100000004,Monitor,Loyal Premium Customers
5176-LDKUH,0.25124963911296766,5706.9212,Monitor,Established Standard Customers
5032-USPKF,0.2511727191108183,4091.1185000000023,Monitor,Loyal Premium Customers
2321-OMBXY,0.25007744139427385,4635.722399999995,Monitor,Loyal Premium Customers
5092-STPKP,0.24900244525029716,2119.9394,Monitor,Established Standard Customers
5651-CRHKQ,0.24847143661392454,4018.923599999997,Monitor,Loyal Premium Customers
7011-CVEUC,0.2475451981295218,2493.626900000003,Monitor,Established Standard Customers
7108-DGVUU,0.24712616216827404,2205.268700000002,Monitor,Established Standard Customers
0931-MHTEM,0.2468697099104994,7221.303299999994,Monitor,Loyal Premium Customers
2038-YSEZE,0.24685759639222696,2354.7855,Monitor,Established Standard Customers
9076-AXYIK,0.24663315177334105,7791.7443,Monitor,Loyal Premium Customers
2242-MFOTG,0.24641878831506897,3577.8562999999995,Monitor,Established Standard Customers
4163-KIUHY,0.2463773263004486,2204.8781999999987,Monitor,Loyal Budget Customers
3572-UOLYZ,0.24612980029302484,4162.302300000008,Monitor,Loyal Premium Customers
3680-CTHUH,0.24588812013407632,9292.029500000006,Monitor,Loyal Premium Customers
0682-USIXD,0.24526882814769704,2158.4278000000013,Monitor,Established Standard Customers
6507-ZJSUR,0.2452208405418619,3163.8777999999975,Monitor,Established Standard Customers
3585-YNADK,0.24515823719515642,4917.5942,Monitor,Loyal Premium Customers
9844-FELAJ,0.24512581997156752,8390.222199999998,Monitor,Loyal Premium Customers
9803-FTJCG,0.24505790215306358,5109.748599999994,Monitor,Loyal Premium Customers
9330-VOFSZ,0.2449340319299685,8432.621599999997,Monitor,Loyal Premium Customers
7032-LMBHI,0.24428654437040945,3881.9991000000014,Monitor,Established Standard Customers
1852-XEMDW,0.24305406213358646,2435.498399999998,Monitor,Established Standard Customers
1282-IHQAC,0.24284989147885158,2988.287499999999,Monitor,Loyal Budget Customers
1142-IHLOO,0.24268816273999322,5163.0557000000035,Monitor,Loyal Premium Customers
8812-ZRHFP,0.24170000714742856,4018.171500000005,Monitor,Established Standard Customers
0134-XWXCE,0.24166557041551728,3718.598000000004,Monitor,Loyal Premium Customers
0310-SUCIN,0.24119598573565093,7639.45479999999,Monitor,Loyal Premium Customers
8197-BFWVU,0.24036895683297296,6825.2989,Monitor,Loyal Premium Customers
8984-HPEMB,0.23969886091056625,9641.910300000003,Monitor,Loyal Premium Customers
5223-UZAVK,0.23908992849023877,7156.260599999988,Monitor,Loyal Premium Customers
6480-YAGIY,0.2390872307879031,6259.941200000002,Monitor,Loyal Premium Customers
2469-DTSGX,0.23883256361109886,11314.493900000003,Monitor,Loyal Premium Customers
7670-ZBPOQ,0.23878689981966225,4979.899300000002,Monitor,Loyal Budget Customers
1104-TNLZA,0.2385196711704778,3609.546199999997,Monitor,Loyal Premium Customers
8894-JVDCV,0.23838058192287975,9370.258900000013,Monitor,Loyal Premium Customers
0867-MKZVY,0.23836419583352295,2400.0041000000033,Monitor,Established Standard Customers
6655-LHBYW,0.2379964066918034,6744.346899999991,Monitor,Loyal Premium Customers
5135-GRQJV,0.23787647807919018,8705.770000000011,Monitor,Loyal Premium Customers
6234-PFPXL,0.23777554929251327,2953.1511000000005,Monitor,Established Standard Customers
9921-EZKBY,0.23770417643109873,3667.3639000000035,Monitor,Loyal Premium Customers
1320-REHCS,0.23765159709792968,6700.378500000004,Monitor,Loyal Premium Customers
8184-WMOFI,0.23752124297882857,5405.624700000007,Monitor,Loyal Premium Customers
0872-CASZJ,0.23707344728187243,5338.689400000006,Monitor,Loyal Premium Customers
0233-FTHAV,0.23666628454917113,5712.919000000007,Monitor,Loyal Premium Customers
1576-PFZIW,0.23597115073219183,8479.4784,Monitor,Loyal Premium Customers
2868-LLSKM,0.23596197151626355,6858.174999999999,Monitor,Loyal Premium Customers
0093-EXYQL,0.23542167331144567,5431.165300000005,Monitor,Loyal Premium Customers
2990-OGYTD,0.2351467717658376,6185.5469,Monitor,Loyal Premium Customers
8818-DOPVL,0.23497105373189917,6728.885900000006,Monitor,Loyal Premium Customers
8624-GIOUT,0.2342134470370416,4560.822000000001,Monitor,Loyal Premium Customers
7005-CYUIL,0.2341613930421381,7970.368399999994,Monitor,Loyal Premium Customers
7820-ZYGNY,0.23399622377692206,6485.037999999993,Monitor,Loyal Premium Customers
0141-YEAYS,0.23396756226692386,2540.6830999999984,Monitor,Established Standard Customers
2674-MLXMN,0.2339587363173954,9399.267100000003,Monitor,Loyal Premium Customers
5998-DZLYR,0.23380246819830017,7238.870500000001,Monitor,Loyal Premium Customers
0810-BDHAW,0.23349048783219561,2565.4943999999996,Monitor,Established Standard Customers
0106-UGRDO,0.23343457455767663,10690.612899999993,Monitor,Loyal Premium Customers
4827-LTQRJ,0.23268993690950657,10360.810200000009,Monitor,Loyal Premium Customers
9770-KXGQU,0.23157186366642354,6850.457500000007,Monitor,Loyal Premium Customers
6574-MCOEH,0.2306442819392502,3602.525899999998,Monitor,Loyal Premium Customers
2911-IJORQ,0.23037967691667882,4822.513599999999,Monitor,Loyal Premium Customers
3301-VKTGC,0.23021790188888425,7975.896699999995,Monitor,Loyal Premium Customers
0164-APGRB,0.23019959779835292,11540.495600000002,Monitor,Loyal Premium Customers
0750-EBAIU,0.23005492533301367,6442.773500000003,Monitor,Loyal Premium Customers
6919-ELBGL,0.22992278085724832,9763.691700000005,Monitor,Loyal Premium Customers
2388-LAESQ,0.2292247254737558,10362.08540000001,Monitor,Loyal Premium Customers
4139-JPIAM,0.2284302170388157,2202.2108999999978,Monitor,Loyal Premium Customers
9508-ILZDG,0.22837489865656235,3764.5804000000026,Monitor,Established Standard Customers
7544-ZVIKX,0.22821962666000506,8022.735300000001,Monitor,Loyal Premium Customers
6682-QJDGB,0.2276664168460864,2654.8379999999975,Monitor,Established Standard Customers
0619-OLYUR,0.22760474727760902,11460.210800000023,Monitor,Loyal Premium Customers
9249-FXSCK,0.2273671522735655,7440.870500000007,Monitor,Loyal Premium Customers
6075-QMNRR,0.22714434207728745,4967.1867999999995,Monitor,Loyal Budget Customers
8627-EHGIP,0.22607727770556083,2355.0867000000003,Monitor,Loyal Premium Customers
7707-PYBBH,0.2252473927327411,4221.510900000001,Monitor,Established Standard Customers
6199-IWKGC,0.22367257575082133,5556.121100000001,Monitor,Loyal Premium Customers
5144-TVGLP,0.2234118578143854,5317.718599999994,Monitor,Established Standard Customers
7013-PSXHK,0.2218087603980358,4633.018499999996,Monitor,Loyal Premium Customers
9738-QLWTP,0.2215719943289836,4579.342800000005,Monitor,Established Standard Customers
7278-CKDNC,0.221544796403892,3117.1683000000035,Monitor,Established Standard Customers
7207-RMRDB,0.22133579255144364,8845.660899999999,Monitor,Loyal Premium Customers
6719-FGEDO,0.22079092933947883,9735.218699999987,Monitor,Loyal Premium Customers
5504-WSIUR,0.2202511106543518,7385.513399999996,Monitor,Loyal Premium Customers
9513-DXHDA,0.21827316419860346,3305.5033000000026,Monitor,Loyal Premium Customers
8821-KVZKQ,0.2181860405037678,4097.949099999998,Monitor,Loyal Premium Customers
0484-JPBRU,0.2176023031743819,2706.0455000000006,Monitor,Loyal Budget Customers
0440-UEDAI,0.21721233771282633,6876.453600000007,Monitor,Loyal Premium Customers
1400-WIVLL,0.2168728597392899,6972.497100000005,Monitor,Loyal Premium Customers
8970-ANWXO,0.21679559630419787,2589.954400000002,Monitor,Established Standard Customers
9762-YAQAA,0.21617625519028863,4621.3440000000055,Monitor,Established Standard Customers
1751-NCDLI,0.21580820564394027,4706.942299999999,Monitor,Loyal Premium Customers
4369-NYSCF,0.2152879718453035,5390.346399999997,Monitor,Loyal Premium Customers
3726-TBHQT,0.2130254581908162,9946.670399999992,Monitor,Loyal Premium Customers
9362-MWODR,0.21218388589049791,3536.4288,Monitor,Established Standard Customers
7519-JTWQH,0.21145889020891387,9161.784100000013,Monitor,Loyal Premium Customers
6904-JLBGY,0.21134267685812827,9472.731600000017,Monitor,Loyal Premium Customers
1545-ACTAS,0.21045421473207182,6674.6083000000035,Monitor,Loyal Premium Customers
5151-HQRDG,0.20999751723159066,3074.4542000000015,Monitor,Established Standard Customers
3594-UVONA,0.2096423652662274,3326.6409,Monitor,Loyal Premium Customers
7136-RVDTZ,0.20937614296523308,3152.298000000004,Monitor,Loyal Budget Customers
2202-OUTMO,0.20904140770569982,2462.215499999997,Monitor,Established Standard Customers
1725-IQNIY,0.20885121404676577,8424.335600000015,Monitor,Loyal Premium Customers
2480-EJWYP,0.20837882506761232,8158.535000000007,Monitor,Loyal Premium Customers
6732-FZUGP,0.20772570438047366,6457.545400000004,Monitor,Loyal Premium Customers
4782-OSFXZ,0.2073626981672668,8546.027500000002,Monitor,Loyal Premium Customers
7813-ZGGAW,0.20715924731438876,3493.5271000000002,Monitor,Established Standard Customers
3915-ODIYG,0.20681004396644848,5262.592900000002,Monitor,Loyal Premium Customers
5439-WIKXB,0.20652370671537637,6026.3971999999985,Monitor,Loyal Premium Customers
5343-SGUBI,0.20625044675966708,6514.3005,Monitor,Loyal Premium Customers
4462-CYWMH,0.20580143007190216,7326.427200000005,Monitor,Loyal Premium Customers
8879-ZKJOF,0.2057404055645366,4879.036699999994,Monitor,Loyal Premium Customers
6352-GIGGQ,0.20512986395029795,8376.064699999994,Monitor,Loyal Premium Customers
3282-ZISZV,0.20477543801050185,3816.831599999996,Monitor,Loyal Premium Customers
0868-VJRDR,0.20450691658662817,6939.995499999989,Monitor,Loyal Premium Customers
1335-HQMKX,0.2044918987152798,10570.03639999999,Monitor,Loyal Premium Customers
6668-CNMFP,0.20439387399720851,2407.654299999996,Monitor,Established Standard Customers
4291-TPNFG,0.20423517958072196,8132.779000000013,Monitor,Loyal Premium Customers
7879-CGSFV,0.2037392859108193,7879.588199999998,Monitor,Loyal Premium Customers
4139-DETXS,0.20348912832078736,4542.4182999999975,Monitor,Loyal Premium Customers
3999-WRNGR,0.20342693170720919,3030.072000000002,Monitor,Loyal Premium Customers
2883-ILGWO,0.2030562245461498,7738.751099999991,Monitor,Loyal Premium Customers
4238-HFHSN,0.2029459218326774,6576.04430000001,Monitor,Loyal Premium Customers
6680-NENYN,0.2028059916818222,5079.2534000000005,Monitor,Loyal Premium Customers
4525-VZCZG,0.2027470214940041,6904.694299999996,Monitor,Loyal Premium Customers
1060-ENTOF,0.20266653955979025,7401.514599999992,Monitor,Loyal Premium Customers
4504-YOULA,0.20255665485385815,3480.031,Monitor,Established Standard Customers
0623-EJQEG,0.20157570550624715,6344.9330999999975,Monitor,Loyal Premium Customers
0201-MIBOL,0.20094550235310857,7270.414000000003,Monitor,Loyal Premium Customers
3146-MSEGF,0.2005926840369348,7688.890699999994,Monitor,Loyal Premium Customers
3244-CQPHU,0.199623082668865,8909.536599999994,Monitor,Loyal Premium Customers
1452-KIOVK,0.19923803487424138,2622.3064999999992,Monitor,Established Standard Customers
7657-DYEPJ,0.19844927606037766,2839.3703000000014,Monitor,Loyal Premium Customers
7176-WRTNX,0.1973309444906206,9061.076899999998,Monitor,Loyal Premium Customers
0564-MUUQK,0.19718326548533327,2685.703799999999,Monitor,Established Standard Customers
9281-OFDMF,0.19678784477356445,4211.417100000005,Monitor,Loyal Premium Customers
0516-UXRMT,0.19661786521727054,7190.62540000001,Monitor,Loyal Premium Customers
5195-KPUNQ,0.19629144774007654,7018.748100000004,Monitor,Loyal Premium Customers
0129-QMPDR,0.19564766134240189,2184.3224000000005,Monitor,Loyal Budget Customers
2040-OBMLJ,0.19497150924173776,3070.947600000001,Monitor,Established Standard Customers
1097-FSPVW,0.19426979440742215,3913.0651000000003,Monitor,Established Standard Customers
9060-HJJRW,0.1937976574989211,2930.540400000001,Monitor,Loyal Premium Customers
9470-XCCEM,0.19340647512422554,4788.5367,Monitor,Established Standard Customers
8221-HVAYI,0.19332689195199876,2707.1721000000007,Monitor,Loyal Premium Customers
3963-RYFNS,0.1925379740091444,11571.981100000003,Monitor,Loyal Premium Customers
7748-UMTRK,0.1921059653243803,4151.282099999996,Monitor,Loyal Premium Customers
5214-NLTIT,0.19206196374580545,8247.97049999999,Monitor,Loyal Premium Customers
0384-LPITE,0.1920592722570702,2538.3598999999977,Monitor,Loyal Premium Customers
3605-JISKB,0.19188288973471862,3736.393200000002,Monitor,Loyal Premium Customers
2338-BQEZT,0.19124411482832163,3315.3043,Monitor,Loyal Budget Customers
9350-VLHMB,0.19101269742214189,6646.23430000001,Monitor,Loyal Premium Customers
7445-WMRBW,0.1906601312745763,4633.031999999997,Monitor,Loyal Premium Customers
0725-CXOTM,0.19029002034918657,4877.253999999996,Monitor,Loyal Premium Customers
1937-OTUKY,0.19021451867299372,8845.367099999989,Monitor,Loyal Premium Customers
1302-UHBDD,0.19004484303352023,2664.7136999999984,Monitor,Established Standard Customers
0123-CRBRT,0.189973240311541,8295.276899999995,Monitor,Loyal Premium Customers
1921-KYSAY,0.18871868447243637,4444.999399999997,Monitor,Loyal Premium Customers
6847-KJLTS,0.1886125484123417,8491.388200000005,Monitor,Loyal Premium Customers
0899-LIIBW,0.18767131769191375,4701.2431000000015,Monitor,Loyal Premium Customers
7055-VKGDA,0.18716948031205122,8131.748200000003,Monitor,Loyal Premium Customers
6067-NGCEU,0.18710822710593528,9456.812899999992,Monitor,Loyal Budget Customers
8189-XRIKE,0.18710425228251454,3921.9736000000066,Monitor,Established Standard Customers
8204-YJCLA,0.18605127886556785,4706.537499999992,Monitor,Loyal Premium Customers
8910-ICHIU,0.1856991044554984,6026.0669,Monitor,Loyal Premium Customers
6465-GSRCL,0.185696870536327,8452.567500000012,Monitor,Loyal Premium Customers
5193-QLVZB,0.18567127661235913,9600.4956,Monitor,Loyal Premium Customers
6303-KFWSL,0.1855591694420767,2695.335000000002,Monitor,Established Standard Customers
3144-KMTWZ,0.18515989733653276,8558.49879999999,Monitor,Loyal Premium Customers
6030-REHUX,0.185140735025872,4312.852899999994,Monitor,Loyal Premium Customers
9351-LZYGF,0.18507997598508968,4330.7671,Monitor,Loyal Premium Customers
2225-ZRGSG,0.18488537960317936,6941.595800000006,Monitor,Loyal Premium Customers
8213-TAZPM,0.18407190675094742,10775.068299999986,Monitor,Loyal Premium Customers
5944-UGLLK,0.18399512655506908,2998.322500000001,Monitor,Loyal Premium Customers
5777-KJIRB,0.18373717743911594,3192.9592,Monitor,Loyal Budget Customers
1730-ZMAME,0.18328020066500086,4182.8417000000045,Monitor,Established Standard Customers
0687-ZVTHB,0.18298980102240422,6412.558799999994,Monitor,Loyal Premium Customers
2925-MXLSX,0.18262925779122424,2765.8253999999993,Monitor,Established Standard Customers
2452-KDRRH,0.18225446824666164,9451.4728,Monitor,Loyal Premium Customers
6440-DKQGE,0.18175687526211567,2832.376,Monitor,Established Standard Customers
3324-OIRTO,0.18155958058612304,8325.612399999995,Monitor,Loyal Premium Customers
0607-MVMGC,0.18141545256036,5417.0238999999965,Monitor,Loyal Premium Customers
6733-LRIZX,0.18131280543303568,4361.9638,Monitor,Loyal Premium Customers
4501-UYKBC,0.18099953556903806,3985.315700000002,Monitor,Loyal Premium Customers
2324-EFHVG,0.18032466836049257,9651.434600000002,Monitor,Loyal Premium Customers
6035-RIIOM,0.18013400116739756,6925.944200000009,Monitor,Loyal Premium Customers
8405-IGQFX,0.17997428172073243,8374.821100000003,Monitor,Loyal Premium Customers
9134-WYRVP,0.1799426800842699,5655.209400000003,Monitor,Loyal Premium Customers
4906-ZHGPK,0.1794928177589284,6397.942500000002,Monitor,Loyal Premium Customers
6784-XYJAE,0.17916220752040213,3563.4722999999967,Monitor,Loyal Budget Customers
2834-JRTUA,0.17898389629341324,11037.385899999987,Monitor,Loyal Premium Customers
3229-USWAR,0.17895482876386026,2904.008999999997,Monitor,Loyal Premium Customers
2121-JAFOM,0.17845100200704778,8482.76310000001,Monitor,Loyal Premium Customers
7868-TMWMZ,0.1783865758403994,8199.074100000003,Monitor,Loyal Premium Customers
8647-SDTWQ,0.17821640303783096,6901.072299999999,Monitor,Loyal Budget Customers
6048-UWKAL,0.17797819973582799,8471.200499999995,Monitor,Loyal Premium Customers
6266-QHOJZ,0.17779001977178552,8366.42499999999,Monitor,Loyal Premium Customers
8065-BVEPF,0.17774147363669277,7685.17519999999,Monitor,Loyal Premium Customers
7951-VRDVK,0.17757043757544905,3555.0815000000002,Monitor,Loyal Premium Customers
0356-OBMAC,0.1773707380945437,6674.897500000003,Monitor,Loyal Premium Customers
1428-IEDPR,0.17713102128282643,6726.656400000007,Monitor,Loyal Premium Customers
5575-GNVDE,0.17680618372222442,2461.4474999999984,Monitor,Established Standard Customers
9776-OJUZI,0.17664507277566793,8233.628299999993,Monitor,Loyal Premium Customers
5985-TBABQ,0.17634882860347378,3407.0882999999985,Monitor,Established Standard Customers
5236-PERKL,0.1761559509381608,9098.808800000012,Monitor,Loyal Premium Customers
2293-IJWPS,0.1761553517176814,6140.824399999999,Monitor,Loyal Premium Customers
6906-MPARY,0.1755951832471016,4842.9011000000055,Monitor,Loyal Premium Customers
0147-ESWWR,0.175548855348178,4520.9553000000005,Monitor,Loyal Premium Customers
8017-UVSZU,0.17464871964025477,4219.647800000004,Monitor,Established Standard Customers
8548-AWOFC,0.17449319381593537,5089.630999999998,Monitor,Loyal Premium Customers
5013-SBUIH,0.17447524173972498,6917.33450000001,Monitor,Loyal Premium Customers
6161-ERDGD,0.1737893209497706,7850.811599999992,Monitor,Loyal Premium Customers
9411-TPQQV,0.17376060978894678,2288.1121000000007,Monitor,Established Standard Customers
9774-NRNAU,0.17318447198199688,3152.329800000001,Monitor,Loyal Premium Customers
7460-ITWWP,0.17301993507621166,5689.456800000005,Monitor,Loyal Premium Customers
6173-GOLSU,0.17285441106503513,6864.507599999999,Monitor,Loyal Premium Customers
4702-HDRKD,0.17281007284776792,3330.336199999999,Monitor,Loyal Premium Customers
3729-OWRVL,0.1727267830937464,10077.021500000006,Monitor,Loyal Premium Customers
8905-IAZPF,0.1726897065241397,9925.921899999992,Monitor,Loyal Premium Customers
4840-ORQXB,0.17225559996051606,7288.851000000007,Monitor,Loyal Premium Customers
5229-DTFYB,0.17208102806022493,4423.463099999993,Monitor,Loyal Premium Customers
2364-UFROM,0.17197861784650076,3053.2401999999965,Monitor,Established Standard Customers
9558-IHEZX,0.17166811430685802,7636.358100000009,Monitor,Loyal Premium Customers
4328-VUFWD,0.1714910891233726,2517.3188999999998,Monitor,Established Standard Customers
2054-PJOCK,0.17090585651597143,5876.847000000009,Monitor,Loyal Premium Customers
6691-CCIHA,0.17062725587732264,5536.903000000002,Monitor,Loyal Premium Customers
5732-IKGQH,0.1701014363497807,7445.864500000001,Monitor,Loyal Premium Customers
6804-GDMOI,0.16987944160416266,8988.316700000014,Monitor,Loyal Premium Customers
4508-OEBEY,0.16982705552379232,3240.5547,Monitor,Loyal Premium Customers
2453-SAFNS,0.1696809500803798,6457.414099999999,Monitor,Loyal Premium Customers
4277-UDIEF,0.16966180429038147,2997.463000000001,Monitor,Established Standard Customers
6992-TKNYO,0.16895901147835737,3872.2757000000042,Monitor,Loyal Premium Customers
6258-PVZWJ,0.16876926354696706,7170.8232,Monitor,Loyal Premium Customers
7336-RLLRH,0.168747237723977,2501.139500000003,Monitor,Established Standard Customers
5829-NVSQN,0.16873499133454622,2376.771000000003,Monitor,Established Standard Customers
5014-WUQMG,0.1686834711510916,5174.240699999998,Monitor,Loyal Premium Customers
0866-QLSIR,0.16847902553521016,3281.372000000001,Monitor,Established Standard Customers
7055-JCGNI,0.16814077439618594,11143.8956,Monitor,Loyal Premium Customers
0378-CJKPV,0.16812733100656696,8327.664700000007,Monitor,Loyal Premium Customers
4948-WBBKL,0.1678203209634086,4049.3047999999962,Monitor,Established Standard Customers
5020-ZSTTY,0.16753579760394505,4997.393099999996,Monitor,Loyal Premium Customers
4119-ZYPZY,0.16625167196884338,9876.252899999998,Monitor,Loyal Premium Customers
2368-GAKKQ,0.1655960776424571,9138.41740000001,Monitor,Loyal Premium Customers
8430-TWCBX,0.16555538674540116,2490.946899999999,Monitor,Loyal Budget Customers
6559-ILWKJ,0.16543393420255922,3527.1664000000005,Monitor,Loyal Budget Customers
3422-WJOYD,0.1654068916423846,2452.7606999999985,Monitor,Established Standard Customers
3926-YZVVX,0.16507205890677074,3053.6749,Monitor,Loyal Budget Customers
6383-ZTSIW,0.1643330640711741,4265.146600000004,Monitor,Loyal Premium Customers
9572-MTILT,0.16430930523332227,9063.286199999986,Monitor,Loyal Premium Customers
7978-DKUQH,0.16403533821248614,2772.0055999999995,Monitor,Established Standard Customers
0929-PECLO,0.1635636607748966,8273.52619999999,Monitor,Loyal Premium Customers
9170-GYZJC,0.1632964544642926,5017.209699999998,Monitor,Loyal Premium Customers
3162-KKZXO,0.16301737354822915,6328.506699999999,Monitor,Loyal Budget Customers
6754-LZUKA,0.16301371549354488,6387.722799999996,Monitor,Loyal Premium Customers
2001-EWBQU,0.16295296556981764,8479.2328,Monitor,Loyal Premium Customers
7975-JMZNT,0.16220868669905225,7824.4482,Monitor,Loyal Premium Customers
4186-ZBUEW,0.1616527452497043,3588.3885999999998,Monitor,Established Standard Customers
0691-JVSYA,0.16152399484764618,7154.621200000006,Monitor,Loyal Premium Customers
5268-DSMNQ,0.16137004270442215,6766.061199999991,Monitor,Loyal Premium Customers
8383-SGHJU,0.16113776058172594,2317.9648,Monitor,Established Standard Customers
7156-MXBJE,0.1606644660115469,3904.5196000000037,Monitor,Loyal Premium Customers
4803-LBYPN,0.16034771266873787,2237.4550999999983,Monitor,Loyal Budget Customers
5248-KWLAR,0.16002842558346375,7609.0142999999925,Monitor,Loyal Premium Customers
0019-EFAEP,0.15999568376633527,7424.355199999998,Monitor,Loyal Premium Customers
1447-PJGGA,0.15970681121780075,6605.3601000000035,Monitor,Loyal Premium Customers
8661-BOYNW,0.15960446063781486,6444.201599999998,Monitor,Loyal Premium Customers
7931-PXHFC,0.15940608986508548,4103.618300000007,Monitor,Loyal Premium Customers
6080-TCMYC,0.15904526874957592,3403.7781999999993,Monitor,Established Standard Customers
8788-DOXSU,0.15895365853489254,4244.680899999995,Monitor,Loyal Premium Customers
8910-LEDAG,0.1589362447070475,2867.5003000000024,Monitor,Established Standard Customers
4445-KWOKW,0.1586978474604918,3831.542700000001,Monitor,Loyal Premium Customers
4455-BFSPD,0.15866580652467646,8568.417499999992,Monitor,Loyal Premium Customers
3858-XHYJO,0.15856244304894462,5083.659299999994,Monitor,Loyal Premium Customers
1116-DXXDF,0.15855850722061893,5300.654099999993,Monitor,Loyal Premium Customers
9924-JPRMC,0.1582222715171282,10932.033899999988,Monitor,Loyal Premium Customers
8495-LJDFO,0.15817181595174346,8455.695999999998,Monitor,Loyal Premium Customers
6872-HXFNF,0.1579732173030715,6402.2193,Monitor,Loyal Premium Customers
5216-WASFJ,0.15752419455145963,2858.508900000003,Monitor,Established Standard Customers
3850-OKINF,0.15749620763373073,7210.428600000003,Monitor,Loyal Premium Customers
3612-YUNGG,0.1574369651781113,7672.930899999993,Monitor,Loyal Premium Customers
6416-JNVRK,0.1573093753919339,2824.5953000000013,Monitor,Established Standard Customers
4859-ZSRDZ,0.15721521274266964,3216.043999999999,Monitor,Loyal Premium Customers
8822-KNBHV,0.157065232512975,6068.246599999996,Monitor,Loyal Premium Customers
8580-QVLOC,0.15685846605797513,8287.712599999984,Monitor,Loyal Premium Customers
9359-UGBTK,0.15666624731827006,5303.556000000002,Monitor,Loyal Premium Customers
5049-MUBWG,0.15645966517908702,3109.177200000002,Monitor,Established Standard Customers
3522-CDKHF,0.15644849288860907,2988.411699999997,Monitor,Established Standard Customers
5269-NRGDP,0.1563199194393308,3724.198599999999,Monitor,Loyal Premium Customers
2284-VFLKH,0.1561056508113764,6686.592299999998,Monitor,Loyal Premium Customers
6586-MYGKD,0.15601486156209338,6618.1937,Monitor,Loyal Premium Customers
5061-PBXFW,0.15594693909149496,3435.3130999999994,Monitor,Established Standard Customers
2001-MCUUW,0.15574477241733115,6602.200300000001,Monitor,Loyal Premium Customers
2307-FYNNL,0.15526657276324268,7395.48430000001,Monitor,Loyal Premium Customers
6710-HSJRD,0.15476824753979854,7773.416500000006,Monitor,Loyal Premium Customers
9339-FIIJL,0.15463698589969915,6847.514100000001,Monitor,Loyal Premium Customers
9959-WOFKT,0.15442603919915038,8439.79339999999,Monitor,Loyal Premium Customers
4742-DRORA,0.15437828272191312,6121.6378,Monitor,Loyal Premium Customers
8751-EDEKA,0.15388354973705226,3526.256100000003,Monitor,Established Standard Customers
8034-RYTVV,0.15380180368372567,6917.213999999998,Monitor,Loyal Premium Customers
0670-ANMUU,0.1537287499272109,7921.815299999991,Monitor,Loyal Premium Customers
1708-PBBOA,0.15357141675220565,2360.9390999999996,Monitor,Loyal Premium Customers
5724-BIDBU,0.15352428657058803,4615.068300000003,Monitor,Loyal Budget Customers
8023-QHAIO,0.15288865201898238,5895.224799999993,Monitor,Loyal Budget Customers
1866-NXPSP,0.15269253026161925,3697.9946000000027,Monitor,Loyal Premium Customers
7470-DYNOE,0.15262766693704544,3624.7115999999946,Monitor,Loyal Premium Customers
7080-TNUWP,0.15240132990688143,8790.252799999998,Monitor,Loyal Premium Customers
0993-OSGPT,0.15170321832220698,6761.422300000006,Monitor,Loyal Premium Customers
1661-CZBAU,0.15143646846384048,5672.961799999999,Monitor,Loyal Premium Customers
5376-PCKNB,0.1512501204510921,8759.93140000001,Monitor,Loyal Premium Customers
4567-AKPIA,0.15077497097681045,5294.920499999999,Monitor,Loyal Premium Customers
7619-PLRLP,0.15064826917495094,5869.905799999999,Monitor,Loyal Premium Customers
2430-RRYUW,0.1503434960172941,4419.136999999993,Monitor,Loyal Premium Customers
4007-NHVHI,0.14999506493405185,7923.014800000009,Monitor,Loyal Premium Customers
8999-XXGNS,0.14991402729751507,8811.314000000002,Monitor,Loyal Premium Customers
0707-HOVVN,0.14985242662025644,8516.053300000009,Monitor,Loyal Premium Customers
2927-CVULT,0.1497027454032214,7077.469499999994,Monitor,Loyal Premium Customers
6695-AMZUF,0.14920521790950061,8253.186099999994,Monitor,Loyal Premium Customers
0675-NCDYU,0.14890806896823305,10599.766600000014,Monitor,Loyal Premium Customers
6741-EGCBI,0.14877856908117917,2795.1412999999966,Monitor,Established Standard Customers
3658-QQJYD,0.14854397402006833,7090.547400000005,Monitor,Loyal Premium Customers
1684-FLBGS,0.14826531364363466,2324.177700000002,Monitor,Established Standard Customers
0678-RLHVP,0.14778538303512354,6328.004700000003,Monitor,Loyal Premium Customers
3696-XRIEN,0.1477578543568399,5238.9574999999995,Monitor,Loyal Premium Customers
3761-FLYZI,0.14754623085114932,10121.782200000001,Monitor,Loyal Premium Customers
6050-FFXES,0.1470759890625707,8319.127899999996,Monitor,Loyal Premium Customers
6035-BXTTY,0.14636261820091814,2455.482400000002,Monitor,Established Standard Customers
3079-BCHLN,0.14627105164865456,2979.9358999999995,Monitor,Loyal Budget Customers
9473-CBZOP,0.1456928970589496,2542.973100000002,Monitor,Established Standard Customers
1785-BPHTP,0.14537445621718995,2470.178200000001,Monitor,Established Standard Customers
5304-EFJLP,0.14524686307448645,9280.497399999995,Monitor,Loyal Premium Customers
8853-TZDGH,0.14495648686298562,9653.878200000012,Monitor,Loyal Premium Customers
0667-NSRGI,0.144955943861006,4217.442299999997,Monitor,Loyal Premium Customers
5318-YKDPV,0.14477968835094254,5305.9765999999945,Monitor,Loyal Premium Customers
7753-USQYQ,0.1447467151386821,5125.847899999993,Monitor,Loyal Premium Customers
5837-LXSDN,0.14435363198170312,2137.250400000001,Monitor,Established Standard Customers
2988-QRAJY,0.1434642029043615,8208.108800000005,Monitor,Loyal Premium Customers
1951-IEYXM,0.14334801606810638,8928.424199999983,Monitor,Loyal Premium Customers
9027-TMATR,0.14215639746598738,5087.733799999996,Monitor,Loyal Premium Customers
7876-AEHIG,0.1419968174043092,3054.053,Monitor,Loyal Premium Customers
0428-IKYCP,0.14141970414228716,2965.8657000000007,Monitor,Established Standard Customers
0378-XSZPU,0.14093893152833128,4557.882499999998,Monitor,Loyal Premium Customers
2636-SJDOU,0.14079446171021592,7301.832799999996,Monitor,Loyal Premium Customers
5641-DMBFJ,0.1404014152407365,6808.511300000008,Monitor,Loyal Premium Customers
1053-MXTTK,0.1403298339711362,8753.183799999988,Monitor,Loyal Premium Customers
1448-CYWKC,0.1402534513795377,8666.600400000012,Monitor,Loyal Premium Customers
3898-GUYTS,0.14024958598347645,4814.387900000001,Monitor,Loyal Premium Customers
8670-ERCJH,0.13945756266160425,8385.748300000012,Monitor,Loyal Premium Customers
4355-CVPVS,0.13928209152950077,5669.822400000004,Monitor,Loyal Premium Customers
1114-CENIM,0.13880492544519368,3403.8830000000044,Monitor,Loyal Budget Customers
7954-MLBUN,0.13816512866693476,3427.4445000000014,Monitor,Loyal Premium Customers
3070-BDOQC,0.13812020323321494,7131.692700000001,Monitor,Loyal Premium Customers
3428-MMGUB,0.13797831394082236,6019.7125000000015,Monitor,Loyal Premium Customers
8715-KKTFG,0.13785402938330574,7546.455700000009,Monitor,Loyal Premium Customers
3192-NQECA,0.1375807311068939,8707.744399999996,Monitor,Loyal Premium Customers
6156-UZDLF,0.13753918355110034,3438.5993000000003,Monitor,Established Standard Customers
1163-ONYEY,0.1374667516340377,4263.367599999995,Monitor,Loyal Premium Customers
8869-LIHMK,0.1370023488589003,9982.62990000001,Monitor,Loyal Premium Customers
6933-FHBZC,0.1369478559136703,2476.895200000002,Monitor,Established Standard Customers
7541-YLXCL,0.13689098608512848,3460.4915000000037,Monitor,Loyal Premium Customers
7398-HPYZQ,0.1362723098309971,8511.550100000008,Monitor,Loyal Premium Customers
4334-HOWRP,0.13625895881115985,4499.9971000000005,Monitor,Loyal Premium Customers
0565-JUPYD,0.13625033674899475,7955.58230000001,Monitor,Loyal Premium Customers
9919-FZDED,0.13592073745350627,7172.7591999999995,Monitor,Loyal Premium Customers
3756-VNWDH,0.13513552305769205,8669.71589999999,Monitor,Loyal Premium Customers
0835-JKADZ,0.13365374648478612,10982.556299999987,Monitor,Loyal Premium Customers
4560-WQAQW,0.13329848951266599,5800.772299999999,Monitor,Loyal Premium Customers
8932-CZHRQ,0.13314229030031674,6600.381899999989,Monitor,Loyal Premium Customers
1492-KGETH,0.13288793489039571,8082.480999999992,Monitor,Loyal Premium Customers
0248-PGHBZ,0.1323252115287471,6474.4643,Monitor,Loyal Premium Customers
1480-BKXGA,0.13215831032450848,9932.394900000008,Monitor,Loyal Premium Customers
5751-USDBL,0.1319873857346394,5933.396699999998,Monitor,Loyal Premium Customers
1334-PDUKM,0.13132904144540244,6622.713700000001,Monitor,Loyal Premium Customers
9995-HOTOH,0.1312558622996069,3726.511999999998,Monitor,Loyal Premium Customers
4903-CNOZC,0.13105005924904833,2938.220599999999,Monitor,Established Standard Customers
0565-IYCGT,0.13104378335513783,7697.797400000003,Monitor,Loyal Premium Customers
8221-EQDGL,0.1308952535915388,3059.448400000003,Monitor,Established Standard Customers
4937-QPZPO,0.13012004499706284,8326.798600000007,Monitor,Loyal Premium Customers
1910-FMXJM,0.1301077182256175,4604.861100000007,Monitor,Established Standard Customers
6121-TNHBO,0.12979986733111218,6229.755699999992,Monitor,Loyal Premium Customers
3633-CDBUW,0.12956943604877566,2205.995599999998,Monitor,Established Standard Customers
6728-VOIFY,0.12952023346927646,7397.212100000004,Monitor,Loyal Premium Customers
5802-ADBRC,0.12951258096676202,6312.039500000008,Monitor,Loyal Premium Customers
4016-BJKTZ,0.1294982344097984,3445.301299999996,Monitor,Loyal Premium Customers
1307-TVUFB,0.12931011747838814,3774.5298000000034,Monitor,Loyal Budget Customers
9052-DHNKM,0.1292757448293914,2668.8754999999974,Monitor,Established Standard Customers
7693-QPEFS,0.1292551404297822,6104.100100000002,Monitor,Loyal Budget Customers
2519-TWKFS,0.12869651917494207,2336.2386000000006,Monitor,Established Standard Customers
5203-XEHAX,0.12853250659106497,3577.4031000000045,Monitor,Established Standard Customers
0930-EHUZA,0.12806664404100274,4178.288600000001,Monitor,Loyal Premium Customers
1090-PYKCI,0.1280661441202425,8922.988800000012,Monitor,Loyal Premium Customers
9209-NWPGU,0.12804516118982856,4426.202099999998,Monitor,Loyal Premium Customers
5494-WOZRZ,0.12766942076274504,8511.947300000002,Monitor,Loyal Premium Customers
5954-BDFSG,0.1272748547971368,8499.8513,Monitor,Loyal Premium Customers
3537-RYBHH,0.12669488689690858,5425.624199999999,Monitor,Loyal Premium Customers
8731-WBBMB,0.1262558479737762,2391.5578000000037,Monitor,Loyal Premium Customers
5256-SKJGO,0.12599134080596536,3457.343500000001,Monitor,Loyal Premium Customers
0727-BNRLG,0.12574047207043904,10129.613299999988,Monitor,Loyal Premium Customers
4001-TSBTV,0.12548565925413702,7870.005099999992,Monitor,Loyal Premium Customers
3508-CFVZL,0.12548384859718695,11362.31039999999,Monitor,Loyal Premium Customers
9681-KYGYB,0.12543543531929385,5417.683500000006,Monitor,Loyal Premium Customers
0743-HNPFG,0.12543464543221788,4475.240000000004,Monitor,Loyal Premium Customers
3503-TYDAY,0.12543035094902905,5253.268700000006,Monitor,Established Standard Customers
4853-RULSV,0.12531603273146766,8129.780999999992,Monitor,Loyal Premium Customers
0455-ENTCR,0.125136081860139,8352.192799999992,Monitor,Loyal Premium Customers
4829-ZLJTK,0.12512110315926583,9160.295900000003,Monitor,Loyal Premium Customers
3657-COGMW,0.12503875374066406,6344.115799999999,Monitor,Loyal Premium Customers
9128-CPXKI,0.12496698342128873,7407.731500000003,Monitor,Loyal Premium Customers
9405-GPBBG,0.12375146750805396,7467.2632000000085,Monitor,Loyal Premium Customers
5949-HGVJL,0.12374107035190514,2532.0318000000007,Monitor,Established Standard Customers
5183-KLYEM,0.12317957756736078,10586.295299999996,Monitor,Loyal Premium Customers
1810-MVMAI,0.12312889499822255,3426.784,Monitor,Established Standard Customers
5286-YHCVC,0.12303754790876245,10392.483000000002,Monitor,Loyal Premium Customers
9786-IJYDL,0.12284187359918668,4962.688099999996,Monitor,Loyal Premium Customers
4981-FLTMF,0.12264092699733348,4060.8941999999997,Monitor,Loyal Premium Customers
8071-SBTRN,0.12228133794057408,9353.83020000001,Monitor,Loyal Premium Customers
6568-POCUI,0.1221602341920166,6460.483799999999,Monitor,Loyal Premium Customers
6194-HBGQN,0.12195258870412891,5932.594899999997,Monitor,Loyal Premium Customers
6516-NKQBO,0.12170437860122917,3898.841099999995,Monitor,Loyal Premium Customers
6869-FGJJC,0.12163287994901073,6732.647299999994,Monitor,Loyal Premium Customers
3727-OWVYD,0.12093154709117103,3410.9398000000015,Monitor,Established Standard Customers
4159-NAAIX,0.12063834216061785,8644.367200000002,Monitor,Loyal Premium Customers
6475-VHUIZ,0.12063421987173019,2143.6868000000018,Monitor,Established Standard Customers
9308-ANMVE,0.1205656941308989,3912.041699999994,Monitor,Established Standard Customers
7036-TYDEC,0.1203938290965533,7440.983599999999,Monitor,Loyal Premium Customers
6614-FHDBO,0.12028462727004766,10440.470499999985,Monitor,Loyal Premium Customers
8465-SBRXP,0.12015320051018435,4513.895599999998,Monitor,Established Standard Customers
9114-VEPUF,0.1193596146968878,7903.492499999993,Monitor,Loyal Premium Customers
0114-IGABW,0.11932590794899127,4133.266300000003,Monitor,Loyal Premium Customers
6094-ZIVKX,0.11823710746414132,4858.592300000003,Monitor,Loyal Premium Customers
8454-AATJP,0.118050423671843,9763.292799999988,Monitor,Loyal Premium Customers
8738-JOKAR,0.1180086505991459,4638.203400000002,Monitor,Loyal Premium Customers
3407-JMJQQ,0.11800130738441643,8047.555199999992,Monitor,Loyal Premium Customers
2746-DIJLO,0.11774227970859384,3946.1773000000003,Monitor,Established Standard Customers
8961-QDZZJ,0.1175909236441014,7911.966100000012,Monitor,Loyal Premium Customers
7923-IYJWY,0.11751033320288129,10787.606600000001,Monitor,Loyal Premium Customers
6250-CGGUN,0.117465254675093,6194.941299999993,Monitor,Loyal Premium Customers
8929-KSWIH,0.11731081238531303,2617.2678000000024,Monitor,Loyal Premium Customers
9447-YPTBX,0.11730493868721759,2352.3761000000027,Monitor,Loyal Budget Customers
4647-MUZON,0.1172089542433787,2261.275899999996,Monitor,Established Standard Customers
0048-LUMLS,0.11718807961948301,4831.717099999997,Monitor,Loyal Premium Customers
7994-XIRTR,0.11715831234954163,3815.0883000000013,Monitor,Loyal Premium Customers
4973-RLZVI,0.11700454463248788,2528.3134,Monitor,Established Standard Customers
3733-UOCWF,0.11695942948710626,8067.211800000007,Monitor,Loyal Premium Customers
6734-FQAJX,0.11677759561915421,9415.481299999994,Monitor,Loyal Premium Customers
1573-LGXBA,0.11638537865345548,5939.106400000005,Monitor,Loyal Premium Customers
9821-BESNZ,0.1163447860705469,8631.626200000006,Monitor,Loyal Budget Customers
0869-PAPRP,0.11598091090398259,3293.8191999999976,Monitor,Established Standard Customers
0436-TWFFZ,0.11569311606548392,6446.277900000002,Monitor,Loyal Premium Customers
1022-RKXDR,0.11554487109958017,2292.2207999999996,Monitor,Loyal Budget Customers
0813-TAXXS,0.11545194111413,5785.067399999993,Monitor,Loyal Premium Customers
1043-UXOVO,0.11490143360778377,10036.028299999993,Monitor,Loyal Premium Customers
5360-LJCNJ,0.11480356332581974,8340.071100000003,Monitor,Loyal Premium Customers
6893-ODYYE,0.1145707134182033,5310.264700000005,Monitor,Loyal Premium Customers
0916-KNFAJ,0.11452161716014321,4734.059699999994,Monitor,Loyal Premium Customers
0178-SZBHO,0.11432022535214988,4381.571200000002,Monitor,Loyal Premium Customers
0771-WLCLA,0.11401129013830336,2477.726,Monitor,Established Standard Customers
0716-BQNDX,0.11395145881810387,5746.935800000006,Monitor,Loyal Premium Customers
0266-GMEAO,0.11379881188268577,9257.316999999994,Monitor,Loyal Premium Customers
3569-VLDHH,0.112465934233245,6959.463199999997,Monitor,Loyal Premium Customers
3174-AKMAS,0.11245673413489954,4648.894099999996,Monitor,Loyal Premium Customers
2683-JXWQQ,0.1122634682575012,2204.4226000000017,Monitor,Loyal Budget Customers
4472-VESGY,0.11203210169667713,6708.999699999997,Monitor,Loyal Premium Customers
0230-UBYPQ,0.11159196473597191,2284.147099999999,Monitor,Loyal Budget Customers
0177-PXBAT,0.11136392809943073,4439.391900000003,Monitor,Loyal Premium Customers
5996-EBTKM,0.11132625221832206,5611.372699999996,Monitor,Loyal Premium Customers
5149-QYTTU,0.11073460761636238,8972.953199999996,Monitor,Loyal Premium Customers
2933-XEUJM,0.11039360836829877,5725.745299999994,Monitor,Loyal Premium Customers
9619-GSATL,0.10961941350382745,2668.437999999997,Monitor,Loyal Budget Customers
0022-TCJCI,0.1095772544770181,3338.135400000001,Monitor,Loyal Premium Customers
0810-DHDBD,0.10951170105449641,5105.527599999994,Monitor,Loyal Premium Customers
9053-JZFKV,0.1093482560579367,10048.129300000006,Monitor,Loyal Premium Customers
0479-HMSWA,0.10924856596771287,2805.857700000001,Monitor,Loyal Premium Customers
6999-CHVCF,0.10922228420978067,10482.309100000002,Monitor,Loyal Premium Customers
1338-CECEE,0.10891998645095012,3433.9971999999952,Monitor,Loyal Premium Customers
3090-HAWSU,0.10861598715151387,7319.597100000005,Monitor,Loyal Premium Customers
2378-VTKDH,0.1085128209236159,7236.532600000007,Monitor,Loyal Premium Customers
5702-KVQRD,0.10819517877075133,7833.148500000011,Monitor,Loyal Premium Customers
3836-FZSDJ,0.10792670624647122,3397.0721999999973,Monitor,Loyal Budget Customers
4137-JOPHL,0.10728480347012719,5911.244200000002,Monitor,Loyal Premium Customers
5458-CQJTA,0.10720479049323359,7468.8982,Monitor,Loyal Premium Customers
9779-DPNEJ,0.10686848942341312,2538.6084999999966,Monitor,Established Standard Customers
9544-PYPSJ,0.10640783555567834,8833.994999999984,Monitor,Loyal Premium Customers
8996-ZROXE,0.10630910853858759,4687.536000000003,Monitor,Loyal Budget Customers
0909-SELIE,0.10604830360063816,7524.488799999995,Monitor,Loyal Premium Customers
6341-AEVKX,0.10588597173979937,9451.199400000012,Monitor,Loyal Premium Customers
1131-SUEKT,0.1058624376806943,8697.33449999999,Monitor,Loyal Premium Customers
8024-XNAFQ,0.105405606083181,9992.598599999981,Monitor,Loyal Premium Customers
6838-YAUVY,0.10527237631094435,5768.590300000007,Monitor,Loyal Premium Customers
9018-PCIOK,0.10511022610234733,5086.682099999993,Monitor,Loyal Premium Customers
6917-YACBP,0.1049515157639181,6934.429200000014,Monitor,Loyal Premium Customers
9298-WGMRW,0.10435397229444238,10038.335600000006,Monitor,Loyal Premium Customers
5306-BVTKJ,0.10423591819217529,4643.131599999996,Monitor,Loyal Premium Customers
4942-VZZOM,0.10412462396047198,6680.091199999996,Monitor,Loyal Premium Customers
9677-AVKED,0.10407630966412912,5158.0729999999985,Monitor,Loyal Premium Customers
3786-WOVKF,0.10405614350315223,8292.03079999999,Monitor,Loyal Premium Customers
8782-NUUOL,0.10378310052378692,6945.120700000008,Monitor,Loyal Premium Customers
4851-BQDNX,0.10370520323880533,3884.5034,Monitor,Established Standard Customers
0068-FIGTF,0.10360169239491614,3266.9440000000013,Monitor,Loyal Premium Customers
4622-YNKIJ,0.10345865365486726,4489.894300000003,Monitor,Established Standard Customers
4717-GHADL,0.10337070582095925,6453.8250999999955,Monitor,Loyal Premium Customers
3258-SYSWS,0.10299853732364304,9702.021500000008,Monitor,Loyal Premium Customers
2578-JQPHZ,0.10289710224116616,6524.1953000000085,Monitor,Loyal Premium Customers
2019-HDCZY,0.10271795152020922,6541.159999999994,Monitor,Loyal Premium Customers
2830-LEWOA,0.10268243742098422,9035.460800000015,Monitor,Loyal Premium Customers
2150-WLKUW,0.10260723795694826,4319.897900000001,Monitor,Established Standard Customers
8331-ZXFOE,0.1025596274523013,6783.6888,Monitor,Loyal Premium Customers
6603-QWSPR,0.10240584291308669,5131.824100000003,Monitor,Loyal Premium Customers
6421-SZVEM,0.1021415985159654,2775.2797000000014,Monitor,Established Standard Customers
7375-WMVMT,0.10199089504200799,6817.729599999992,Monitor,Loyal Premium Customers
3445-HXXGF,0.10183961867116922,2656.9800999999993,Monitor,Loyal Budget Customers
4718-WXBGI,0.10152484694944074,8531.45169999999,Monitor,Loyal Premium Customers
4973-MGTON,0.10134945314488049,6248.543599999999,Monitor,Loyal Premium Customers
8033-ATFAS,0.10105541667772136,4114.039300000004,Monitor,Established Standard Customers
3807-BPOMJ,0.10090325246350483,6537.342700000001,Monitor,Loyal Premium Customers
2483-XSSMZ,0.10058484944102397,2978.7411000000006,Monitor,Loyal Budget Customers
6797-UCJHZ,0.10053189162636827,8489.757699999993,Monitor,Loyal Premium Customers
3401-URHDA,0.099788022786129,3584.4202000000037,Monitor,Loyal Premium Customers
4627-MIHJH,0.09977851403528275,9118.408600000013,Monitor,Loyal Premium Customers
0621-TSSMU,0.09952945094977302,3871.062999999994,Monitor,Loyal Budget Customers
1898-JSNDC,0.09922413745377202,4009.463800000002,Monitor,Established Standard Customers
3186-AJIEK,0.09901808306297182,9117.015299999997,Monitor,Loyal Premium Customers
7995-ZHHNZ,0.09896928282303467,3368.294500000003,Monitor,Loyal Budget Customers
5879-HMFFH,0.09865143519498741,8890.735300000004,Monitor,Loyal Premium Customers
1544-JJMYL,0.09858939378078044,2858.1642999999995,Monitor,Established Standard Customers
5120-ZBLAI,0.09838891499317942,4289.9955,Monitor,Loyal Premium Customers
5056-FIMPT,0.0979778000306818,5094.631699999991,Monitor,Loyal Premium Customers
0083-PIVIK,0.09793168441811893,5667.950299999997,Monitor,Loyal Premium Customers
4598-ZADCK,0.09784264595836639,2853.1708000000044,Monitor,Loyal Premium Customers
9386-LDCZR,0.09772344710060873,5498.220200000005,Monitor,Loyal Premium Customers
3649-JPUGY,0.09758867019662472,9468.562399999984,Monitor,Loyal Premium Customers
1150-FTQGN,0.09722108933205784,8580.954299999989,Monitor,Loyal Premium Customers
3259-KNMRR,0.09700654535384515,5050.3895999999995,Monitor,Loyal Premium Customers
3126-WQMGH,0.09678454667952392,4090.1120000000014,Monitor,Loyal Budget Customers
3865-ZYKAD,0.09674637916733766,6856.044599999999,Monitor,Loyal Premium Customers
1061-PNTHC,0.0965747550188615,6785.025500000006,Monitor,Loyal Premium Customers
1265-XTECC,0.09644114371213419,6791.196899999998,Monitor,Loyal Premium Customers
2405-LBMUW,0.09633999839604095,3112.999399999999,Monitor,Loyal Premium Customers
5414-OFQCB,0.09622349319999225,7059.60789999999,Monitor,Loyal Premium Customers
3108-PCCGG,0.0961038997570855,7145.518499999994,Monitor,Loyal Premium Customers
4111-BNXIF,0.09584268137246751,4009.0395000000053,Monitor,Loyal Premium Customers
0379-DJQHR,0.09579140472265195,8216.989899999999,Monitor,Loyal Premium Customers
8570-KLJYJ,0.09553007342735488,2930.0951000000023,Monitor,Established Standard Customers
8631-NBHFZ,0.09545129474484457,7219.319299999992,Monitor,Loyal Premium Customers
8398-TBIYD,0.09530113370186162,6725.304900000002,Monitor,Loyal Premium Customers
9357-UJRUN,0.09527608693546055,2210.349000000001,Monitor,Established Standard Customers
4115-UMJFQ,0.09523057148054383,2472.9813999999997,Monitor,Loyal Budget Customers
2150-UWTFY,0.09520133914074094,2425.887399999995,Monitor,Established Standard Customers
5553-AOINX,0.0951841225704492,9557.2633,Monitor,Loyal Premium Customers
5566-SOEZD,0.09443583385783944,2604.489300000003,Monitor,Established Standard Customers
5278-PNYOX,0.09440385000501259,5601.134300000005,Monitor,Loyal Premium Customers
2200-DSAAL,0.09373566092580579,6822.223599999994,Monitor,Loyal Premium Customers
7621-VPNET,0.09357960213731999,4556.9815999999955,Monitor,Loyal Premium Customers
0795-LAFGP,0.09352547692859682,6855.583000000009,Monitor,Loyal Premium Customers
8947-YRTDV,0.09351523553036988,4515.404400000006,Monitor,Loyal Premium Customers
4366-CTOUZ,0.09336303493939602,5778.2669000000005,Monitor,Loyal Premium Customers
9297-EONCV,0.09323419964707201,9780.282199999985,Monitor,Loyal Premium Customers
7036-ZZKBD,0.09320944211867227,2904.4408000000008,Monitor,Established Standard Customers
8845-LWKGE,0.0931506261754926,3102.2065999999995,Monitor,Established Standard Customers
8646-JCOMS,0.09303001000577141,7111.5782999999965,Monitor,Loyal Premium Customers
0960-HUWBM,0.09299409885028061,9321.02619999999,Monitor,Loyal Premium Customers
1492-QGCLU,0.09277127636804205,5944.087899999998,Monitor,Loyal Premium Customers
6479-VDGRK,0.09263136524483051,8689.756000000016,Monitor,Loyal Premium Customers
3162-ZJZFU,0.09259049452049606,6172.415700000003,Monitor,Loyal Premium Customers
5569-IDSEY,0.09241931210496167,9533.029399999992,Monitor,Loyal Premium Customers
6103-LIANB,0.09125991889717047,8284.072700000013,Monitor,Loyal Premium Customers
3541-ZNUHK,0.09122709094715827,5661.839100000007,Monitor,Loyal Premium Customers
3911-RSNHI,0.09113281786905836,4334.023699999996,Monitor,Loyal Premium Customers
1768-HNVGJ,0.09105627237544812,3980.1811000000043,Monitor,Loyal Premium Customers
7581-EBBOU,0.09079337922035231,6652.644199999998,Monitor,Loyal Premium Customers
7029-IJEJK,0.09052429424238036,2289.669999999999,Monitor,Loyal Premium Customers
0906-QVPMS,0.09048568513330306,10832.827399999986,Monitor,Loyal Premium Customers
7244-QWYHG,0.0904145299444346,2178.654100000001,Monitor,Loyal Budget Customers
9845-PEEKO,0.09039270490607058,5070.033500000004,Monitor,Loyal Premium Customers
5872-OEQNH,0.09034740037566508,2752.2162999999987,Monitor,Loyal Premium Customers
2347-WKKAE,0.0900867091932056,5767.074100000003,Monitor,Loyal Premium Customers
6900-RBKER,0.089690625399826,5323.3037,Monitor,Loyal Premium Customers
2896-TBNBE,0.08962857760531044,3647.5571999999956,Monitor,Established Standard Customers
7361-YPXFS,0.08958746108218851,2225.8909000000003,Monitor,Established Standard Customers
6695-FRVEC,0.08943833208203196,5233.115400000007,Monitor,Loyal Premium Customers
6297-NOOPG,0.08919685222810794,9801.152499999995,Monitor,Loyal Premium Customers
3474-BAFSJ,0.08914612925305133,3406.5680000000048,Monitor,Loyal Premium Customers
8734-FNWVH,0.08897494577288079,2820.7304999999983,Monitor,Established Standard Customers
2651-ZCBXV,0.08876779745259739,6683.317299999994,Monitor,Loyal Premium Customers
7269-JISCY,0.08834149253448445,4535.848999999996,Monitor,Loyal Budget Customers
1431-AIDJQ,0.08824706795633797,2729.8115999999986,Monitor,Loyal Premium Customers
7159-NOKYQ,0.08796901352654021,7575.960899999998,Monitor,Loyal Premium Customers
8785-CJSHH,0.08774821199742257,8093.975600000009,Monitor,Loyal Premium Customers
7471-WNSUF,0.08772499128319429,2443.8820000000037,Monitor,Loyal Budget Customers
6360-SVNWV,0.08769304114203914,3659.0135999999993,Monitor,Established Standard Customers
6726-WEXXK,0.08769281258911396,3382.5293000000033,Monitor,Established Standard Customers
8097-OMULG,0.08769073596640369,5534.6739999999945,Monitor,Loyal Premium Customers
7197-VOJMM,0.08707799216692219,7719.812699999989,Monitor,Loyal Premium Customers
6435-VWCCY,0.0869958607036313,7715.139400000001,Monitor,Loyal Premium Customers
5693-PIPCS,0.08698706286692066,5133.452600000008,Monitor,Loyal Premium Customers
2703-AMTUL,0.08679779795766189,2375.0408999999995,Monitor,Established Standard Customers
2302-ANTDP,0.08663038909441607,7419.4486999999945,Monitor,Loyal Premium Customers
4000-VGMQP,0.08610798477004748,3353.029700000003,Monitor,Loyal Premium Customers
2055-SIFSS,0.0860511653493811,4611.579000000005,Monitor,Loyal Budget Customers
4057-FKCZK,0.08588890414570234,6620.431099999996,Monitor,Loyal Premium Customers
9297-FVVDH,0.08588007368366088,5399.894100000001,Monitor,Loyal Premium Customers
3571-DPYUH,0.08536464834991624,8030.755499999992,Monitor,Loyal Premium Customers
1452-XRSJV,0.08497885840534815,2610.5162,Monitor,Loyal Budget Customers
3280-MRDOF,0.08489956570353738,2712.8040000000033,Monitor,Established Standard Customers
9926-PJHDQ,0.0847394206369494,8509.797700000003,Monitor,Loyal Premium Customers
2192-CKRLV,0.08436076315991392,3596.7770000000055,Monitor,Loyal Premium Customers
5671-RQRLP,0.08409298640807347,6478.984400000002,Monitor,Loyal Budget Customers
2530-FMFXO,0.08392525568149424,8153.775299999996,Monitor,Loyal Premium Customers
3219-JQRSL,0.08374841260544962,8118.1880999999885,Monitor,Loyal Premium Customers
3709-OIJEA,0.08369180581971136,2818.162500000002,Monitor,New Budget Customers
7666-WKRON,0.0835644137687547,4050.371999999996,Monitor,Established Standard Customers
7860-KSUGX,0.08332451139410722,6767.625099999997,Monitor,Loyal Premium Customers
5498-IBWPI,0.08315565554512723,6656.181500000001,Monitor,Loyal Budget Customers
9906-NHHVC,0.08311335614589346,3525.320900000002,Monitor,Loyal Premium Customers
3500-NSDOA,0.08301287761164006,5618.6869999999935,Monitor,Loyal Premium Customers
2250-IVBWA,0.08287805538602143,7778.7211,Monitor,Loyal Premium Customers
4565-EVZMJ,0.08278228501803689,4142.0371,Monitor,Loyal Premium Customers
0459-SPZHJ,0.08271670345175759,6241.512899999994,Monitor,Loyal Premium Customers
9207-ZPANB,0.08255833946853107,2969.3325999999997,Monitor,Loyal Premium Customers
7130-YXBRO,0.08253813797742324,6265.7882000000045,Monitor,Loyal Premium Customers
1834-ABKHQ,0.08239003949620835,3227.262500000003,Monitor,Loyal Budget Customers
1360-XFJMR,0.08221336463689624,8544.711699999987,Monitor,Loyal Premium Customers
7572-KPVKK,0.08220374821784814,7634.798700000005,Monitor,Loyal Premium Customers
8059-UDZFY,0.08176013325832958,3875.8275999999955,Monitor,Loyal Premium Customers
1696-HXOWK,0.08156160933592843,7065.940899999998,Monitor,Loyal Premium Customers
7609-YBPXG,0.08086623173520166,5512.883100000001,Monitor,Loyal Premium Customers
2277-DJJDL,0.0806168630437191,6722.806200000009,Monitor,Loyal Premium Customers
4872-JCVCA,0.08040226819996538,3343.085199999995,Monitor,Loyal Premium Customers
9633-DENPU,0.07980819932449103,3016.7728999999977,Monitor,Loyal Premium Customers
5668-MEISB,0.07970765807565772,8058.671900000007,Monitor,Loyal Premium Customers
8679-LZBMD,0.07957559976087768,5101.514400000007,Monitor,Loyal Premium Customers
1730-VFMWO,0.07954205120184209,3284.113699999999,Monitor,Established Standard Customers
9777-IQHWP,0.07936681441829892,7843.944700000013,Monitor,Loyal Premium Customers
3506-OVLKD,0.07928449437920713,2574.4886000000024,Monitor,Loyal Budget Customers
4184-VODJZ,0.07922640099543408,8701.75919999999,Monitor,Loyal Premium Customers
9777-WJJPR,0.07920008521887359,3668.6018000000045,Monitor,Established Standard Customers
8100-PNJMH,0.07901335700314473,8979.831400000014,Monitor,Loyal Premium Customers
2511-MORQY,0.07890121440894154,3140.6224999999995,Monitor,Loyal Budget Customers
7733-UDMTP,0.07861077524926344,3130.3894999999957,Monitor,Loyal Premium Customers
8901-UPRHR,0.07854077574243741,10999.327800000001,Monitor,Loyal Premium Customers
4884-TVUQF,0.0784781802250046,7863.887499999994,Monitor,Loyal Premium Customers
7570-WELNY,0.07798988272887593,6009.315600000003,Monitor,Loyal Budget Customers
9412-ARGBX,0.07783669593666753,6158.0518000000075,Monitor,Loyal Premium Customers
3347-YJZZE,0.07763940808830487,2481.917200000001,Monitor,Loyal Premium Customers
9938-ZREHM,0.07761465421237211,4156.581000000003,Monitor,Loyal Premium Customers
3512-IZIKN,0.07745023611228458,7176.987700000002,Monitor,Loyal Premium Customers
6152-ONASV,0.07732342604549873,6784.170100000004,Monitor,Loyal Budget Customers
7682-AZNDK,0.07726218422873772,3713.0769999999984,Monitor,Established Standard Customers
8879-XUAHX,0.07716265422080552,8881.569899999997,Monitor,Loyal Premium Customers
6532-YLWSI,0.0770035450164223,3052.1737999999987,Monitor,Loyal Budget Customers
5827-MWCZK,0.07668226327011594,6724.610099999994,Monitor,Loyal Premium Customers
3617-XLSGQ,0.07666131634530311,8388.990199999998,Monitor,Loyal Premium Customers
1409-PHXTF,0.07659955493622893,7745.354299999998,Monitor,Loyal Premium Customers
6614-VBEGU,0.07658048816264378,2728.6890999999973,Monitor,Established Standard Customers
6892-BOGQE,0.07632182103381858,2515.5798999999993,Monitor,Loyal Budget Customers
7945-HLKEA,0.07629551592730942,6184.634599999998,Monitor,Loyal Premium Customers
1154-HYWWO,0.07595851985607173,4265.473300000004,Monitor,Loyal Premium Customers
9013-AQORL,0.0759070400558672,2185.1412000000023,Monitor,Loyal Premium Customers
8461-EFQYM,0.07570960773891866,2638.056100000002,Monitor,Loyal Budget Customers
4194-WHFCB,0.07568335598135498,8386.9303,Monitor,Loyal Premium Customers
3259-QMXUN,0.07553763469786007,6480.178399999999,Monitor,Loyal Premium Customers
9150-HEPMB,0.07522164133937734,4237.602399999994,Monitor,Loyal Budget Customers
9861-PDSZP,0.07520770284830754,8500.739499999992,Monitor,Loyal Premium Customers
5803-NQJZO,0.07513015998847687,5928.610900000002,Monitor,Loyal Premium Customers
7691-XVTZH,0.07507603691739702,8110.316100000013,Monitor,Loyal Premium Customers
4616-ULAOA,0.07498441422318242,10124.986600000015,Monitor,Loyal Premium Customers
9127-QRZMH,0.07487054362947644,3458.8910999999994,Monitor,Loyal Budget Customers
7781-EWARA,0.07486549775385277,4090.2671999999952,Monitor,Loyal Premium Customers
5018-GWURO,0.0747771482378935,7106.062899999999,Monitor,Loyal Premium Customers
1821-BUCWY,0.0746820774338115,2860.4034,Monitor,Established Standard Customers
1135-HIORI,0.07461207668808524,9716.174800000004,Monitor,Loyal Premium Customers
9063-ZGTUY,0.07430520967676224,4006.575000000003,Monitor,Loyal Budget Customers
9138-EFSMO,0.07429348905189075,2645.8029000000033,Monitor,Established Standard Customers
5110-CHOPY,0.07405712900273408,3266.068999999995,Monitor,Loyal Premium Customers
1936-UAFEH,0.07392562045728504,10726.823599999992,Monitor,Loyal Premium Customers
7225-CBZPL,0.07390637069550447,2261.3035000000013,Monitor,Established Standard Customers
3397-AVTKU,0.07365420038992285,3499.032600000004,Monitor,Loyal Premium Customers
6061-GWWAV,0.07345463659815085,3538.5737000000026,Monitor,Loyal Premium Customers
5317-FLPJF,0.07340445966038457,3925.5915999999997,Monitor,Loyal Premium Customers
5294-IMHHT,0.07340021309964607,6905.113500000004,Monitor,Loyal Premium Customers
2400-XIWIO,0.07337209813380939,7853.814699999993,Monitor,Loyal Premium Customers
7605-SNLQG,0.07337120283164628,2616.487300000002,Monitor,Loyal Budget Customers
2137-DQMEV,0.07325421579349753,2990.2146999999986,Monitor,Loyal Budget Customers
5130-YPIRV,0.07321356795501288,5165.4237,Monitor,Loyal Premium Customers
6116-RFVHN,0.07319933730700592,4741.807500000003,Monitor,Loyal Premium Customers
5248-RPYWW,0.07305604633198749,6970.057899999999,Monitor,Loyal Premium Customers
1004-NOZNR,0.07296388493346469,5895.7506,Monitor,Loyal Premium Customers
3262-EIDHV,0.07288643307565298,7731.731999999992,Monitor,Loyal Premium Customers
4513-CXYIX,0.07288521981783366,8768.508500000007,Monitor,Loyal Premium Customers
9408-HRXRK,0.07280215485435652,6814.195600000001,Monitor,Loyal Premium Customers
9432-RUVSL,0.07279359432679909,5883.202600000001,Monitor,Loyal Premium Customers
5201-CBWYG,0.07277801725466862,2538.4343000000013,Monitor,Loyal Budget Customers
6952-OMNWB,0.07254651884939484,7933.984400000003,Monitor,Loyal Premium Customers
7594-LZNWR,0.0724061330538903,2765.055500000005,Monitor,Established Standard Customers
6418-HNFED,0.0723396759605633,6199.506199999998,Monitor,Loyal Premium Customers
0112-QAWRZ,0.07222895404946224,2212.2238999999986,Monitor,Established Standard Customers
5605-XNWEN,0.0720963816301606,3787.8825000000006,Monitor,Loyal Budget Customers
8434-PNQZX,0.07186184718935078,4185.062599999999,Monitor,Loyal Premium Customers
0230-WEQUW,0.07185416693623616,3765.636500000006,Monitor,Loyal Premium Customers
9541-PWTWO,0.07162833159229567,6259.564799999998,Monitor,Loyal Premium Customers
4134-BSXLX,0.07114318047629013,2641.452000000003,Monitor,Established Standard Customers
3339-EAQNV,0.07106619918480725,7638.893099999996,Monitor,Loyal Premium Customers
2580-ATZSQ,0.07103306006706608,4982.532,Monitor,Loyal Premium Customers
7633-MVPUY,0.07089107563754288,5976.547199999997,Monitor,Loyal Premium Customers
6718-BDGHG,0.07071242677972864,3384.8789000000024,Monitor,Established Standard Customers
0487-CRLZF,0.07069749317002082,4120.0212000000065,Monitor,Loyal Premium Customers
0585-EGDDA,0.07065585238906495,4773.778599999999,Monitor,Established Standard Customers
4890-VMUAV,0.07065233700935743,5831.400200000003,Monitor,Loyal Premium Customers
3520-FJGCV,0.07062194812193737,9309.348099999997,Monitor,Loyal Premium Customers
0129-KPTWJ,0.0703798389257938,8885.6428,Monitor,Loyal Premium Customers
8868-GAGIO,0.07034771214407891,4712.309600000005,Monitor,Loyal Premium Customers
2676-SSLTO,0.07030211779815349,4128.437199999997,Monitor,Loyal Premium Customers
2924-KHUVI,0.07021526602523505,8115.752499999993,Monitor,Loyal Premium Customers
3410-MHHUM,0.07012996412392275,5385.021000000007,Monitor,Loyal Premium Customers
7940-UQQUG,0.0701259453561822,7603.588400000005,Monitor,Loyal Premium Customers
9531-NSBMR,0.07001858871205827,2494.0053999999973,Monitor,Loyal Budget Customers
3796-ENZGF,0.06984163984188027,7263.730399999988,Monitor,Loyal Premium Customers
1455-HFBXA,0.06966383583928668,5636.423200000007,Monitor,Loyal Premium Customers
2176-LVPNX,0.06924419181082957,9027.357600000007,Monitor,Loyal Premium Customers
9489-JMTTN,0.06913582224680008,7566.034299999998,Monitor,Loyal Premium Customers
4072-IPYLT,0.06890030654568109,2524.2284999999993,Monitor,Established Standard Customers
4967-WPNCF,0.06881755680297783,4504.933699999994,Monitor,Loyal Premium Customers
4188-PCPIG,0.06861252810990766,6735.034700000005,Monitor,Loyal Premium Customers
5148-ORICT,0.0685754326243733,6023.16629999999,Monitor,Loyal Premium Customers
6211-WWLTF,0.06855382530450875,8058.212900000009,Monitor,Loyal Premium Customers
8216-AZUUZ,0.06854323543793454,4738.601599999997,Monitor,Loyal Premium Customers
7173-TETGO,0.068541895994581,7908.0537000000095,Monitor,Loyal Premium Customers
5846-QFDFI,0.06853604287362655,3318.113700000003,Monitor,Loyal Premium Customers
1265-HVPZB,0.06839871941055177,4938.872599999998,Monitor,Loyal Premium Customers
4176-FXYBO,0.06801205429090712,8672.150100000013,Monitor,Loyal Premium Customers
8295-KMENE,0.06799438586864327,5286.941300000007,Monitor,Loyal Premium Customers
1837-YQUCE,0.06782297641864266,4191.722000000001,Monitor,Loyal Premium Customers
1557-EMYVT,0.06753403671967455,5816.528100000005,Monitor,Loyal Premium Customers
4760-THGOT,0.06746447975881527,6281.943699999998,Monitor,Loyal Premium Customers
8668-KNZTI,0.06729136231251057,5267.004300000001,Monitor,Loyal Budget Customers
6195-MELTI,0.06717406126875908,3716.420700000001,Monitor,Loyal Premium Customers
8390-FESFV,0.06708327665836702,5677.162199999996,Monitor,Loyal Premium Customers
3410-YOQBQ,0.06694284871500412,3334.2279999999964,Monitor,Loyal Premium Customers
5339-TJFEK,0.06673084093853968,7518.983999999996,Monitor,Loyal Premium Customers
0383-CLDDA,0.06650431956917034,7237.876699999993,Monitor,Loyal Premium Customers
1194-BHJYC,0.06646265580114934,3788.534499999998,Monitor,Loyal Premium Customers
6519-ZHPXP,0.06625472195587936,10814.630899999996,Monitor,Loyal Premium Customers
1518-OMDIK,0.06609907443704409,3203.3431999999993,Monitor,Loyal Budget Customers
9659-ZTWSM,0.06594032366892602,7589.23420000001,Monitor,Loyal Premium Customers
5397-TUPSH,0.06557382253501523,6511.965599999989,Monitor,Loyal Budget Customers
3638-WEABW,0.06548361982528256,6217.767799999992,Monitor,Loyal Premium Customers
1621-YNCJH,0.06534899067600992,4369.151,Monitor,Loyal Premium Customers
7301-ABVAD,0.06509037441404271,6715.054600000003,Monitor,Loyal Premium Customers
7255-SSFBC,0.06506767733676734,8852.26060000001,Monitor,Loyal Premium Customers
3134-DSHVC,0.06505117502013723,7712.767200000007,Monitor,Loyal Premium Customers
0523-VNGTF,0.06502673461701167,2595.093799999997,Monitor,Loyal Premium Customers
3308-JSGML,0.06500560804223023,3797.951099999999,Monitor,Loyal Premium Customers
9968-FFVVH,0.06487639841366052,6733.577899999999,Monitor,Loyal Premium Customers
7502-BNYGS,0.06486254986392269,4720.733299999994,Monitor,Loyal Premium Customers
8869-TORSS,0.06477571443252358,4502.249999999998,Monitor,Loyal Premium Customers
4129-LYCOI,0.06456726373270634,7885.66699999999,Monitor,Loyal Premium Customers
2887-JPYLU,0.06454123547392795,3592.6320000000014,Monitor,Loyal Budget Customers
2692-AQCPF,0.0644419649379906,9749.113000000001,Monitor,Loyal Premium Customers
0254-FNMCI,0.0644171757215867,10746.56839999999,Monitor,Loyal Premium Customers
1591-MQJTP,0.06434985571492453,5025.204099999996,Monitor,Loyal Premium Customers
7131-ZQZNK,0.06434339189370017,3614.7625000000035,Monitor,Loyal Premium Customers
8871-JLMHM,0.06415236250963625,6628.31360000001,Monitor,Loyal Premium Customers
8780-YRMTT,0.06409847197876148,3206.659199999999,Monitor,Loyal Budget Customers
8809-XKHMD,0.06405207145415483,10425.379299999988,Monitor,Loyal Premium Customers
4872-VXRIL,0.06399830728409202,6149.069399999991,Monitor,Loyal Premium Customers
2675-OTVVJ,0.0638351971323782,4189.651699999997,Monitor,Established Standard Customers
5485-ITNPC,0.06377169378190203,6315.739299999998,Monitor,Loyal Premium Customers
7103-IPXPJ,0.06376607101249628,6347.269300000001,Monitor,Loyal Premium Customers
2985-JUUBZ,0.06373547290899413,3581.724500000002,Monitor,Loyal Premium Customers
3638-VBZTA,0.06373490859400222,6712.778399999999,Monitor,Loyal Premium Customers
9470-RTWDV,0.0636187671918903,3023.9263000000024,Monitor,Established Standard Customers
7524-VRLPL,0.06358745114330329,5922.043700000001,Monitor,Loyal Premium Customers
2996-XAUVF,0.06354267938155574,2764.9401000000007,Monitor,Loyal Budget Customers
2990-IAJSV,0.06330803661719203,9889.717200000006,Monitor,Loyal Premium Customers
8042-RNLKO,0.06265202931638565,3824.1670000000013,Monitor,Loyal Budget Customers
8755-IWJHN,0.062550989495984,9864.173400000007,Monitor,Loyal Premium Customers
6993-YCOBK,0.06253413193927897,9077.029900000001,Monitor,Loyal Premium Customers
5153-LXKDT,0.06253279374930842,8802.037199999995,Monitor,Loyal Premium Customers
6087-YPWHO,0.06224618337368176,6044.577900000001,Monitor,Loyal Premium Customers
4940-KHCWD,0.06221797829212358,2327.8210000000017,Monitor,Loyal Budget Customers
8378-LKJAF,0.06207335658253157,4516.2114,Monitor,Loyal Premium Customers
2790-XUYMV,0.06204315162255715,8323.906399999993,Monitor,Loyal Premium Customers
5126-RCXYW,0.06191659043651389,2505.9564999999966,Monitor,Loyal Budget Customers
4376-KFVRS,0.06170586613094704,10265.159699999995,Monitor,Loyal Premium Customers
8645-KOMJQ,0.06153253381016805,9047.413699999985,Monitor,Loyal Premium Customers
9360-AHGNL,0.06148644114683124,5143.4861,Monitor,Loyal Premium Customers
9670-BPNXF,0.06134687177556234,3158.1614999999997,Monitor,Loyal Premium Customers
2234-EOFPT,0.0613362207103802,7854.817199999995,Monitor,Loyal Premium Customers
2239-CGBUZ,0.061295151665373096,5451.616500000003,Monitor,Loyal Premium Customers
6023-GSSXW,0.06118260735868223,4561.8074000000015,Monitor,Loyal Premium Customers
3096-WPXBT,0.06108470407497799,7178.250800000003,Monitor,Loyal Premium Customers
7446-KQISO,0.060829974818132765,5201.427899999998,Monitor,Loyal Premium Customers
3055-VTCGS,0.060450512006996034,5333.2656,Monitor,Loyal Premium Customers
3026-ATZYV,0.060421582135483154,2760.821199999998,Monitor,Loyal Premium Customers
3524-WQDSG,0.06006509242281377,4458.525100000004,Monitor,Loyal Premium Customers
6625-IUTTT,0.059988067801536524,7521.886100000006,Monitor,Loyal Premium Customers
9153-BTBVV,0.0598825229843394,5073.435800000007,Monitor,Loyal Budget Customers
8999-YPYBV,0.059833812267088636,5340.126199999994,Monitor,Loyal Premium Customers
7471-MQPOS,0.05927442421414005,8445.162999999995,Monitor,Loyal Premium Customers
2324-AALNO,0.059198085834059506,2239.1606000000033,Monitor,Loyal Budget Customers
7138-GIRSH,0.05907724925950964,4812.562499999993,Monitor,Loyal Premium Customers
9073-ZZIAY,0.05901838500444068,7974.183700000008,Monitor,Loyal Premium Customers
4701-LKOZD,0.05900203939203776,8509.250200000011,Monitor,Loyal Premium Customers
8823-RLPWL,0.05893388892941857,10988.876600000009,Monitor,Loyal Premium Customers
9711-FJTBX,0.05884249451954459,5447.346999999998,Monitor,Loyal Premium Customers
5727-MYATE,0.05883095681076107,7867.592299999994,Monitor,Loyal Premium Customers
5313-FPXWG,0.05864947527168243,2921.9301,Monitor,Loyal Budget Customers
0771-CHWSK,0.05860853595164625,7765.1174000000065,Monitor,Loyal Premium Customers
6916-HIJSE,0.05837624670176266,8190.514100000008,Monitor,Loyal Premium Customers
6388-TABGU,0.0582464893020162,4156.710699999992,Monitor,Loyal Premium Customers
0440-EKDCF,0.05809361734564206,5904.540699999992,Monitor,Loyal Premium Customers
8191-XWSZG,0.058081269449476475,2196.0338999999976,Monitor,Loyal Budget Customers
0744-BIKKF,0.05801915608277229,6933.890900000001,Monitor,Loyal Premium Customers
6339-TBELP,0.0579874530128609,6616.214199999999,Monitor,Loyal Premium Customers
0602-DDUML,0.05787550602970535,5995.6293000000005,Monitor,Loyal Premium Customers
3482-ABPKK,0.057707580621814615,2465.976499999999,Monitor,Established Standard Customers
9065-ZCPQX,0.057559688505269005,8458.665299999986,Monitor,Loyal Premium Customers
5334-JLAXU,0.05754598119891073,6594.233000000002,Monitor,Loyal Premium Customers
2252-NKNSI,0.057498628226276924,6101.038299999998,Monitor,Loyal Premium Customers
7654-YWJUF,0.057451984323715975,4154.675899999998,Monitor,Loyal Premium Customers
4767-HZZHQ,0.05731305072541665,2838.5083999999997,Monitor,Established Standard Customers
8079-XRJRS,0.05717972109351615,8753.40569999999,Monitor,Loyal Premium Customers
1063-DHQJF,0.05712187959001165,7817.90989999999,Monitor,Loyal Premium Customers
5150-LJNSR,0.057118683892328485,4158.792599999995,Monitor,Established Standard Customers
7432-FFVAR,0.05703553957205502,4661.3113,Monitor,Loyal Premium Customers
6922-NCEDI,0.05700339677826337,3956.5170999999955,Monitor,Loyal Budget Customers
0961-ZWLVI,0.056964877513760316,5557.740099999999,Monitor,Loyal Premium Customers
9121-PHQSR,0.056805673756636685,2123.011199999999,Monitor,Established Standard Customers
1080-BWSYE,0.05675676504897574,3548.341400000005,Monitor,Loyal Budget Customers
4713-ZBURT,0.05670351903589571,5685.567000000007,Monitor,Loyal Premium Customers
9548-LIGTA,0.05657049042641515,6071.343800000003,Monitor,Loyal Premium Customers
2451-YMUXS,0.05637122745422861,6218.101500000003,Monitor,Loyal Premium Customers
2088-IEBAU,0.056211564403206626,7549.144299999996,Monitor,Loyal Premium Customers
8348-JLBUG,0.05607314321965507,5989.753200000003,Monitor,Loyal Premium Customers
5377-NDTOU,0.0560044487356736,7033.139299999998,Monitor,Loyal Premium Customers
9000-PLFUZ,0.05599081036104257,3003.782599999996,Monitor,Loyal Budget Customers
5857-TYBCJ,0.05576606742714183,4717.932399999994,Monitor,Loyal Premium Customers
0222-CNVPT,0.05557857301938386,2547.5387999999966,Monitor,Loyal Premium Customers
3938-YFPXD,0.05543903191015357,8114.170400000005,Monitor,Loyal Premium Customers
3766-EJLFL,0.05525774495026296,8728.783499999998,Monitor,Loyal Premium Customers
5125-CNDSP,0.05521376225046611,2546.4285999999997,Monitor,Loyal Budget Customers
3841-NFECX,0.05512133002780077,10069.599199999999,Monitor,Loyal Premium Customers
5062-CJJKH,0.05508290656857688,2264.2501000000007,Monitor,Established Standard Customers
2188-SXWVT,0.054623738345987556,3427.5419,Monitor,Established Standard Customers
4553-DVPZG,0.05462223118632436,7115.937100000006,Monitor,Loyal Premium Customers
5680-LQOGP,0.0544779179971749,6643.480199999999,Monitor,Loyal Premium Customers
3654-ARMGP,0.05444436681456884,6540.654200000002,Monitor,Loyal Premium Customers
3705-PSNGL,0.05443353229982007,2128.7098,Monitor,Loyal Budget Customers
8745-PVESG,0.05439295939864586,2466.2073000000005,Monitor,Loyal Budget Customers
1686-STUHN,0.0543167068793176,2490.287000000002,Monitor,Loyal Budget Customers
2890-WFBHU,0.054136742185070724,4979.900199999999,Monitor,Loyal Premium Customers
1414-YADCW,0.05401156026279137,5931.165999999994,Monitor,Loyal Premium Customers
9127-FHJBZ,0.05395561234257003,10364.74719999999,Monitor,Loyal Premium Customers
4918-FYJNT,0.053823975558809564,6222.2599000000055,Monitor,Loyal Premium Customers
0530-IJVDB,0.05337166107399844,9771.735700000012,Monitor,Loyal Premium Customers
1839-UMACK,0.05323269612848501,2123.734300000002,Monitor,Loyal Budget Customers
6322-HRPFA,0.053086957235402764,3299.5147000000024,Monitor,Loyal Premium Customers
4568-KNYWR,0.053062117624664985,5784.0526999999975,Monitor,Loyal Premium Customers
8226-BXGES,0.052980468297576654,6731.6253999999935,Monitor,Loyal Premium Customers
6445-TNRXS,0.05295697041224786,10087.73299999999,Monitor,Loyal Premium Customers
0454-OKRCT,0.05292594924116467,3797.5149000000024,Monitor,Established Standard Customers
7297-DVYGA,0.05286565562712478,2536.2400000000034,Monitor,Loyal Budget Customers
0471-ARVMX,0.05286396747527943,7824.27580000001,Monitor,Loyal Premium Customers
8085-MSNLK,0.052521893093603104,9616.298400000014,Monitor,Loyal Premium Customers
5915-ANOEI,0.0524991225702326,8301.751300000002,Monitor,Loyal Premium Customers
8626-PTQGE,0.05239872291396649,4135.753499999996,Monitor,Loyal Premium Customers
2296-DKZFP,0.052276020339378504,4687.266299999995,Monitor,Loyal Premium Customers
5986-WWXDV,0.05212056566338697,2664.9298999999974,Monitor,Loyal Budget Customers
1676-MQAOA,0.052065438425777134,6306.293600000004,Monitor,Loyal Premium Customers
3892-NXAZG,0.051823751786106965,8683.16520000001,Monitor,Loyal Premium Customers
5140-FOMCQ,0.05171021912123963,8863.073599999992,Monitor,Loyal Premium Customers
3692-JHONH,0.051479461466661186,6936.1303999999955,Monitor,Loyal Premium Customers
6261-RCVNS,0.051312258817255034,3441.746099999998,Monitor,Loyal Premium Customers
2882-WDTBA,0.051285208919172105,8446.50940000001,Monitor,Loyal Premium Customers
9958-MEKUC,0.05116721775191891,10749.617200000002,Monitor,Loyal Premium Customers
2234-XADUH,0.05087106013382175,9513.799900000004,Monitor,Loyal Premium Customers
8672-OAUPW,0.05077399822395514,4382.174500000004,Monitor,Loyal Budget Customers
6559-RAKOZ,0.05074572784995596,5646.698700000003,Monitor,Loyal Premium Customers
3374-TTZTK,0.05073660549370528,7952.86770000001,Monitor,Loyal Premium Customers
5862-BRIXZ,0.05072412823789343,2910.7474999999995,Monitor,Loyal Premium Customers
9110-HSGTV,0.05072358450503332,7366.279200000001,Monitor,Loyal Premium Customers
4686-GEFRM,0.05063780213613124,10086.330599999988,Monitor,Loyal Premium Customers
1023-BQXZE,0.050590023870106235,5718.261499999998,Monitor,Loyal Premium Customers
5762-TJXGK,0.050256730258076275,3036.637199999996,Monitor,Loyal Premium Customers
2302-OUZXB,0.05024519953331684,7235.164800000008,Monitor,Loyal Premium Customers
8091-TTVAX,0.05019668761132012,6129.059499999996,Monitor,Loyal Premium Customers
3166-PNEOF,0.04964524720187466,5574.658599999995,Monitor,Loyal Premium Customers
9931-DCEZH,0.049608515596861226,2500.015000000005,Monitor,Established Standard Customers
3889-VWBID,0.04952289187538873,7594.982600000006,Monitor,Loyal Premium Customers
8144-DGHXP,0.049441080906983056,6356.880600000003,Monitor,Loyal Premium Customers
9609-BENEA,0.049396540597146044,3962.3692000000037,Monitor,Established Standard Customers
7569-NMZYQ,0.04926729724997563,11462.697900000012,Monitor,Loyal Premium Customers
8984-EYLLL,0.049223461003459,9497.983199999999,Monitor,Loyal Premium Customers
4648-YPBTM,0.049216078451200025,4409.236699999998,Monitor,Loyal Premium Customers
2176-OSJUV,0.04908337800905055,7321.13150000001,Monitor,Loyal Premium Customers
7672-VFMXZ,0.04903128219520197,4136.9542,Monitor,Loyal Premium Customers
4826-DXMUP,0.049010766658417616,2904.5490999999997,Monitor,Loyal Premium Customers
0969-RGKCU,0.04869719716945398,2325.526600000001,Monitor,Loyal Budget Customers
5027-YOCXN,0.048604650847566516,6708.8647,Monitor,Loyal Premium Customers
0206-TBWLC,0.04853429620548317,6613.502599999991,Monitor,Loyal Premium Customers
7639-LIAYI,0.0482165708672873,5726.1858999999995,Monitor,Loyal Premium Customers
5982-PSMKW,0.04807020393901863,2859.797299999995,Monitor,Loyal Premium Customers
3873-WOSBC,0.04797793222771671,2545.675600000004,Monitor,Loyal Budget Customers
7641-TQFHN,0.04785224416108014,4436.347899999996,Monitor,Loyal Premium Customers
9592-ERDKV,0.04780524049613113,3226.277500000002,Monitor,Loyal Premium Customers
2391-IPLOP,0.04759068466754991,4260.304600000006,Monitor,Loyal Premium Customers
5161-UBZXI,0.04749657830263696,10292.64959999999,Monitor,Loyal Premium Customers
0326-VDYXE,0.0474417551068165,8067.0623999999925,Monitor,Loyal Premium Customers
5945-AZYHT,0.04720305785380474,11273.5771,Monitor,Loyal Premium Customers
9880-TDQAC,0.04716855744481901,4209.5875000000015,Monitor,Loyal Premium Customers
1394-SUIUH,0.047114455327123404,5795.5434,Monitor,Loyal Premium Customers
8345-MVDYC,0.047085644700676874,5486.763699999999,Monitor,Loyal Premium Customers
1177-XZBJL,0.04705482382793446,5442.235600000004,Monitor,Loyal Premium Customers
5360-XGYAZ,0.046915210335792476,4690.1902,Monitor,Loyal Premium Customers
2027-WKXMW,0.04672941212458607,8108.341500000004,Monitor,Loyal Premium Customers
5155-AZQPB,0.04666001553320338,2582.1086000000023,Monitor,New Budget Customers
2925-VDZHY,0.046535628549707844,8496.744599999993,Monitor,Loyal Premium Customers
7025-WCBNE,0.046493454596865894,3770.5416999999998,Monitor,Loyal Premium Customers
2211-RMNHO,0.04648781646833905,7686.630000000001,Monitor,Loyal Premium Customers
6051-PTVNS,0.04627416125886803,2534.3660000000023,Monitor,Loyal Budget Customers
3567-PQTSO,0.04601084700972223,5880.162900000005,Monitor,Loyal Premium Customers
2863-IMQDR,0.0459258348975209,7025.743400000003,Monitor,Loyal Premium Customers
2977-CEBSX,0.04584570754432648,6959.953400000006,Monitor,Loyal Premium Customers
3545-CNWRG,0.045828455291378446,6113.829800000006,Monitor,Loyal Premium Customers
4079-WWQQQ,0.04581669458030048,4741.927000000005,Monitor,Loyal Premium Customers
6925-BAYGL,0.04573341558995549,2304.4930000000018,Monitor,Loyal Budget Customers
7136-IHZJA,0.04562316062692186,4209.603399999997,Monitor,Loyal Premium Customers
9227-YBAXE,0.04555050026855159,5641.759699999992,Monitor,Loyal Premium Customers
6701-YVNQG,0.04554931769546553,9545.0586,Monitor,Loyal Premium Customers
1304-SEGFY,0.04553771561959684,7131.6129999999985,Monitor,Loyal Premium Customers
2649-HWLYB,0.045524541066003135,6296.2146999999995,Monitor,Loyal Premium Customers
1810-BOHSY,0.04549432781755075,6757.813700000004,Monitor,Loyal Premium Customers
0254-WWRKD,0.045492989297144466,6725.974400000003,Monitor,Loyal Budget Customers
3572-UUHRS,0.04538576997237129,2780.6362000000013,Monitor,Loyal Budget Customers
9570-KYEUA,0.04525657456122672,8788.92040000001,Monitor,Loyal Premium Customers
9070-BCKQP,0.045157210523260195,9479.886099999992,Monitor,Loyal Premium Customers
3392-EHMNK,0.04514109284150595,7142.31619999999,Monitor,Loyal Premium Customers
2931-SVLTV,0.04509227403602099,4842.235499999993,Monitor,Loyal Premium Customers
8421-WZOOW,0.04502997399830401,7103.333099999996,Monitor,Loyal Premium Customers
9475-NNDGC,0.044849920188209935,9883.280699999994,Monitor,Loyal Premium Customers
1271-UODNO,0.04472158374388649,2311.337200000005,Monitor,Established Standard Customers
4589-IUAJB,0.044705826838754736,3613.250399999999,Monitor,Loyal Budget Customers
2223-GDSHL,0.04453922181649495,10092.833000000002,Monitor,Loyal Premium Customers
5887-IKKYO,0.044476742394938935,5843.850199999997,Monitor,Loyal Premium Customers
4909-JOUPP,0.04434279798594375,9815.016599999992,Monitor,Loyal Premium Customers
8800-ZKRFW,0.04427806797504705,3945.8505999999948,Monitor,Loyal Premium Customers
2589-AYCRP,0.04426157545030756,2869.1192999999976,Monitor,Loyal Budget Customers
2969-VAPYH,0.04420941815263405,6428.5017000000025,Monitor,Loyal Premium Customers
1227-UDMZR,0.04418981829310648,6832.709800000004,Monitor,Loyal Premium Customers
9258-CNWAC,0.04410792769967798,8400.681400000009,Monitor,Loyal Premium Customers
4821-SJHJV,0.04407847518051803,4442.088599999995,Monitor,Established Standard Customers
9481-IEBZY,0.04405256862335994,10238.774599999988,Monitor,Loyal Premium Customers
5387-ASZNZ,0.0440187463527527,6584.4333000000115,Monitor,Loyal Budget Customers
8050-DVOJX,0.043865023510453,6195.356400000002,Monitor,Loyal Premium Customers
1333-PBMXB,0.04382853479484581,2780.207900000002,Monitor,Loyal Budget Customers
9571-EDEBV,0.04355134188985848,9431.905399999994,Monitor,Loyal Premium Customers
7898-PDWQE,0.04353109102906515,6988.110799999996,Monitor,Loyal Premium Customers
5651-YLPRD,0.04328393039682218,3741.246299999999,Monitor,Established Standard Customers
3398-GCPMU,0.04327678036818255,6822.585400000002,Monitor,Loyal Premium Customers
9028-LIHRP,0.04326011206829105,9548.089099999994,Monitor,Loyal Premium Customers
8561-NMTBD,0.04323595578142581,8756.600700000005,Monitor,Loyal Premium Customers
7838-LAZFO,0.042955384211379975,4007.2045999999987,Monitor,Loyal Premium Customers
8510-BBWMU,0.04291767916515043,2351.8519999999985,Monitor,Loyal Budget Customers
1897-OKVMW,0.042841387451291464,8235.951399999993,Monitor,Loyal Premium Customers
3370-GQEAL,0.04283262087079454,3319.3481000000006,Monitor,Established Standard Customers
6461-PPAXN,0.04257997439835632,3454.718699999997,Monitor,Established Standard Customers
8628-MFKAX,0.0425559032338044,9351.161400000014,Monitor,Loyal Premium Customers
1545-JFUML,0.042466507343800634,10154.851999999992,Monitor,Loyal Premium Customers
4385-ZKVNW,0.04245571655759017,4619.988399999995,Monitor,Loyal Budget Customers
1599-MMYRQ,0.04244248607217478,7378.640499999992,Monitor,Loyal Premium Customers
2550-AEVRU,0.042300738726718794,4085.5656000000035,Monitor,Loyal Budget Customers
3057-VJJQE,0.042262960734688305,2652.7031000000006,Monitor,Established Standard Customers
7566-DSRLQ,0.04218297929619103,8862.411200000002,Monitor,Loyal Premium Customers
2612-PHGOX,0.04207110791704131,5313.3582000000015,Monitor,Loyal Premium Customers
1042-HFUCW,0.042036989342650835,2282.7920000000004,Monitor,Established Standard Customers
7472-EQOAV,0.04201184060797153,8323.598099999992,Monitor,Loyal Premium Customers
2408-PSJVE,0.04200054879619546,5089.354599999999,Monitor,Loyal Budget Customers
5893-PYOLZ,0.04199391365784219,7148.6571999999915,Monitor,Loyal Premium Customers
3179-GBRWV,0.04184315143490026,2381.2887,Monitor,New Budget Customers
1813-JYWTO,0.041826412523350336,6296.896799999997,Monitor,Loyal Premium Customers
8884-FEEWR,0.04178778629202403,2206.4132000000022,Monitor,Loyal Budget Customers
7109-CQYUZ,0.041687756502022374,5008.3136,Monitor,Loyal Premium Customers
7054-DMVAS,0.04151771262910641,4567.2737999999945,Monitor,Loyal Premium Customers
1568-LJSZU,0.04147708071856572,8964.875799999985,Monitor,Loyal Premium Customers
4835-YSJMR,0.041462070065824745,2167.9849000000036,Monitor,Loyal Budget Customers
6953-PBDIN,0.041373470292778304,7955.5819999999985,Monitor,Loyal Premium Customers
6635-CPNUN,0.040751216973352565,3645.683499999999,Monitor,Established Standard Customers
8990-YOZLV,0.04063636571987189,5566.869899999999,Monitor,Loyal Premium Customers
5736-YEJAX,0.04060996141051679,7369.261899999989,Monitor,Loyal Premium Customers
8908-NMQTX,0.04053143096647921,4613.917,Monitor,Loyal Premium Customers
3489-VSFRD,0.04051303789494905,5033.500499999993,Monitor,Loyal Premium Customers
2251-PYLPB,0.0404542189678437,8921.2063,Monitor,Loyal Premium Customers
0064-YIJGF,0.03988278577686976,2624.342799999997,Monitor,Established Standard Customers
3391-JSQEW,0.039735633876503265,3067.130699999998,Monitor,Loyal Budget Customers
3251-YMVWZ,0.03969728185001257,3301.167200000003,Monitor,Loyal Budget Customers
5792-JALQC,0.039674892672458516,4949.8620000000055,Monitor,Loyal Premium Customers
9361-YNQWJ,0.03949045661612538,2610.1325000000015,Monitor,Loyal Budget Customers
3780-DDGSE,0.039394684186494194,3181.7517,Monitor,Loyal Premium Customers
6048-NJXHX,0.03935985344968507,2353.0640999999987,Monitor,Loyal Budget Customers
5913-INRQV,0.03910109793251144,3991.3434000000034,Monitor,Established Standard Customers
4549-ZDQYY,0.03896391892108416,4885.8507999999965,Monitor,Loyal Premium Customers
7868-BGSZA,0.03895153445514618,5004.969499999997,Monitor,Loyal Premium Customers
4849-PYRLQ,0.038907767774593954,6291.4726,Monitor,Loyal Premium Customers
2277-BKJKN,0.038801192257391336,8698.511099999998,Monitor,Loyal Premium Customers
5678-VFNEQ,0.0387508457036094,7681.823999999989,Monitor,Loyal Premium Customers
0788-DXBFY,0.038712370606153006,2739.187599999997,Monitor,Loyal Budget Customers
9746-MDMBK,0.038637590678702184,5548.371100000002,Monitor,Loyal Premium Customers
8207-DMRVL,0.038622560181521014,9842.887700000014,Monitor,Loyal Premium Customers
9853-JFZDU,0.03858843194291505,2589.4404999999992,Monitor,Established Standard Customers
5067-WJEUN,0.03851139975560473,4586.4967,Monitor,Loyal Budget Customers
6614-YOLAC,0.038451318626488006,4158.780199999999,Monitor,Loyal Premium Customers
8717-VCTXJ,0.038376785889440046,2883.3301,Monitor,Loyal Budget Customers
0330-BGYZE,0.038189809247316596,7379.308700000003,Monitor,Loyal Premium Customers
6885-PKOAM,0.038113623339058204,8357.558,Monitor,Loyal Premium Customers
0320-DWVTU,0.03803228967990656,7638.605999999997,Monitor,Loyal Premium Customers
0187-WZNAB,0.03784852770211451,3224.876500000001,Monitor,Established Standard Customers
6339-RZCBJ,0.03778874762413784,3948.905600000004,Monitor,Loyal Premium Customers
3951-NJCVI,0.03765514240244842,5828.497400000001,Monitor,Established Standard Customers
9351-HXDMR,0.037618052252336234,11293.645500000002,Monitor,Loyal Premium Customers
1934-MKPXS,0.03755617126717634,2198.702499999999,Monitor,Loyal Budget Customers
8207-VVMYB,0.03752270162714942,2881.143800000004,Monitor,Loyal Budget Customers
4615-PIVVU,0.037494313595502995,4363.621499999999,Monitor,Loyal Premium Customers
8205-VSLRB,0.03745997528769027,5802.627099999999,Monitor,Loyal Premium Customers
5329-KRDTM,0.037389597715429566,7846.544399999996,Monitor,Loyal Premium Customers
2796-NNUFI,0.03738710986176871,2356.889000000001,Monitor,Loyal Budget Customers
1174-FGIFN,0.03735673852769549,3358.1895000000018,Monitor,Established Standard Customers
5481-NTDOH,0.037225856962074956,9694.144099999998,Monitor,Loyal Premium Customers
5188-HGMLP,0.037217283162995676,5912.293899999998,Monitor,Loyal Budget Customers
3128-YOVTD,0.03700930404794003,4287.881000000001,Monitor,Loyal Premium Customers
9625-QNLUX,0.03698244002974898,8578.7172,Monitor,Loyal Premium Customers
8311-UEUAB,0.03680622629949935,5323.053400000003,Monitor,Loyal Premium Customers
8587-XYZSF,0.03679142427922019,6114.942300000001,Monitor,Loyal Budget Customers
1121-QSIVB,0.03671953869532501,3741.327599999996,Monitor,Loyal Premium Customers
0254-KCJGT,0.03647914862269618,6445.7418000000025,Monitor,Loyal Premium Customers
5117-IFGPS,0.036450830577105055,3446.0293,Monitor,Established Standard Customers
3400-ESFUW,0.036439880619852504,3571.878300000003,Monitor,Loyal Premium Customers
4947-DSMXK,0.03636106957245836,4810.227099999995,Monitor,Loyal Premium Customers
8402-EIVQS,0.03624738965145056,8970.2403,Monitor,Loyal Premium Customers
3481-JHUZH,0.03622855939390721,4967.7876,Monitor,Established Standard Customers
5676-CFLYY,0.03596910187005059,6376.028999999998,Monitor,Loyal Premium Customers
7100-FQPRV,0.035775546643689954,5189.858400000004,Monitor,Loyal Premium Customers
9620-QJREV,0.03566554452335228,2972.115499999997,Monitor,Loyal Budget Customers
5055-BRMNE,0.0356403746511421,9762.59199999999,Monitor,Loyal Premium Customers
4825-XJGDM,0.035605750366632966,2674.316999999999,Monitor,Loyal Premium Customers
2192-OZITF,0.03559436917086529,5402.096900000008,Monitor,Loyal Premium Customers
8404-VIOMB,0.035517709253762214,4114.8515000000025,Monitor,Loyal Premium Customers
6870-ZWMNX,0.03551033092216442,7732.154500000009,Monitor,Loyal Premium Customers
8590-YFFQO,0.03539266048489893,4706.471700000004,Monitor,Loyal Premium Customers
9107-UKCKY,0.03529683337776472,6652.962199999993,Monitor,Loyal Premium Customers
1139-WUOAH,0.03529022503601889,3166.907499999995,Monitor,Loyal Premium Customers
3363-DTIVD,0.035288804076862315,9189.843000000008,Monitor,Loyal Premium Customers
7017-VFHAY,0.03522382329553698,8112.488500000007,Monitor,Loyal Premium Customers
2439-LYPMQ,0.03518948707030796,4083.9181000000044,Monitor,Loyal Premium Customers
4676-MQUEA,0.03481024562594259,6000.1839,Monitor,Loyal Premium Customers
2581-VKIRT,0.03447705046402748,4786.444200000005,Monitor,Loyal Premium Customers
2332-TODQS,0.03445233434253187,2813.0441000000046,Monitor,Loyal Budget Customers
2987-BJXIK,0.03438048269061824,7206.861799999996,Monitor,Loyal Premium Customers
8571-ZCMCX,0.03419109406527975,2835.9501999999984,Monitor,Loyal Premium Customers
1716-LSAMB,0.034122249245276494,4603.444900000003,Monitor,Established Standard Customers
8591-TKMZH,0.03410023662291983,9163.22889999999,Monitor,Loyal Premium Customers
5232-NXPAY,0.03405111406900023,3779.4822000000067,Monitor,Loyal Premium Customers
8060-HIWJJ,0.034026535583993774,6502.138800000002,Monitor,Loyal Premium Customers
9067-SQTNS,0.03401106884680407,2461.2127999999966,Monitor,Loyal Budget Customers
2696-ECXKC,0.0339489910577653,7810.929999999993,Monitor,Loyal Premium Customers
1036-GUDCL,0.03385794974090594,7486.877099999996,Monitor,Loyal Budget Customers
2292-XQWSV,0.03378634754546675,2490.457,Monitor,Loyal Premium Customers
7560-QJAVJ,0.033709538418031953,8905.637300000002,Monitor,Loyal Premium Customers
9419-IPPBE,0.033553418004392176,5712.784700000003,Monitor,Loyal Premium Customers
0562-KBDVM,0.033551569614881406,3085.1422999999977,Monitor,Loyal Premium Customers
2190-PHBHR,0.03350071035333034,8350.529899999992,Monitor,Loyal Premium Customers
5930-GBIWP,0.03341248985729528,5817.717200000002,Monitor,Loyal Premium Customers
2878-RMWXY,0.0334047680457764,9491.614800000008,Monitor,Loyal Premium Customers
0017-IUDMW,0.033309020858336265,9514.98569999999,Monitor,Loyal Premium Customers
7030-FZTFM,0.03326806145008437,11237.700900000013,Monitor,Loyal Premium Customers
4250-WAROZ,0.033242214211388454,6888.883299999995,Monitor,Loyal Premium Customers
8106-GWQOK,0.03319159937694636,2204.3397,Monitor,Loyal Premium Customers
0840-DCNZE,0.033141820589770374,5717.698300000001,Monitor,Loyal Premium Customers
9964-WBQDJ,0.03308706690975466,3464.8882,Monitor,Loyal Budget Customers
6370-ZVHDV,0.03303084971677339,3964.0740999999935,Monitor,Loyal Budget Customers
4006-HKYHO,0.0330307544134382,7253.574000000004,Monitor,Loyal Premium Customers
1987-AUELQ,0.03296261168065069,4971.614000000009,Monitor,Loyal Budget Customers
7873-CVMAW,0.03295197459174683,9584.155800000002,Monitor,Loyal Premium Customers
8242-PDSGJ,0.032914933128953446,2683.498,Monitor,Loyal Budget Customers
8597-CTXVJ,0.03285938092834044,6260.838000000011,Monitor,Loyal Premium Customers
3099-OONVS,0.03275144684161443,2263.7220999999977,Monitor,Established Standard Customers
7892-QVYKW,0.032711600007777404,2211.818100000002,Monitor,Established Standard Customers
4636-JGAAI,0.032660630444742746,3487.411399999999,Monitor,Established Standard Customers
0229-LFJAF,0.032640723704323436,5214.273600000003,Monitor,Loyal Premium Customers
3249-VHRIP,0.032634537375185506,2715.0052,Monitor,Loyal Premium Customers
7973-DZRKH,0.03262029702467548,7793.192599999993,Monitor,Loyal Premium Customers
3865-QBWSJ,0.03254747473478226,4793.332900000008,Monitor,Established Standard Customers
3887-PBQAO,0.03254436565409444,2229.9235999999983,Monitor,Loyal Budget Customers
5196-WPYOW,0.032413608373919045,4615.628,Monitor,Loyal Premium Customers
8058-DMYRU,0.03218204607675171,5257.938899999999,Monitor,Loyal Budget Customers
8265-HKSOW,0.03204118633493849,8919.730599999997,Monitor,Loyal Premium Customers
7971-HLVXI,0.031780973252929196,9220.296999999991,Monitor,Loyal Premium Customers
2190-BCXEC,0.03161109770426002,4840.395,Monitor,Established Standard Customers
8316-BBQAY,0.03149333551639008,3871.1476999999973,Monitor,Loyal Premium Customers
3161-ONRWK,0.031471466806105054,6684.905499999996,Monitor,Loyal Premium Customers
0111-KLBQG,0.031428356252612547,3975.5856999999987,Monitor,Loyal Premium Customers
5380-XPJNZ,0.03142347161696298,2206.0984,Monitor,Loyal Budget Customers
6463-MVYRY,0.03139507019268836,4688.936999999994,Monitor,Loyal Premium Customers
7217-JYHOQ,0.03126068851854951,2776.5184999999988,Monitor,Established Standard Customers
9356-AXGMP,0.031177440617267706,5294.068300000002,Monitor,Loyal Premium Customers
9281-CEDRU,0.03108174051356848,4823.685399999997,Monitor,Loyal Premium Customers
3948-KXDUF,0.031032681307800437,5829.640799999999,Monitor,Loyal Premium Customers
3528-HFRIQ,0.030863092629711927,3727.4090999999944,Monitor,Loyal Premium Customers
4163-HFTUK,0.03081609658741181,2517.7405000000026,Monitor,Loyal Budget Customers
8883-ANODQ,0.030701480435070153,7492.618700000007,Monitor,Loyal Premium Customers
8498-XXGWA,0.030619515022244484,4964.3982,Monitor,Loyal Premium Customers
5934-TSSAU,0.030360759614083806,2795.4671000000008,Monitor,Established Standard Customers
4676-WLUHT,0.03034934259179565,2457.142800000002,Monitor,Loyal Premium Customers
9971-ZWPBF,0.030343527204434853,3366.3493999999955,Monitor,Loyal Budget Customers
6203-HBZPA,0.030255761232138557,3143.851499999999,Monitor,Loyal Premium Customers
4378-MYPGO,0.03023421686596015,9426.54379999999,Monitor,Loyal Premium Customers
9500-IWPXQ,0.0301405764304745,7289.726099999994,Monitor,Loyal Premium Customers
7564-GHCVB,0.030118461431553726,6296.379099999996,Monitor,Loyal Premium Customers
0942-KOWSM,0.030096642445785304,2847.8731,Monitor,Loyal Premium Customers
0017-DINOC,0.030054208620785505,2452.5492999999974,Monitor,Loyal Budget Customers
6369-MCAKO,0.02995674416840117,9426.773300000012,Monitor,Loyal Premium Customers
3831-YCPUO,0.029945246150418513,10243.83219999999,Monitor,Loyal Premium Customers
2724-FJDYW,0.029881344182761255,2143.2312000000015,Monitor,Loyal Premium Customers
8413-YNHNV,0.02957739705159328,9631.254000000003,Monitor,Loyal Premium Customers
3014-WJKSM,0.02956334376891805,2385.097699999997,Monitor,Established Standard Customers
8565-HBFNN,0.02955639136185844,9683.681,Monitor,Loyal Premium Customers
6663-JOCQO,0.02953165288962762,3272.367999999998,Monitor,Loyal Premium Customers
9289-LBQVU,0.029515014014747043,6624.510599999992,Monitor,Loyal Premium Customers
3192-LNKRK,0.029468624052282805,3101.454099999995,Monitor,Established Standard Customers
0531-ZZJWQ,0.02934391657052885,6372.808900000008,Monitor,Loyal Budget Customers
3705-RHRFR,0.029295251280784123,10085.439799999998,Monitor,Loyal Premium Customers
7349-ALMUX,0.029276103315023495,3800.8153000000043,Monitor,Loyal Premium Customers
9052-VKDUW,0.029248776418875164,8090.052499999991,Monitor,Loyal Premium Customers
7711-YIJWC,0.029093040250190882,6034.611300000001,Monitor,Loyal Premium Customers
2143-LJULT,0.029055814602609285,3992.225199999999,Monitor,Loyal Budget Customers
5307-UVGNB,0.029045916212985804,2529.3021000000026,Monitor,Loyal Premium Customers
8707-RMEZH,0.029008669946410805,8464.894699999999,Monitor,Loyal Premium Customers
7690-KPNCU,0.02883177813653383,6401.616799999992,Monitor,Loyal Premium Customers
9114-AAFQH,0.02873144343941936,5431.535700000005,Monitor,Loyal Premium Customers
7520-HQWJU,0.028657486103684203,5981.564199999998,Monitor,Loyal Premium Customers
2498-XLDZR,0.028630427866359356,2990.5459000000014,Monitor,Loyal Premium Customers
8752-GHJFU,0.028568661746987266,9161.10580000001,Monitor,Loyal Premium Customers
8146-QQKZH,0.028532923576713887,6315.186899999993,Monitor,Loyal Premium Customers
8237-ULIXL,0.028449085596916304,2773.8017000000023,Monitor,Loyal Budget Customers
1125-SNVCK,0.028406466284058126,3979.2064000000046,Monitor,Loyal Budget Customers
7096-ZNBZI,0.02830651017282162,3295.6816000000003,Monitor,Loyal Budget Customers
6384-VMJHP,0.028299722717785723,6864.945300000006,Monitor,Loyal Premium Customers
7110-BDTWG,0.02823567815570182,3288.3896999999993,Monitor,Loyal Premium Customers
0292-WEGCH,0.02817800689189072,5009.463200000002,Monitor,Loyal Premium Customers
6227-FBDXH,0.02806317614173463,7230.079899999996,Monitor,Loyal Premium Customers
3557-HTYWR,0.028025622547811647,5594.509900000001,Monitor,Loyal Premium Customers
9391-LMANN,0.02800999405969452,6888.273700000004,Monitor,Loyal Premium Customers
7740-BTPUX,0.02783602197154733,6821.190499999998,Monitor,Loyal Premium Customers
1534-OULXE,0.02765210833742529,6348.462099999997,Monitor,Loyal Budget Customers
3429-IFLEM,0.027596727708801227,6753.918600000004,Monitor,Loyal Premium Customers
0409-WTMPL,0.02756363621215227,8627.983099999998,Monitor,Loyal Premium Customers
2545-LXYVJ,0.027552503373247127,2992.151799999999,Monitor,Loyal Budget Customers
2665-NPTGL,0.027487212240013163,2917.542900000002,Monitor,Established Standard Customers
6169-PGNCD,0.02748146703837217,4840.6272,Monitor,Loyal Premium Customers
5012-YSPJJ,0.027413948241288275,2456.080299999998,Monitor,Established Standard Customers
9102-OXKFY,0.02740381898072428,6023.4497999999885,Monitor,Loyal Budget Customers
8550-XSXUQ,0.02732361784655105,5338.192199999993,Monitor,Loyal Premium Customers
4759-PXTAN,0.02725622571703297,5868.272100000006,Monitor,Loyal Premium Customers
0016-QLJIS,0.027253540304881453,7793.641300000009,Monitor,Loyal Premium Customers
2900-PHPLN,0.027018058189539108,2553.784099999997,Monitor,Loyal Budget Customers
9220-ZNKJI,0.026814800363651168,6610.033599999994,Monitor,Loyal Premium Customers
9610-WCESF,0.026749688112032925,2948.777500000002,Monitor,Loyal Budget Customers
6827-IEAUQ,0.02669156266662454,2983.115899999999,Monitor,Established Standard Customers
2305-MRGLV,0.026609012505046027,2690.6141000000002,Monitor,Established Standard Customers
3870-SPZSI,0.026602084299155386,10196.02380000001,Monitor,Loyal Premium Customers
7359-WWYJV,0.026588856248670335,8788.355000000012,Monitor,Loyal Premium Customers
1043-YCUTE,0.026429509300273477,2138.178400000003,Monitor,Loyal Budget Customers
4933-BSAIP,0.026421639625849154,2142.2830000000017,Monitor,Loyal Budget Customers
0885-HMGPY,0.026372205848282506,6975.654,Monitor,Loyal Premium Customers
3719-TDVQB,0.026297125809669045,2339.562299999998,Monitor,Loyal Budget Customers
7998-WNZEM,0.02628041781364271,6477.236000000001,Monitor,Loyal Premium Customers
7508-DQAKK,0.026107780889493868,6194.558099999999,Monitor,Loyal Premium Customers
1755-FZQEC,0.026045133493693414,2660.7378000000012,Monitor,Loyal Budget Customers
5093-FEGLU,0.02603206335697931,3052.2131000000004,Monitor,Loyal Budget Customers
6013-BHCAW,0.02597084463872692,6991.145099999999,Monitor,Loyal Premium Customers
0345-XMMUG,0.025937756985303914,4999.908799999994,Monitor,Loyal Premium Customers
3486-HOOGQ,0.025843216566996948,6152.7397999999985,Monitor,Loyal Premium Customers
6741-QRLUP,0.02577475146433866,7038.661300000007,Monitor,Loyal Premium Customers
7924-GJZFI,0.025769598788156902,2794.564200000001,Monitor,Established Standard Customers
9755-JHNMN,0.02567360899594817,4556.8168,Monitor,Loyal Premium Customers
9239-GZHZE,0.025560210993560043,9993.037600000001,Monitor,Loyal Premium Customers
1619-YWUBB,0.025391372204028564,3429.732700000002,Monitor,Loyal Budget Customers
2961-VNFKL,0.025358091982834216,3509.6197999999986,Monitor,Loyal Budget Customers
0853-TWRVK,0.025339612075727214,7991.972700000005,Monitor,Loyal Premium Customers
2753-JMMCV,0.02531567384028656,6242.471399999991,Monitor,Loyal Premium Customers
3227-WLKLI,0.025313234545190907,6682.034299999994,Monitor,Loyal Premium Customers
0336-KXKFK,0.02521861954567536,4388.9652,Monitor,Loyal Premium Customers
0369-ZGOVK,0.025204994969433868,2362.6023999999975,Monitor,Established Standard Customers
5327-XOKKY,0.025196890724173162,6117.102799999991,Monitor,Loyal Premium Customers
4636-OLWOE,0.0250928069137193,3635.6441999999997,Monitor,Loyal Premium Customers
9782-LGXMC,0.024861403670972667,4720.883699999993,Monitor,Loyal Premium Customers
8659-HDIYE,0.024848324788086282,6504.111599999998,Monitor,Loyal Premium Customers
0795-XCCTE,0.024614128868323225,3633.481900000003,Monitor,Loyal Budget Customers
3740-RLMVT,0.024577025516883434,6840.966600000007,Monitor,Loyal Premium Customers
2662-NNTDK,0.024546670865811075,4515.356400000001,Monitor,Loyal Budget Customers
7359-SSBJK,0.024525889838177963,6465.103200000003,Monitor,Loyal Premium Customers
4312-KFRXN,0.024515344087322775,4228.676600000005,Monitor,Loyal Budget Customers
1217-VASWC,0.02444769863033528,5994.2757999999985,Monitor,Loyal Premium Customers
2516-XSJKX,0.0243585726395226,4668.650899999996,Monitor,Loyal Premium Customers
2027-DNKIV,0.024070598497606635,3568.9157000000046,Monitor,Established Standard Customers
5716-EZXZN,0.024058463161354952,7353.267199999994,Monitor,Loyal Premium Customers
2404-JIBFC,0.02396503746502149,4984.570500000006,Monitor,Loyal Premium Customers
6963-EZQEE,0.023940312679821624,9145.180700000012,Monitor,Loyal Premium Customers
3745-HRPHI,0.023918595217164558,3595.7830000000013,Monitor,Loyal Premium Customers
4670-TABXH,0.023892443717159616,9406.15390000001,Monitor,Loyal Premium Customers
2272-JKMSI,0.02388308254793952,7788.435500000001,Monitor,Loyal Premium Customers
5524-KHNJP,0.0238478141601906,3922.429299999997,Monitor,Loyal Premium Customers
2509-TFPJU,0.023845621461345903,4647.885900000006,Monitor,Loyal Budget Customers
8374-UULRV,0.023824598834004587,9643.730799999985,Monitor,Loyal Premium Customers
0374-FIUCA,0.023779737192226844,2850.9228000000016,Monitor,Loyal Budget Customers
1137-DGOWI,0.023759174941667616,2721.5628999999967,Monitor,Loyal Premium Customers
7164-BPTUT,0.023729388839434457,5614.1931,Monitor,Loyal Premium Customers
4584-LBNMK,0.023638399457736204,3117.4879999999976,Monitor,Loyal Budget Customers
9194-GFVOI,0.023574066298179333,3945.427100000003,Monitor,Loyal Premium Customers
7779-ORAEL,0.02351831651654942,3905.5736000000015,Monitor,Loyal Premium Customers
5825-XJOCM,0.023352058864191078,4290.175199999998,Monitor,Loyal Premium Customers
6901-GOGZG,0.023344135864559235,7942.615699999991,Monitor,Loyal Premium Customers
0924-BJCRC,0.02320691164333196,6829.8055000000095,Monitor,Loyal Premium Customers
8434-VGEQQ,0.02314980324971886,4117.080899999998,Monitor,Loyal Budget Customers
0674-GCDXG,0.02309369996078423,7260.287799999999,Monitor,Loyal Premium Customers
6270-OMFIW,0.023057688864081726,8358.746,Monitor,Loyal Premium Customers
3261-CQXOL,0.022808449917853017,2117.5447,Monitor,Loyal Budget Customers
8627-ZYGSZ,0.02271989912360919,5533.556499999997,Monitor,Established Standard Customers
2848-YXSMW,0.022705126659692983,4910.3119,Monitor,Loyal Budget Customers
9933-QRGTX,0.022704104439539168,7704.0322,Monitor,Loyal Premium Customers
0730-BGQGF,0.02264774986002668,7557.0261999999975,Monitor,Loyal Premium Customers
3712-PKXZA,0.022590148794455894,2470.0330000000004,Monitor,Loyal Budget Customers
0580-PIQHM,0.022544027666724493,4596.219699999998,Monitor,Loyal Premium Customers
0556-FJEGU,0.022447345920419425,6687.9276,Monitor,Loyal Premium Customers
9871-ELEYA,0.022444877201816635,3060.507499999998,Monitor,Established Standard Customers
4254-QPEDE,0.022427151243692576,3419.7148999999986,Monitor,Loyal Premium Customers
9637-CDTKZ,0.022371433102158857,9746.470999999996,Monitor,Loyal Premium Customers
1099-BTKWT,0.02230429220109337,3782.824800000002,Monitor,Loyal Premium Customers
8819-ZBYNA,0.02222944456598058,8543.377799999993,Monitor,Loyal Premium Customers
4730-AWNAU,0.022219562976644774,2194.5577999999978,Monitor,Loyal Premium Customers
4737-HOBAX,0.022213865202626876,5656.734800000003,Monitor,Loyal Premium Customers
7014-ZZXAW,0.022207994183348817,2247.710899999997,Monitor,Loyal Budget Customers
5394-MEITZ,0.02220567120872265,5829.6536,Monitor,Loyal Premium Customers
3174-RKMOW,0.02217628901212469,5337.588000000001,Monitor,Loyal Premium Customers
6670-MFRPK,0.022092645431773836,6882.271900000002,Monitor,Loyal Premium Customers
5965-GGPRW,0.02207842966435614,10099.838599999988,Monitor,Loyal Premium Customers
3396-DKDEL,0.02207465919841905,8931.092499999988,Monitor,Loyal Premium Customers
7607-QKKTJ,0.02204342456062723,6073.538300000002,Monitor,Loyal Premium Customers
7408-OFWXJ,0.02203152200566599,9702.004499999985,Monitor,Loyal Premium Customers
4547-FZJWE,0.021967239590990367,5286.515700000001,Monitor,Loyal Premium Customers
9888-ZCUMM,0.021887007282052975,3817.1502000000037,Monitor,Loyal Premium Customers
8241-JUIQO,0.021760499939947605,2878.2653999999948,Monitor,Loyal Budget Customers
8540-ZQGEA,0.0217187966046886,2821.3071999999993,Monitor,Loyal Budget Customers
3167-SNQPL,0.021708411958556304,4871.815500000001,Monitor,Loyal Premium Customers
3669-WHAFY,0.021685880249915433,8775.111199999996,Monitor,Loyal Premium Customers
8152-VETUR,0.021664190943423967,9001.100699999999,Monitor,Loyal Premium Customers
4671-VJLCL,0.02163198747148878,5705.343099999995,Monitor,Loyal Premium Customers
4833-QTJNO,0.021605928174917365,8360.7243,Monitor,Loyal Premium Customers
1904-WAJAA,0.02151591859753779,2679.751299999999,Monitor,Established Standard Customers
9067-YGSCA,0.021483804356026787,3946.7242000000006,Monitor,Loyal Budget Customers
4079-VTGLK,0.02138417592604315,3385.4169999999995,Monitor,Established Standard Customers
1371-WEPDS,0.021144381167312654,3627.9201000000044,Monitor,Established Standard Customers
6198-PNNSZ,0.021141183552623153,8258.274799999996,Monitor,Loyal Premium Customers
8915-NNTRC,0.02109911204176323,10847.504399999993,Monitor,Loyal Premium Customers
1552-CZCLL,0.021082214026162793,2820.016400000001,Monitor,Loyal Budget Customers
9415-ZNBSX,0.02103996639465022,8604.546100000001,Monitor,Loyal Premium Customers
9087-EYCPR,0.02102096001005649,3874.0597000000025,Monitor,Loyal Budget Customers
4304-XUMGI,0.0210133042431034,5541.528000000003,Monitor,Loyal Premium Customers
5397-NSKQG,0.020969844707159867,3452.3781999999983,Monitor,Loyal Premium Customers
4381-MHQDC,0.020940259368856143,4582.7769000000035,Monitor,Loyal Premium Customers
7771-CFQRQ,0.020834180663643162,4449.345499999997,Monitor,Loyal Premium Customers
3758-CKOQL,0.02064459491708988,8648.955900000006,Monitor,Loyal Premium Customers
1241-EZFMJ,0.02064068535338436,2274.837399999997,Monitor,Loyal Budget Customers
1599-EAHXY,0.02063207005031761,3123.3146,Monitor,Loyal Budget Customers
9639-BUJXT,0.02062820071754668,3559.4829999999997,Monitor,Loyal Budget Customers
2675-DHUTR,0.020556577159005333,7585.366100000001,Monitor,Loyal Premium Customers
6437-UDQJM,0.02046537455291485,9355.621799999988,Monitor,Loyal Premium Customers
2197-OMWGI,0.020438569272159555,3656.404000000001,Monitor,Loyal Premium Customers
3230-JCNZS,0.020437747089076627,8144.762599999991,Monitor,Loyal Premium Customers
7815-PDTHL,0.020426524304627464,2206.752999999997,Monitor,Loyal Budget Customers
2077-DDHJK,0.02042261888403819,6823.074299999996,Monitor,Loyal Premium Customers
4193-IBKSW,0.020202901262009163,4302.958499999994,Monitor,Loyal Budget Customers
1930-QPBVZ,0.02019989935483796,7157.314699999996,Monitor,Loyal Premium Customers
0052-YNYOT,0.02013101147131821,2871.355700000002,Monitor,Loyal Budget Customers
6267-DCFFZ,0.020113389238387003,4094.6480000000047,Monitor,Established Standard Customers
0604-THJFP,0.020008377280155705,5097.260399999998,Monitor,Loyal Premium Customers
7299-GNVPL,0.01989267496540037,2521.6428999999994,Monitor,New Budget Customers
3569-JFODW,0.019802004623506238,9874.205499999982,Monitor,Loyal Premium Customers
6616-AALSR,0.019765825976765156,7635.15789999999,Monitor,Loyal Premium Customers
7253-UVNDW,0.019760116491005765,4521.072999999996,Monitor,Established Standard Customers
7718-UPSKJ,0.019698441140854353,8988.32350000001,Monitor,Loyal Premium Customers
9555-SAHUZ,0.019620087030367748,3767.0691999999985,Monitor,Established Standard Customers
6177-PEVRA,0.01961875084653913,3367.9530999999984,Monitor,Loyal Premium Customers
9680-NIAUV,0.019561321562716182,9375.975399999983,Monitor,Loyal Premium Customers
5198-HQAEN,0.01954781488521784,3275.130700000001,Monitor,Established Standard Customers
5583-EJXRD,0.019464170877477947,2362.2189000000003,Monitor,Loyal Premium Customers
7452-FOLON,0.019400139918897205,2724.246199999997,Monitor,Loyal Budget Customers
4039-PIMHX,0.019386201400306894,2911.6864000000023,Monitor,Loyal Budget Customers
9909-IDLEK,0.019382935992944807,2662.3932999999965,Monitor,Established Standard Customers
8285-ABVLB,0.01928491441666645,4223.640900000005,Monitor,Loyal Budget Customers
3967-KXAPS,0.019259645998444975,7602.616300000003,Monitor,Loyal Premium Customers
8234-GSZYK,0.019257203366151388,2357.8416,Monitor,Loyal Budget Customers
7596-ZYWBB,0.01923510991014361,6612.578300000007,Monitor,Loyal Premium Customers
2811-POVEX,0.01913506635092683,2164.4852999999994,Monitor,Established Standard Customers
0506-YLVKJ,0.01912332612410234,3044.6508999999996,Monitor,Loyal Budget Customers
4521-WFJAI,0.019091108426803248,4025.155599999994,Monitor,Loyal Budget Customers
1320-GVNHT,0.019015886673714417,9763.485799999993,Monitor,Loyal Premium Customers
5846-NEQVZ,0.018938691667351702,5198.980799999996,Monitor,Loyal Premium Customers
4837-QUSFT,0.018877993287717807,8993.709100000005,Monitor,Loyal Premium Customers
1357-BIJKI,0.01881317859941516,6842.754400000008,Monitor,Loyal Premium Customers
9931-KGHOA,0.018753432798068684,3066.8280999999943,Monitor,Loyal Budget Customers
0743-HRVFF,0.01868502120257647,2921.6027000000036,Monitor,Loyal Premium Customers
8401-EMUWF,0.01852711739219941,3808.736700000001,Monitor,Loyal Premium Customers
7463-IFMQU,0.018519796094965013,4843.9982999999975,Monitor,Loyal Budget Customers
7996-MHXLW,0.018475375964182854,3066.066800000002,Monitor,Loyal Budget Customers
1221-GHZEP,0.018392626328627565,5345.1540999999925,Monitor,Loyal Premium Customers
6292-TOSSS,0.018265744023390203,3451.7428999999993,Monitor,Loyal Budget Customers
7921-BEPCI,0.018254404959161738,5196.083799999992,Monitor,Loyal Premium Customers
5176-OLSKT,0.018217540337168263,7318.839600000009,Monitor,Loyal Premium Customers
0665-XHDJU,0.018186040856149877,9738.072099999988,Monitor,Loyal Premium Customers
1635-NZATJ,0.018118241440646204,4366.376500000003,Monitor,Loyal Budget Customers
6164-HAQTX,0.01802395998924238,3901.2180000000026,Monitor,Loyal Premium Customers
5204-HMGYF,0.018023946356509307,6033.4686,Monitor,Loyal Premium Customers
1852-QSWCD,0.017972131125562594,3772.644399999998,Monitor,Loyal Budget Customers
4723-BEGSG,0.01797080363915617,6979.437999999994,Monitor,Loyal Budget Customers
6288-CHQJB,0.01796074526754126,5443.026000000008,Monitor,Loyal Premium Customers
6463-HHXJR,0.017951655163092616,9634.783300000005,Monitor,Loyal Premium Customers
6685-GBWJZ,0.01790316032565435,7344.879000000003,Monitor,Loyal Premium Customers
3902-MIVLE,0.01786654258630522,5523.573400000005,Monitor,Loyal Premium Customers
8749-TZYEC,0.01761856881813016,2813.579200000003,Monitor,Loyal Budget Customers
9091-WTUUY,0.017616233955407085,6069.506299999993,Monitor,Loyal Premium Customers
7799-LGRDP,0.017606729071552304,2260.402699999999,Monitor,Loyal Budget Customers
5993-JSUWV,0.017414515667401882,5153.991400000002,Monitor,Loyal Premium Customers
5016-LIPDW,0.01740315206300248,3488.224400000001,Monitor,Loyal Budget Customers
5795-BKOYE,0.017388852581202468,5049.755300000003,Monitor,Loyal Premium Customers
1845-CSBRZ,0.01737181696131621,2852.9812000000006,Monitor,Established Standard Customers
8224-UAXBZ,0.017300251937017563,2603.4420999999966,Monitor,Loyal Budget Customers
3021-VLNRJ,0.017299304839050074,5535.983700000008,Monitor,Loyal Premium Customers
0281-CNTZX,0.017273680250222818,3668.873299999999,Monitor,Loyal Budget Customers
0412-UCCNP,0.017193393839108253,3847.098,Monitor,Loyal Premium Customers
8480-PPONV,0.017192035881002134,9701.652299999992,Monitor,Loyal Premium Customers
4707-MAXGU,0.01718703106510985,4399.718400000001,Monitor,Loyal Budget Customers
4683-WYDOU,0.017095592568293447,8694.386600000002,Monitor,Loyal Premium Customers
6546-OPBBH,0.017079987365470194,3387.1474999999987,Monitor,Loyal Budget Customers
0078-XZMHT,0.016860954888786552,8296.459600000002,Monitor,Loyal Premium Customers
6598-KELSS,0.01685023415997155,2134.2469999999976,Monitor,Loyal Budget Customers
0298-XACET,0.016750246501404695,2560.9810999999977,Monitor,Loyal Premium Customers
2499-AJYUA,0.016745514415997368,9086.81059999999,Monitor,Loyal Premium Customers
2716-GFZOR,0.016663040702116733,4138.339299999999,Monitor,Loyal Premium Customers
4806-DXQCE,0.016619537393238386,10287.901699999991,Monitor,Loyal Premium Customers
6248-TKCQV,0.016594033498114,8588.765000000009,Monitor,Loyal Premium Customers
5593-SUAOO,0.01658742453432171,3020.8140000000008,Monitor,Established Standard Customers
1525-LNLOJ,0.01647814014081356,6262.029800000003,Monitor,Loyal Premium Customers
6064-PUPMC,0.016381907688947456,2243.178200000002,Monitor,Established Standard Customers
9972-EWRJS,0.016339309615616037,4600.303000000003,Monitor,Loyal Budget Customers
1752-OZXFY,0.01633659813408811,4693.182899999996,Monitor,Loyal Premium Customers
8414-OOEEL,0.01632122405989417,5899.484299999999,Monitor,Loyal Premium Customers
3655-SNQYZ,0.016287696718621583,10158.586100000008,Monitor,Loyal Premium Customers
6374-AFWOX,0.01628222442073865,5156.766599999999,Monitor,Loyal Premium Customers
7781-HVGMK,0.01620996706870007,4746.380000000004,Monitor,Loyal Premium Customers
2270-CHBFN,0.016201487821582528,5665.379599999994,Monitor,Loyal Premium Customers
2535-PBCGC,0.01620038175989436,4486.062300000005,Monitor,Loyal Premium Customers
7010-BRBUU,0.016172563343328655,2994.1067000000003,Monitor,Loyal Budget Customers
5129-HHMZC,0.016149161712923115,4635.7758,Monitor,Loyal Premium Customers
0019-GFNTW,0.016068389426383046,2617.8856999999985,Monitor,Loyal Premium Customers
7018-FPXHH,0.015949658224222302,4596.8642,Monitor,Loyal Premium Customers
9904-EHEVJ,0.015943872753738476,3184.689299999997,Monitor,Established Standard Customers
2419-FSORS,0.01592523560924802,8611.914300000002,Monitor,Loyal Premium Customers
6603-YRDCJ,0.01590692679653821,2529.1110999999964,Monitor,Established Standard Customers
6322-PJJDJ,0.015814501738562477,6541.258899999993,Monitor,Loyal Premium Customers
3533-UVMOM,0.01573932469753267,5597.516699999998,Monitor,Loyal Premium Customers
4700-UBQMV,0.015587096858467214,2255.6740999999984,Monitor,Established Standard Customers
5197-PYEPU,0.015382062685683174,4350.975500000006,Monitor,Loyal Premium Customers
6407-GSJNL,0.015365025423964352,3493.2582999999977,Monitor,Loyal Budget Customers
9488-FYQAU,0.015327878022924133,7471.457499999993,Monitor,Loyal Premium Customers
7016-NVRIC,0.015307928854172728,3573.106000000004,Monitor,Established Standard Customers
3133-PZNSR,0.015289764454595725,8398.93559999999,Monitor,Loyal Premium Customers
5320-BRKGK,0.015236521806973512,4988.554600000001,Monitor,Loyal Premium Customers
3197-NNYNB,0.015197204759026047,8356.751299999993,Monitor,Loyal Budget Customers
8659-IOOPU,0.015195798189538007,9432.475599999985,Monitor,Loyal Premium Customers
5614-DNZCE,0.015164738884049398,5473.306500000003,Monitor,Loyal Premium Customers
9695-IDRZR,0.015136068241027952,4762.728300000002,Monitor,Loyal Premium Customers
5297-MDOIR,0.015120626911967087,7324.683300000003,Monitor,Loyal Premium Customers
9917-KWRBE,0.015086033379459175,3993.8975000000037,Monitor,Loyal Premium Customers
1291-CUOCY,0.014989201788409262,8273.703899999997,Monitor,Loyal Premium Customers
7401-JIXNM,0.014946369536515734,6580.626400000011,Monitor,Loyal Premium Customers
5514-YQENT,0.014906895439946279,5819.468500000001,Monitor,Loyal Premium Customers
1470-PSXNM,0.014902346469694438,6329.429599999995,Monitor,Loyal Premium Customers
4822-LPTYJ,0.01479366884641831,8538.1763,Monitor,Loyal Premium Customers
0343-QLUZP,0.014748813732642613,2410.180100000002,Monitor,Loyal Budget Customers
7182-OVLBJ,0.01468245897501313,8313.241900000008,Monitor,Loyal Premium Customers
3022-BEXHZ,0.014663354012996201,10276.215599999998,Monitor,Loyal Premium Customers
0270-THENM,0.014653254246989472,7033.016099999999,Monitor,Loyal Premium Customers
3552-CTCYF,0.014637693110377418,9264.917899999995,Monitor,Loyal Premium Customers
2068-WWXQZ,0.014581065359122656,2415.8485000000014,Monitor,Loyal Budget Customers
6047-SUHPR,0.014569461690337522,2778.839499999998,Monitor,Established Standard Customers
5336-UFNZP,0.014562888980744162,8182.691199999997,Monitor,Loyal Premium Customers
3212-KXOCR,0.014545635246691785,2520.4397000000013,Monitor,Loyal Budget Customers
9798-OPFEM,0.01450883316017667,2545.2985000000003,Monitor,Loyal Budget Customers
5730-DBDSI,0.014454655062098995,4365.431800000001,Monitor,Loyal Budget Customers
0257-KXZGU,0.014448194361818678,3332.7774999999992,Monitor,Established Standard Customers
8849-PRIQJ,0.014442974050469192,7865.719199999998,Monitor,Loyal Premium Customers
0575-CUQOV,0.014425172826527964,7013.897100000001,Monitor,Loyal Premium Customers
6418-PIQSP,0.014412469205906352,5877.353999999997,Monitor,Loyal Premium Customers
5198-EFNBM,0.014382553413651284,7833.767100000005,Monitor,Loyal Premium Customers
0848-SOMKO,0.014351844663402141,3454.2609000000025,Monitor,Loyal Premium Customers
8819-WFGGJ,0.014281773818928575,3762.908800000001,Monitor,Loyal Premium Customers
4086-ATNFV,0.0141899418567055,3671.7891000000022,Monitor,Established Standard Customers
5075-JSDKI,0.014164391953142919,3877.8655999999983,Monitor,Loyal Budget Customers
0392-BZIUW,0.014132710338660684,8133.247799999999,Monitor,Loyal Premium Customers
0907-HQNTS,0.014103887681139472,11207.666699999996,Monitor,Loyal Premium Customers
5451-MHQOF,0.014028827515858695,3221.1018999999997,Monitor,Loyal Budget Customers
0516-OOHAR,0.014021470050103041,3069.7841000000017,Monitor,Loyal Premium Customers
1699-UOTXU,0.013999130806157438,5661.083100000001,Monitor,Loyal Premium Customers
2256-YLYLP,0.013913625508924273,7456.439199999997,Monitor,Loyal Premium Customers
8690-UPCZI,0.013882536153504156,3091.9877,Monitor,Established Standard Customers
2361-UPSND,0.013840663789559338,5358.565999999995,Monitor,Loyal Premium Customers
0983-TATYJ,0.013797420003115733,3375.4225999999985,Monitor,Established Standard Customers
2577-GVSIL,0.013794005700037472,3101.718899999999,Monitor,Loyal Premium Customers
1303-SRDOK,0.0137779105940002,5401.2378000000035,Monitor,Loyal Budget Customers
4199-QHJNM,0.013638851905643587,10203.228199999994,Monitor,Loyal Premium Customers
4304-TSPVK,0.013633772184252137,9426.727499999992,Monitor,Loyal Premium Customers
7274-CGTOD,0.013610596973819942,2696.3191999999967,Monitor,Loyal Premium Customers
2675-IJRGJ,0.013520757367900404,2250.845100000001,Monitor,Loyal Budget Customers
8092-NLTGF,0.013419072078151859,3819.062199999998,Monitor,Loyal Budget Customers
0048-PIHNL,0.013381201335282991,3271.617799999999,Monitor,Loyal Budget Customers
0197-PNKNK,0.013379822446332306,8585.877299999995,Monitor,Loyal Premium Customers
1767-CJKBA,0.013329479473210426,4773.661400000005,Monitor,Loyal Budget Customers
3794-NFNCH,0.013324185945102054,2176.6516000000015,Monitor,Established Standard Customers
8590-OHDIW,0.013309590960803476,2481.129900000001,Monitor,Loyal Budget Customers
8847-GEOOQ,0.013305862345833716,3605.4540000000025,Monitor,Loyal Premium Customers
3774-VBNXY,0.013291530987586649,3622.621699999995,Monitor,Loyal Budget Customers
6619-RPLQZ,0.013288187887581366,2747.3773000000037,Monitor,Loyal Budget Customers
5902-WBLSE,0.013278024656651012,3288.2249000000047,Monitor,Loyal Budget Customers
7711-GQBZC,0.013266496530188404,2989.416500000003,Monitor,Loyal Budget Customers
0979-MOZQI,0.013258043822757677,2340.7322000000026,Monitor,Loyal Budget Customers
1265-ZFOSD,0.013203201698701466,6174.2193,Monitor,Loyal Premium Customers
4922-CVPDX,0.013147225133385837,2776.467600000001,Monitor,Established Standard Customers
5997-OPVFA,0.013142124507070592,6726.164900000004,Monitor,Loyal Premium Customers
1757-TCATG,0.013089922465369384,2155.7024,Monitor,Loyal Budget Customers
8441-SHIPE,0.013073697256334591,2801.2756000000013,Monitor,Loyal Budget Customers
6308-CQRBU,0.013060065718104818,9949.23429999999,Monitor,Loyal Premium Customers
9586-JGQKH,0.013006233960949116,9861.83980000001,Monitor,Loyal Premium Customers
4049-ZPALD,0.012931591922009855,8651.86580000001,Monitor,Loyal Premium Customers
0234-TEVTT,0.012879583151476453,2200.6051999999977,Monitor,Loyal Premium Customers
5338-YHWYT,0.012765027592442675,4134.381900000002,Monitor,Established Standard Customers
0253-ZTEOB,0.012723225670404377,4246.890799999998,Monitor,Loyal Premium Customers
9819-FBNSV,0.012716324446528206,3492.057199999996,Monitor,Established Standard Customers
3795-CAWEX,0.012698593436236484,11043.802899999988,Monitor,Loyal Premium Customers
9795-NREXC,0.012672570730674302,6246.7241,Monitor,Loyal Premium Customers
7649-SIJJF,0.012665842837382597,6339.428000000005,Monitor,Loyal Premium Customers
1163-VIPRI,0.012630399843537438,8042.5323000000035,Monitor,Loyal Premium Customers
2805-EDJPQ,0.01261449597182198,6768.182999999995,Monitor,Loyal Premium Customers
5598-IKHQQ,0.012574624950700398,2202.1919,Monitor,Loyal Budget Customers
5846-ABOBJ,0.01257298033753468,4121.576200000002,Monitor,Loyal Budget Customers
6752-APNJL,0.012559191806152965,3144.7414000000003,Monitor,Established Standard Customers
1442-OKRJE,0.012477747220736883,9478.985099999998,Monitor,Loyal Premium Customers
8707-HOEDG,0.01246934964561668,8248.011399999998,Monitor,Loyal Premium Customers
6284-KMNUF,0.012462940345996593,7620.6742,Monitor,Loyal Premium Customers
4992-LTJNE,0.01245359339591122,5808.627800000003,Monitor,Loyal Budget Customers
9624-EGDEQ,0.012420081813544164,2274.5199999999977,Monitor,Loyal Budget Customers
5146-YYFRZ,0.012383668342036438,2361.955200000001,Monitor,Loyal Budget Customers
6242-FEGFD,0.012326770831226542,8807.711700000009,Monitor,Loyal Premium Customers
0701-RFGFI,0.012322527504863385,5133.621400000005,Monitor,Loyal Premium Customers
5696-JVVQY,0.012321086564749605,3626.5458000000003,Monitor,Loyal Premium Customers
3253-HKOKL,0.012284001958385615,5624.722999999995,Monitor,Loyal Premium Customers
4611-ANLQC,0.012208888586863576,2958.322500000001,Monitor,Loyal Premium Customers
0181-RITDD,0.012204003276924662,6963.261600000006,Monitor,Loyal Premium Customers
1832-PEUTS,0.012153713468125818,7898.999400000009,Monitor,Loyal Premium Customers
6128-AQBMT,0.012148634898790487,2239.1455999999985,Monitor,Loyal Premium Customers
6374-NTQLP,0.012146260721867908,8643.791999999998,Monitor,Loyal Premium Customers
9055-MOJJJ,0.01213826331392826,5879.409900000004,Monitor,Loyal Premium Customers
2821-WARNZ,0.012125179505065772,3205.0522999999985,Monitor,Loyal Budget Customers
0607-DAAHE,0.012096359832874935,2434.8904000000007,Monitor,Loyal Budget Customers
6575-SUVOI,0.01198216829101367,2504.763899999998,Monitor,Established Standard Customers
1955-IBMMB,0.011949512740393343,3980.2686,Monitor,Loyal Budget Customers
2560-WBWXF,0.011800075863401743,4009.0202000000045,Monitor,Loyal Budget Customers
3720-DBRWL,0.011781396046380623,4665.9004,Monitor,Loyal Premium Customers
1996-DBMUS,0.011762626753303695,4136.428199999997,Monitor,Loyal Budget Customers
8402-OOOHJ,0.011674256722373199,2185.723400000003,Monitor,Loyal Budget Customers
9253-VIFJQ,0.011647883604856472,6921.807700000009,Monitor,Loyal Premium Customers
4654-DLAMQ,0.011628423589563931,6566.366399999998,Monitor,Loyal Premium Customers
7730-CLDSV,0.01162068615609614,9590.068499999987,Monitor,Loyal Premium Customers
0397-ZXWQF,0.011575326283182578,4579.066799999992,Monitor,Loyal Budget Customers
6348-SNFUS,0.011561445494435265,4125.554700000004,Monitor,Loyal Premium Customers
9174-IHETN,0.011526263980324422,5410.507299999997,Monitor,Loyal Budget Customers
0244-LGNFY,0.01152285747547614,8796.1683,Monitor,Loyal Premium Customers
2348-KCJLT,0.011468604006120896,4833.201599999995,Monitor,Established Standard Customers
5740-YHGTW,0.011443879508272444,8943.14090000001,Monitor,Loyal Premium Customers
6244-BESBM,0.011402631951786587,7494.494099999993,Monitor,Loyal Premium Customers
0582-AVCLN,0.011362488035791164,2373.5691999999967,Monitor,Loyal Budget Customers
7115-IRDHS,0.011360942309336566,3535.0987999999966,Monitor,Loyal Budget Customers
3404-JNXAX,0.011339532987181862,5741.093900000002,Monitor,Loyal Premium Customers
7601-DHFWZ,0.011319632212207642,2631.419100000002,Monitor,Loyal Budget Customers
6478-HRRCZ,0.011243563819974382,3669.809200000003,Monitor,Loyal Premium Customers
4003-OCTMP,0.011236357480988697,3045.0413999999996,Monitor,Established Standard Customers
5995-LFTLE,0.011216849452576326,4279.490500000003,Monitor,Loyal Budget Customers
4632-XJMEX,0.01121227931213882,5889.792500000001,Monitor,Loyal Premium Customers
2160-GPFXD,0.011204480417807488,4853.276999999999,Monitor,Loyal Premium Customers
2207-QPJED,0.011159820959124565,3919.900500000005,Monitor,Loyal Premium Customers
3696-DFHHB,0.011156668642623466,2355.1343000000006,Monitor,Loyal Budget Customers
7576-JMYWV,0.011140248125639188,5770.328899999999,Monitor,Loyal Premium Customers
9916-AYHTC,0.011092064575380027,2504.855200000004,Monitor,Loyal Budget Customers
6134-KWTBV,0.011018171281637826,4441.749499999997,Monitor,Loyal Budget Customers
1231-YNDEK,0.010967445166305378,2772.352299999999,Monitor,Loyal Budget Customers
3544-FBCAS,0.010956983083039702,6801.843500000002,Monitor,Loyal Premium Customers
0757-WCUUZ,0.0109172232405773,5286.389900000004,Monitor,Loyal Premium Customers
5696-CEIQJ,0.010880143116948234,7790.792800000004,Monitor,Loyal Premium Customers
1971-DTCZB,0.01087342438107006,9529.20580000001,Monitor,Loyal Premium Customers
0103-CSITQ,0.01074860291289002,6531.855700000001,Monitor,Loyal Premium Customers
9691-HKOVS,0.010736612972406655,7408.693,Monitor,Loyal Premium Customers
0654-PQKDW,0.010668404840604892,7002.832000000008,Monitor,Loyal Premium Customers
4656-CAURT,0.010655478701374186,3158.2590999999993,Monitor,Loyal Budget Customers
9955-QOPOY,0.01064973048934415,4272.112800000002,Monitor,Loyal Premium Customers
0401-WDBXM,0.01064098235842454,8199.283500000005,Monitor,Loyal Premium Customers
2898-MRKPI,0.010628378703081297,9186.985500000004,Monitor,Loyal Premium Customers
9435-JMLSX,0.010624715150363066,6458.750299999993,Monitor,Loyal Premium Customers
4176-RELJR,0.010618481669628775,2681.8339000000024,Monitor,Loyal Budget Customers
3882-IYOIJ,0.010611274951690087,9104.410000000007,Monitor,Loyal Budget Customers
9309-BZGNT,0.01058676800056852,2208.876899999997,Monitor,Loyal Budget Customers
1474-JUWSM,0.010445290123725495,5595.660099999999,Monitor,Loyal Premium Customers
4698-KVLLG,0.010406033894984502,3500.183899999999,Monitor,Loyal Budget Customers
5176-LMJXE,0.010341529786137959,3044.633300000002,Monitor,Loyal Budget Customers
6582-PLFUU,0.010261341351795633,2507.6376000000023,Monitor,Loyal Budget Customers
8608-OZTLB,0.010179654411806982,3862.030000000001,Monitor,Loyal Premium Customers
2632-IVXVF,0.010075999875274345,8569.16490000001,Monitor,Loyal Premium Customers
5666-MBJPT,0.01006392774638024,2938.981300000003,Monitor,Loyal Budget Customers
6000-UKLWI,0.010058475345962032,2360.9263,Monitor,Loyal Budget Customers
7826-VVKWT,0.010009689454467582,2743.631100000004,Monitor,Established Standard Customers
4443-EMBNA,0.010008937251792893,4062.254300000001,Monitor,Loyal Budget Customers
8760-ZRHKE,0.010007974633681969,8321.10860000001,Monitor,Loyal Premium Customers
0361-HJRDX,0.0099897168878023,3689.8488999999972,Monitor,Loyal Budget Customers
8166-ORCHU,0.009986257090035398,4555.016900000003,Monitor,Loyal Premium Customers
0674-DGMAQ,0.009914815873502932,4393.673100000003,Monitor,Established Standard Customers
9993-LHIEB,0.009892827565443416,4902.8936,Monitor,Loyal Premium Customers
0603-TPMIB,0.009848177325430585,4004.6094000000016,Monitor,Loyal Budget Customers
6349-JDHQP,0.009841969923814108,2162.946500000001,Monitor,Loyal Budget Customers
7606-BPHHN,0.009822811265867393,3642.057399999996,Monitor,Loyal Budget Customers
1722-LDZJS,0.009792210866162618,2167.9478999999997,Monitor,Loyal Budget Customers
7579-KKLOE,0.009734431015497291,9847.42569999999,Monitor,Loyal Premium Customers
6234-RAAPL,0.009698299953667054,8934.279199999986,Monitor,Loyal Premium Customers
3308-DGHKL,0.009666301536760475,2638.5687999999973,Monitor,Loyal Budget Customers
2126-GSEGL,0.009614961848620922,6620.210400000007,Monitor,Loyal Premium Customers
2434-EEVDB,0.00960596399571319,6216.621699999994,Monitor,Loyal Premium Customers
5982-XMDEX,0.009569343145556047,3856.7879000000044,Monitor,Loyal Budget Customers
7306-YDSOI,0.00951938719056588,7331.236300000005,Monitor,Loyal Premium Customers
8544-JNBOX,0.009484912912808226,3023.6434000000004,Monitor,Loyal Budget Customers
1240-HCBOH,0.009387837628995057,4579.753900000005,Monitor,Loyal Budget Customers
9397-TZSHA,0.009380121152547046,4168.191600000002,Monitor,Loyal Budget Customers
1090-ESELR,0.009377698612154876,9459.284799999994,Monitor,Loyal Premium Customers
5274-XHAKY,0.009311124576346879,4088.981200000004,Monitor,Loyal Premium Customers
5743-KHMNA,0.009285049719125853,4546.004900000008,Monitor,Loyal Budget Customers
2314-TNDJQ,0.009258393046768338,4010.0608999999954,Monitor,Loyal Premium Customers
9385-NXKDA,0.009219102306579189,7009.997400000004,Monitor,Loyal Premium Customers
6522-OIQSX,0.00918726014872762,3839.6117000000017,Monitor,Loyal Premium Customers
4751-ERMAN,0.009186798501401704,8372.671800000004,Monitor,Loyal Premium Customers
1122-YJBCS,0.009115355470846194,4822.467000000004,Monitor,Loyal Premium Customers
4979-HPRFL,0.009111968787925123,3407.7621999999938,Monitor,Loyal Budget Customers
0945-TSONX,0.009087378342002619,5541.437699999994,Monitor,Loyal Premium Customers
5324-KTGCG,0.009069206729359128,4751.453599999994,Monitor,Loyal Budget Customers
8329-GWVPJ,0.00904571752216931,4125.4142,Monitor,Loyal Budget Customers
4115-BNPJY,0.00902278827542524,3057.500799999997,Monitor,Loyal Premium Customers
1705-GUHPV,0.00902121262331454,3162.742500000003,Monitor,Loyal Budget Customers
1775-KWJKQ,0.008985997550996107,8422.786999999988,Monitor,Loyal Premium Customers
0496-AHOOK,0.008969237295391109,2533.1493000000014,Monitor,Established Standard Customers
8766-PAFNE,0.008941023738203943,7589.175100000009,Monitor,Loyal Premium Customers
9720-JJJOR,0.008886322291244156,2792.5008999999973,Monitor,Loyal Premium Customers
5346-BZCHP,0.008781191797819037,3188.3617,Monitor,Loyal Budget Customers
1269-FOYWN,0.008751026090442048,2482.1340000000005,Monitor,Loyal Budget Customers
8750-QWZAJ,0.008737824511423171,4749.340500000002,Monitor,Loyal Budget Customers
6968-URWQU,0.00868557374626335,2718.490099999998,Monitor,Loyal Budget Customers
5756-OZRIO,0.008660329052530866,6078.029099999997,Monitor,Loyal Premium Customers
0617-AQNWT,0.008658233851368635,3171.7418999999995,Monitor,Loyal Premium Customers
9500-WBGRP,0.008613074534507308,4279.261200000003,Monitor,Loyal Budget Customers
9488-FVZCC,0.00859562710838214,8023.665200000009,Monitor,Loyal Premium Customers
6345-FZOQH,0.008591230663917943,3587.249899999998,Monitor,Loyal Budget Customers
8200-LGKSR,0.008590616338252033,8373.170700000008,Monitor,Loyal Premium Customers
2300-RQGOI,0.008557188549265762,2215.663899999999,Monitor,Loyal Budget Customers
4361-FEBGN,0.008551295931740362,2651.2075,Monitor,Loyal Budget Customers
3764-MNMOI,0.008446464269134838,2393.2471000000014,Monitor,Loyal Budget Customers
1136-XGEQU,0.008421830608229276,6428.207000000008,Monitor,Loyal Premium Customers
9661-JALZV,0.008420469404298052,4255.954300000004,Monitor,Loyal Budget Customers
4827-DPADN,0.008402396306475957,7798.691400000005,Monitor,Loyal Premium Customers
2129-ALKBS,0.008376044435402456,2881.4365000000007,Monitor,Loyal Budget Customers
7009-PCARS,0.008373926891953116,3208.9681000000037,Monitor,Loyal Budget Customers
1302-TPUBN,0.008354120154886855,2690.6285000000034,Monitor,Loyal Budget Customers
9451-WLYRI,0.008341725919879538,3408.9679000000006,Monitor,Loyal Budget Customers
3646-ITDGM,0.008307830442861992,2988.6567999999966,Monitor,Loyal Budget Customers
4957-SREEC,0.008295705947819254,3609.0079000000023,Monitor,Loyal Budget Customers
7114-AEOZE,0.008257706623005782,3038.7699999999977,Monitor,Loyal Budget Customers
6736-DHUQI,0.00825751345524475,5931.567299999998,Monitor,Loyal Premium Customers
4102-HLENU,0.00811548344786579,5879.192399999997,Monitor,Loyal Premium Customers
6725-TPKJO,0.008107887687996144,2963.6585000000023,Monitor,Loyal Budget Customers
2274-XUATA,0.008101138802405478,4615.884899999994,Monitor,Loyal Premium Customers
6549-BTYPG,0.008021318960283701,3682.186500000002,Monitor,Loyal Premium Customers
8174-TBVCF,0.007984446693080587,8482.34619999999,Monitor,Loyal Premium Customers
6976-BWGLQ,0.007934803037693823,4602.559700000005,Monitor,Loyal Budget Customers
4879-GZLFH,0.00790105618620638,4638.586500000003,Monitor,Loyal Premium Customers
8735-SDUFN,0.007882756916301584,2359.809300000002,Monitor,Loyal Budget Customers
7602-DBTOU,0.007853882289458656,4019.9133999999995,Monitor,Loyal Budget Customers
3378-AJRAO,0.007828854881449666,2429.6388999999995,Monitor,Loyal Budget Customers
6993-YGFJV,0.007760803411310904,8176.046700000006,Monitor,Loyal Premium Customers
4114-QMKVN,0.007760238123389203,4407.276100000002,Monitor,Loyal Premium Customers
3785-KTYSH,0.007759654808493021,2960.6459999999997,Monitor,Loyal Budget Customers
2418-TPEUN,0.007750231683235122,3845.7444000000023,Monitor,Loyal Budget Customers
9066-QRSDU,0.00775006168692142,3266.5133000000037,Monitor,Loyal Budget Customers
1207-BLKSA,0.007741105482939333,2219.004099999998,Monitor,Loyal Budget Customers
4534-WGCIR,0.007714461094710277,3173.4951000000015,Monitor,Loyal Budget Customers
6585-WCEWR,0.0076915627584318155,2982.163399999999,Monitor,Loyal Budget Customers
5656-JAMLX,0.007651648684749359,2186.7962000000016,Monitor,Loyal Budget Customers
8701-DGLVH,0.007627895483115764,3452.2670999999987,Monitor,Loyal Budget Customers
3062-ICYZQ,0.007613932527950285,5996.453899999998,Monitor,Loyal Premium Customers
1266-NZYUI,0.007598453091820355,5788.362599999992,Monitor,Loyal Premium Customers
1187-WILMM,0.0075483979017317085,8414.603600000008,Monitor,Loyal Premium Customers
1841-YSJGV,0.007546363439154998,10874.064400000016,Monitor,Loyal Premium Customers
7208-PSIHR,0.007542877629862837,7700.517099999992,Monitor,Loyal Premium Customers
9140-CZQZZ,0.007541079189965944,8690.763200000007,Monitor,Loyal Premium Customers
2323-ARSVR,0.007532462483986457,10680.4725,Monitor,Loyal Premium Customers
4458-KVRBJ,0.007531861687424147,3030.566900000003,Monitor,Loyal Budget Customers
2904-GGUAZ,0.007517859459937297,7162.299900000008,Monitor,Loyal Premium Customers
9788-HNGUT,0.0075100786268955545,9794.765600000012,Monitor,Loyal Premium Customers
5707-ZMDJP,0.007507779736082931,5457.4285999999975,Monitor,Loyal Premium Customers
8218-FFJDS,0.007478594029675343,7152.35800000001,Monitor,Loyal Premium Customers
3161-GETRM,0.007466155221254052,3780.410200000004,Monitor,Established Standard Customers
7969-FFOWG,0.007438355449435979,2481.122799999996,Monitor,Loyal Budget Customers
4342-HFXWS,0.007395573999801114,5441.207800000001,Monitor,Loyal Premium Customers
2169-RRLFW,0.007369264864684706,2601.0358,Monitor,Loyal Budget Customers
1017-FBQMM,0.007338111725262319,7606.740899999993,Monitor,Loyal Premium Customers
5844-QVTAT,0.007304543955713431,2341.3821,Monitor,Established Standard Customers
0513-RBGPE,0.007300434563947234,2527.3115000000003,Monitor,Established Standard Customers
5472-CVMDX,0.007282333456046102,2688.196000000004,Monitor,Loyal Budget Customers
8028-PNXHQ,0.007186304288975492,4418.843099999995,Monitor,Loyal Budget Customers
9715-WZCLW,0.007172537835044871,9665.736799999982,Monitor,Loyal Premium Customers
3970-XGJDU,0.0071675933597201025,2660.111200000002,Monitor,Loyal Budget Customers
7515-LODFU,0.007133792812777749,2798.996899999997,Monitor,Loyal Budget Customers
5266-PFRQK,0.007121933373250214,3132.4853000000003,Monitor,Loyal Budget Customers
3727-OVPRY,0.007118263173652266,4485.5333999999975,Monitor,Loyal Budget Customers
5010-IPEAQ,0.007106119990513518,3666.0985000000055,Monitor,Loyal Premium Customers
3976-HXHCE,0.007083655070300943,4863.147499999999,Monitor,Loyal Budget Customers
5939-SXWHM,0.007040383868707134,2159.2487,Monitor,Loyal Budget Customers
7153-CHRBV,0.007018803726326201,4385.387299999994,Monitor,Loyal Premium Customers
1555-HAPSU,0.007009818546626545,3670.6315999999947,Monitor,Loyal Budget Customers
1241-FPMOF,0.0069792608506586565,2153.721500000002,Monitor,Loyal Budget Customers
0336-PIKEI,0.006964876914556085,5840.861199999998,Monitor,Loyal Premium Customers
7639-OPLNG,0.006958620064632864,7633.438599999999,Monitor,Loyal Premium Customers
8361-LBRDI,0.006958619178366025,3694.1930999999986,Monitor,Loyal Budget Customers
9507-HSMMZ,0.006925009131592328,2578.830900000003,Monitor,Loyal Budget Customers
6651-RLGGM,0.006908959721867427,2709.237099999997,Monitor,Loyal Budget Customers
2525-GVKQU,0.006885986754430234,3952.2270000000044,Monitor,Loyal Budget Customers
0973-KYVNF,0.006808781947082957,8103.488900000006,Monitor,Loyal Premium Customers
8464-EETCQ,0.00678868745119147,2282.5794999999976,Monitor,Loyal Budget Customers
7163-OCEQI,0.006759101437427575,2474.413000000001,Monitor,New Budget Customers
6024-RUGGH,0.0067583556765661,3706.434599999995,Monitor,Loyal Budget Customers
1891-QRQSA,0.006714017884624143,8012.281499999998,Monitor,Loyal Premium Customers
2569-WGERO,0.006705206651140792,3009.9736000000016,Monitor,Loyal Budget Customers
4056-QHXHZ,0.006696970069594781,7875.53009999999,Monitor,Loyal Premium Customers
5567-GZKQY,0.0066963769838769074,2878.646599999999,Monitor,Loyal Budget Customers
0442-TDYUO,0.006645976561906125,2633.2412000000018,Monitor,Loyal Budget Customers
2228-BZDEE,0.006600254555181384,2489.0677000000032,Monitor,Loyal Budget Customers
2072-ZVJJX,0.006575935554138357,3226.208400000001,Monitor,Loyal Budget Customers
2959-EEXWB,0.006557800734684523,2323.4439000000025,Monitor,Loyal Premium Customers
9504-YAZWB,0.006495936090632218,2540.750300000001,Monitor,Loyal Budget Customers
6323-AYBRX,0.006446456947088969,2671.2329999999956,Monitor,Loyal Budget Customers
4990-ALDGW,0.006431356477611215,3407.375099999998,Monitor,Loyal Budget Customers
3084-DOWLE,0.006415514770014195,9635.588600000012,Monitor,Loyal Premium Customers
0825-CPPQH,0.006393975877485088,4338.477400000004,Monitor,Loyal Budget Customers
0774-RMNUW,0.006393367743965485,4129.921300000003,Monitor,Loyal Premium Customers
8838-GPHZP,0.0063283125981380825,2361.483399999997,Monitor,Loyal Budget Customers
9251-WNSOD,0.006313309391497198,5319.388900000002,Monitor,Loyal Premium Customers
0536-ACXIP,0.00631069737302988,11264.827,Monitor,Loyal Premium Customers
1728-CXQBE,0.0062841131268160455,7438.523600000002,Monitor,Loyal Premium Customers
5249-QYHEX,0.0062207029147162566,2348.347699999997,Monitor,Loyal Budget Customers
7427-AUFPY,0.006204689659720582,2413.725499999997,Monitor,Loyal Budget Customers
5446-DKWYW,0.006181986106993819,6464.009299999997,Monitor,Loyal Premium Customers
6242-SGYTS,0.0061575319835384295,6874.87199999999,Monitor,Loyal Premium Customers
8433-WPJTV,0.006147462868925525,6968.931800000002,Monitor,Loyal Premium Customers
0815-MFZGM,0.006128128897174732,4299.719100000003,Monitor,Loyal Premium Customers
9530-GRMJG,0.006111425523573972,8649.153100000007,Monitor,Loyal Premium Customers
3258-ZKPAI,0.006103176430861133,9851.206300000009,Monitor,Loyal Premium Customers
6994-FGRHH,0.006052279806212867,7735.699399999997,Monitor,Loyal Premium Customers
6115-ZTBFQ,0.006051135131582464,4659.4795,Monitor,Loyal Premium Customers
7629-WFGLW,0.006017589120912893,6073.393900000007,Monitor,Loyal Premium Customers
2696-RZVZW,0.0059387718155451885,3360.520399999998,Monitor,Loyal Budget Customers
2481-SBOYW,0.005934798484885669,3456.1285000000016,Monitor,Loyal Budget Customers
8711-LOBKY,0.005917958988316947,3641.542100000002,Monitor,Loyal Budget Customers
2789-CZANW,0.0059037112657624735,8305.991200000006,Monitor,Loyal Premium Customers
0784-GTUUK,0.005848390064656027,3472.7303999999986,Monitor,Loyal Budget Customers
9814-AOUDH,0.005846010520581847,2315.906700000001,Monitor,Loyal Budget Customers
7083-MIOPC,0.005807550016862603,4566.419200000005,Monitor,Loyal Budget Customers
3635-QQRQD,0.0058025024174208325,3363.760299999998,Monitor,Loyal Budget Customers
9168-INPSZ,0.005696264859234892,5418.528599999998,Monitor,Loyal Premium Customers
6614-YWYSC,0.00568013663856529,2692.975900000001,Monitor,Loyal Budget Customers
0769-MURVM,0.00566756866929674,4631.250499999996,Monitor,Loyal Premium Customers
8125-QPFJD,0.00564556398332638,6201.4167000000125,Monitor,Loyal Premium Customers
5816-JMLGY,0.005642065613240398,8424.322199999991,Monitor,Loyal Budget Customers
6941-KXRRV,0.00563619214940526,4491.980899999998,Monitor,Loyal Premium Customers
9503-XJUME,0.0056285872096742086,2146.500100000003,Monitor,Loyal Budget Customers
0988-AADSA,0.005619488723808586,6477.1914,Monitor,Loyal Premium Customers
4043-MKDTV,0.005611256068508641,9946.685199999993,Monitor,Loyal Premium Customers
2330-PQGDQ,0.0055308200438460445,4777.801700000002,Monitor,Loyal Premium Customers
2194-IIQOF,0.0054903564960299515,7638.040899999998,Monitor,Loyal Premium Customers
7162-WPHPM,0.005484596671486976,6635.579900000007,Monitor,Loyal Premium Customers
9242-TKFSV,0.005482567788899064,4738.246299999996,Monitor,Loyal Premium Customers
2931-XIQBR,0.005452335887890168,7433.5365,Monitor,Loyal Premium Customers
7941-RCJOW,0.005431902677705074,4179.984400000006,Monitor,Loyal Budget Customers
7608-RGIRO,0.00543009394353091,2398.5940000000005,Monitor,Loyal Budget Customers
2664-XJZNO,0.005427264857309436,8057.995999999993,Monitor,Loyal Premium Customers
1052-QJIBV,0.005422841271535814,2846.5767999999994,Monitor,Loyal Budget Customers
3973-SKMLN,0.0054002215145276785,2905.6657000000005,Monitor,Loyal Budget Customers
8513-OLYGY,0.005383310954005656,10197.565700000005,Monitor,Loyal Premium Customers
2616-FLVQC,0.005378777932183291,3743.003000000004,Monitor,Loyal Budget Customers
5549-ZGHFB,0.005375533777804953,2272.9594000000025,Monitor,Loyal Budget Customers
9675-ICXCT,0.0053675552325342995,8227.080099999997,Monitor,Loyal Premium Customers
5574-NXZIU,0.005329988519502711,7664.677399999993,Monitor,Loyal Budget Customers
5915-DGNVC,0.005314109183928412,4793.006200000003,Monitor,Loyal Premium Customers
9084-OAYKL,0.005309206298957951,4075.038699999997,Monitor,Loyal Budget Customers
5161-XEUVX,0.0053071237906821694,3863.111100000003,Monitor,Loyal Premium Customers
1960-UOTYM,0.005300140015457164,4868.911599999999,Monitor,Loyal Premium Customers
8069-RHUXK,0.005290124017051669,2520.786700000003,Monitor,Loyal Budget Customers
2796-UUZZO,0.0052532639814279695,6071.7681999999995,Monitor,Loyal Premium Customers
0327-WFZSY,0.0052424688920146905,4493.649299999995,Monitor,Loyal Premium Customers
4231-LZUYM,0.005242141472026368,2756.1687000000024,Monitor,Loyal Budget Customers
9705-IOVQQ,0.005237898891439962,6300.098699999994,Monitor,Loyal Premium Customers
7691-KGKGP,0.005203003475039543,3529.687800000001,Monitor,Loyal Premium Customers
0902-XKXPN,0.0051933158688963685,2976.309200000004,Monitor,Loyal Budget Customers
2546-KZAAT,0.0051775965808664864,4490.201999999999,Monitor,Loyal Premium Customers
6332-FBZRI,0.00516913172638218,7012.846099999994,Monitor,Loyal Premium Customers
6556-DBKZF,0.005146586528445079,6062.448799999993,Monitor,Loyal Premium Customers
2146-EGVDT,0.005137559805423196,2688.5157999999965,Monitor,Loyal Budget Customers
6656-GULJQ,0.005121287069417539,7399.686000000002,Monitor,Loyal Premium Customers
8882-TLVRW,0.005075845206799912,2638.0465000000013,Monitor,Loyal Budget Customers
8552-OBVRU,0.0050586206528723966,5739.185399999999,Monitor,Loyal Premium Customers
3487-EARAT,0.005036424206538422,6532.385100000003,Monitor,Loyal Premium Customers
1347-KTTTA,0.004997793102005981,9262.65189999999,Monitor,Loyal Premium Customers
7776-QGYJC,0.004983135437983044,4702.382700000005,Monitor,Established Standard Customers
4778-IZARL,0.004919983092393873,7031.569800000003,Monitor,Loyal Premium Customers
8406-LNMHF,0.004919322659260651,5262.202799999995,Monitor,Loyal Premium Customers
5038-ETMLM,0.004848700375489215,10222.6297,Monitor,Loyal Premium Customers
3327-YBAKM,0.0047992933939771335,7515.3186000000105,Monitor,Loyal Premium Customers
0264-CNITK,0.0047903649930897746,3601.7174999999975,Monitor,Loyal Budget Customers
9453-PATOS,0.004777830187056539,7538.400100000011,Monitor,Loyal Premium Customers
0463-TXOAK,0.004760020094450118,2420.9789999999985,Monitor,Loyal Budget Customers
4012-YCFAI,0.004749430781694602,5133.292299999997,Monitor,Loyal Premium Customers
6766-HFKLA,0.004742210419726906,6301.047000000004,Monitor,Loyal Premium Customers
8450-LUGUK,0.004740537730873017,2469.3928000000024,Monitor,Loyal Budget Customers
5131-PONJI,0.0046485201643358814,5142.530399999992,Monitor,Loyal Premium Customers
8565-WUXZU,0.004646714465589808,6456.790099999997,Monitor,Loyal Premium Customers
1459-QNFQT,0.004646256219377917,4144.818100000001,Monitor,Loyal Premium Customers
6166-YIPFO,0.004643541009458765,4626.368799999998,Monitor,Loyal Premium Customers
3678-MNGZX,0.0046252916861610795,3806.080600000001,Monitor,Loyal Budget Customers
3274-NSDWE,0.0046119587962385,3682.561499999996,Monitor,Loyal Budget Customers
7695-PKLCZ,0.004592116157933872,4616.3624,Monitor,Loyal Budget Customers
2075-PUEPR,0.0045641888650479025,2488.121200000001,Monitor,Loyal Budget Customers
1215-EXRMO,0.0045311567636155525,3342.7346000000002,Monitor,Loyal Budget Customers
8958-JPTRR,0.004509061086124392,2542.212599999998,Monitor,Loyal Budget Customers
7449-HVPIV,0.004475696918961373,6295.7798,Monitor,Loyal Premium Customers
8039-ACLPL,0.004475668637975563,5799.825899999996,Monitor,Loyal Premium Customers
9200-NLNPD,0.004442028834057209,3055.9054999999958,Monitor,Loyal Premium Customers
6461-SZMCV,0.004390073106448656,6864.526399999995,Monitor,Loyal Premium Customers
1027-LKKQQ,0.004381697933883011,6556.440299999999,Monitor,Loyal Premium Customers
0402-OAMEN,0.004372771602114719,3168.1407000000013,Monitor,Loyal Budget Customers
2533-QVMSK,0.004370500225568949,7276.993,Monitor,Loyal Premium Customers
1568-BEKZM,0.0043626577349142525,7221.378600000001,Monitor,Loyal Premium Customers
5322-TEUJK,0.004357883897868665,8514.220199999998,Monitor,Loyal Premium Customers
3563-SVYLG,0.004337731724177592,6906.424199999997,Monitor,Loyal Premium Customers
2040-LDIWQ,0.004336908737598742,7989.495200000005,Monitor,Loyal Premium Customers
0531-XBKMM,0.004333703155816949,6526.719499999998,Monitor,Loyal Premium Customers
0536-ESJEP,0.0043289386087992255,4898.0993999999955,Monitor,Loyal Premium Customers
1498-NHTLT,0.004318589834691273,7683.708199999996,Monitor,Loyal Premium Customers
8165-CBKXO,0.004274129712990511,3700.702500000003,Monitor,Loyal Premium Customers
9730-DRTMJ,0.00426589519960463,2988.173499999999,Monitor,Established Standard Customers
0526-SXDJP,0.0042414740542296245,2937.0013,Monitor,Loyal Budget Customers
3224-DFQNQ,0.004237676402865317,8384.516100000006,Monitor,Loyal Premium Customers
6723-CEGQI,0.004220072038837644,2958.2589000000044,Monitor,Loyal Budget Customers
4530-NDRKU,0.004157096833175317,2264.5275000000024,Monitor,Loyal Budget Customers
1972-XMUWV,0.00415256654103241,4602.153300000002,Monitor,Loyal Premium Customers
6196-HBOBZ,0.0041491239049431155,8344.251200000013,Monitor,Loyal Premium Customers
6837-HAEVO,0.0041440310862763926,8799.864700000013,Monitor,Loyal Premium Customers
5781-BKHOP,0.00411592567507284,10236.329000000003,Monitor,Loyal Premium Customers
4024-CSNBY,0.004061272490346723,7577.2725999999875,Monitor,Loyal Premium Customers
5473-KHBPS,0.004056723949662536,5429.669499999993,Monitor,Loyal Premium Customers
1325-USMEC,0.004042068957431386,10274.711499999998,Monitor,Loyal Premium Customers
7643-RCHXS,0.004025795337741048,3871.608800000002,Monitor,Loyal Budget Customers
7925-PNRGI,0.004015325552201813,4022.911999999996,Monitor,Loyal Premium Customers
7161-DFHUF,0.004012248685272783,3144.7743999999984,Monitor,Loyal Budget Customers
4737-AQCPU,0.004011811828354879,8142.9081,Monitor,Loyal Premium Customers
9135-HSWOC,0.004007979222207626,2290.3450000000025,Monitor,Loyal Budget Customers
4077-HWUYD,0.004006259605483967,9176.155699999987,Monitor,Loyal Budget Customers
2245-ADZFJ,0.004000907557483891,3426.150199999996,Monitor,Loyal Premium Customers
4667-QONEA,0.003980947128184807,7301.025499999993,Monitor,Loyal Premium Customers
2599-CIPQE,0.0039783464635933284,9896.395899999989,Monitor,Loyal Premium Customers
1074-WVEVG,0.003969558799726811,3130.4413999999997,Monitor,Loyal Budget Customers
9742-XOKTS,0.003941869915051676,7249.393799999986,Monitor,Loyal Premium Customers
6439-PKTRR,0.0039405915115510925,5898.445400000009,Monitor,Loyal Premium Customers
3399-BMLVW,0.0039387243721939105,3602.6538999999993,Monitor,Loyal Premium Customers
6693-DJWTY,0.003912889530547213,2491.424999999996,Monitor,Loyal Budget Customers
4626-OZDTJ,0.0039107131699486035,5303.318999999996,Monitor,Loyal Premium Customers
7663-YJHSN,0.003908710668197618,10722.056199999997,Monitor,Loyal Premium Customers
1936-CZAKF,0.00388104058004229,2433.4221999999972,Monitor,Loyal Premium Customers
2824-DXNKN,0.003870399943007028,7917.056799999999,Monitor,Loyal Premium Customers
2091-GPPIQ,0.003864068504061179,7452.372900000005,Monitor,Loyal Premium Customers
9348-ROUAI,0.003855359915210819,7981.113400000001,Monitor,Loyal Premium Customers
3498-LZGQZ,0.0038437033582974147,3095.3713000000007,Monitor,Loyal Budget Customers
5980-BDHPY,0.0038314284486736985,7263.1164,Monitor,Loyal Premium Customers
7602-MVRMB,0.0038110865648443766,11339.215599999994,Monitor,Loyal Premium Customers
7622-FWGEW,0.003805027419852902,6648.308500000009,Monitor,Loyal Premium Customers
5684-FJVYR,0.0037935374182706053,7157.49619999999,Monitor,Loyal Premium Customers
8107-RZLNV,0.003752609029728634,8677.165299999997,Monitor,Loyal Premium Customers
3340-QBBFM,0.0037254477171412923,3642.366400000001,Monitor,Established Standard Customers
5073-RZGBK,0.003722551964559192,6474.440899999999,Monitor,Loyal Premium Customers
2167-FQSTQ,0.003679643656619634,9217.165599999997,Monitor,Loyal Premium Customers
9593-CVZKR,0.0036789092427978306,3165.1172000000015,Monitor,Loyal Budget Customers
3441-CGZJH,0.003661742479463348,2532.0622999999996,Monitor,Loyal Premium Customers
2294-DMMUS,0.0036511585797676244,6734.621200000005,Monitor,Loyal Premium Customers
7663-CUXZB,0.0036073476119584617,7464.745799999993,Monitor,Loyal Premium Customers
1814-WFGVS,0.003603884897252834,3459.2738999999983,Monitor,Loyal Premium Customers
7722-CVFXN,0.003551620154885705,5992.614100000006,Monitor,Loyal Premium Customers
2954-PIBKO,0.0035462596831647665,6964.767799999998,Monitor,Loyal Premium Customers
9838-BFCQT,0.003543541066630382,4283.359400000003,Monitor,Loyal Budget Customers
2988-GBIVW,0.003513152375878854,9136.736599999991,Monitor,Loyal Premium Customers
5321-NTRKC,0.003508966955730325,7452.08939999999,Monitor,Loyal Premium Customers
1248-DYXUB,0.0034893315922790986,3282.5091000000034,Monitor,Loyal Budget Customers
6283-GITPX,0.0034863467677456023,5902.461999999994,Monitor,Loyal Premium Customers
4565-NLZBV,0.0034535277965391706,4787.127299999998,Monitor,Loyal Budget Customers
7037-MTYVW,0.0034435547347713012,3953.2013000000006,Monitor,Loyal Premium Customers
7647-GYYKX,0.003441079991884123,3306.4049000000023,Monitor,Loyal Budget Customers
8224-KDLKN,0.003419982783983681,3036.1074000000026,Monitor,Loyal Budget Customers
5044-XDPYX,0.0034110176029821778,2190.5061000000005,Monitor,Loyal Budget Customers
2798-NYLMZ,0.0033945083726218176,10124.256999999989,Monitor,Loyal Premium Customers
3642-BYHDO,0.0033804705361343604,2262.9621000000006,Monitor,Loyal Budget Customers
8249-THVEC,0.0033797472425652823,2934.437400000003,Monitor,Loyal Budget Customers
1764-VUUMT,0.0033757253930480663,3826.8489000000054,Monitor,Loyal Budget Customers
1813-JLKWR,0.0033399956390399513,2792.989200000001,Monitor,Loyal Budget Customers
3170-NMYVV,0.0033321189256870104,2274.5105000000026,Monitor,Loyal Budget Customers
6181-AXXYF,0.003329888209507243,4990.505200000005,Monitor,Loyal Budget Customers
8039-EQPIM,0.0033063550561921225,3935.001100000001,Monitor,Loyal Premium Customers
4955-VCWBI,0.003281948332570198,2363.3391999999976,Monitor,Loyal Budget Customers
7576-ASEJU,0.003254545329388778,4211.405199999997,Monitor,Loyal Premium Customers
3884-UEBXB,0.003230905638911735,2469.4101000000032,Monitor,Loyal Budget Customers
2123-VSCOT,0.0032183384309074172,5691.0414000000055,Monitor,Loyal Premium Customers
5312-IRCFR,0.0032030645605119154,8308.690899999992,Monitor,Loyal Premium Customers
9479-HYNYL,0.003201469098104841,8779.685299999994,Monitor,Loyal Premium Customers
5095-ETBRJ,0.003180927167046441,3351.852499999999,Monitor,Loyal Premium Customers
7688-AWMDX,0.0031770100566430037,7146.659400000001,Monitor,Loyal Premium Customers
2380-DAMQP,0.00317191218869122,11225.92090000001,Monitor,Loyal Premium Customers
5003-XZWWO,0.0031682524122192274,7264.817499999996,Monitor,Loyal Budget Customers
7322-OCWHC,0.0031568616940808526,6825.92600000001,Monitor,Loyal Premium Customers
7148-XZPHA,0.0031511673358927635,5023.098300000006,Monitor,Loyal Premium Customers
0014-BMAQU,0.0031459376757302397,6175.308600000008,Monitor,Loyal Premium Customers
9225-BZLNZ,0.003116155519935303,7276.737199999994,Monitor,Loyal Premium Customers
4163-NCJAK,0.003080732458997981,2683.414599999999,Monitor,Loyal Budget Customers
0661-KBKPA,0.0030792062132934954,5778.792800000011,Monitor,Loyal Premium Customers
9173-IVZVP,0.003072967754388341,3421.106299999998,Monitor,Loyal Budget Customers
4423-JWZJN,0.0030713740196617848,8477.537000000006,Monitor,Loyal Premium Customers
5375-XLDOF,0.0030710752427463516,10324.24149999999,Monitor,Loyal Premium Customers
9778-OGKQZ,0.003055922365536887,7006.540899999993,Monitor,Loyal Premium Customers
9589-ABEPT,0.0030362834155818873,6707.927099999995,Monitor,Loyal Premium Customers
3795-GWTRD,0.003012334417171071,5226.410700000005,Monitor,Loyal Premium Customers
3967-VQOGC,0.002997117186443384,2790.5757999999996,Monitor,Loyal Budget Customers
9640-ZSLDC,0.002986195054922303,5009.809199999992,Monitor,Loyal Premium Customers
6096-EGVTU,0.0029491051968102886,2797.9352000000003,Monitor,Loyal Budget Customers
2208-NQBCT,0.002948495989254974,3161.3866,Monitor,Established Standard Customers
1335-MXCSE,0.0029294628205724796,5650.609200000002,Monitor,Loyal Premium Customers
5799-JRCZO,0.0029255380092370023,2811.217100000001,Monitor,Loyal Budget Customers
6010-DDPPW,0.0029240288796423203,2469.600400000003,Monitor,Loyal Budget Customers
4195-PNGZS,0.00291391656945644,4006.605099999996,Monitor,Loyal Budget Customers
9337-SRRNI,0.0029033144820576136,3244.4488000000024,Monitor,Loyal Budget Customers
7073-QETQY,0.0028837655500507644,4342.880899999997,Monitor,Loyal Budget Customers
3067-SVMTC,0.002871200043330727,6838.932500000004,Monitor,Loyal Budget Customers
0266-CLZKZ,0.002866324357758898,8058.745299999991,Monitor,Loyal Premium Customers
2056-EVGZL,0.0028592677566095133,7938.902700000001,Monitor,Loyal Premium Customers
4817-KEQSP,0.0027951167645395526,2549.612499999998,Monitor,Loyal Budget Customers
9769-TSBZE,0.0027941216701298614,5962.2748999999985,Monitor,Loyal Premium Customers
8347-GDTMP,0.0027902427997409307,2301.1353000000004,Monitor,Loyal Budget Customers
9031-ZVQPT,0.0027643403084931617,8782.830800000009,Monitor,Loyal Premium Customers
2400-FEQME,0.002761316918271632,3368.986200000002,Monitor,Loyal Budget Customers
0057-QBUQH,0.0027590760009599093,2345.576600000004,Monitor,Loyal Budget Customers
5906-DVAPM,0.0027297520738884225,6085.759200000009,Monitor,Loyal Premium Customers
7157-SMCFK,0.002728611346438837,2239.103900000001,Monitor,Loyal Budget Customers
6265-SXWBU,0.0027102361555068288,9585.291599999997,Monitor,Loyal Premium Customers
3779-OSWCF,0.002696721511145241,7395.493700000004,Monitor,Loyal Premium Customers
0285-INHLN,0.0026718184275664448,2453.494399999999,Monitor,Established Standard Customers
9470-YFUYI,0.0026666062310365564,5745.6518,Monitor,Loyal Premium Customers
7722-VJRQD,0.002662714228278848,4467.039199999995,Monitor,Loyal Premium Customers
7929-SKFGK,0.0026508322751892313,9605.12180000001,Monitor,Loyal Premium Customers
2984-TBYKU,0.002648916070045005,9733.62339999999,Monitor,Loyal Premium Customers
6726-NNFWD,0.002624703458402681,7536.918199999997,Monitor,Loyal Premium Customers
6122-LJADA,0.00261689969982818,6561.414200000003,Monitor,Loyal Premium Customers
9359-JANWS,0.002610021642412771,6164.889300000001,Monitor,Loyal Premium Customers
5115-GZDEL,0.0026032350665818925,4839.0845,Monitor,Loyal Premium Customers
1088-CNNKB,0.0025591224108715512,7165.050599999995,Monitor,Loyal Premium Customers
0174-QRVVY,0.0025314334399866353,2459.8547,Monitor,Loyal Budget Customers
1131-QQZEB,0.002525289082256766,3852.515700000003,Monitor,Loyal Budget Customers
8777-MBMTS,0.002483951160357498,9141.762999999992,Monitor,Loyal Premium Customers
1642-HMARX,0.002474596133681901,7522.569800000009,Monitor,Loyal Premium Customers
4450-MDZFX,0.0024640648859131416,6894.929300000004,Monitor,Loyal Budget Customers
0862-PRCBS,0.0024605565650400673,8104.275499999993,Monitor,Loyal Premium Customers
1866-DIOQZ,0.002431291316501977,4737.873600000005,Monitor,Loyal Premium Customers
3470-OBUET,0.0024082327394523194,7749.067599999992,Monitor,Loyal Premium Customers
1945-XISKS,0.0023858849588773417,3591.528299999997,Monitor,Loyal Budget Customers
3566-CAAYU,0.0023792590041156036,3242.596999999999,Monitor,Loyal Premium Customers
9489-DEDVP,0.002361099068181919,7076.608399999995,Monitor,Loyal Premium Customers
2378-YIZKA,0.0023414838242919573,6222.420299999999,Monitor,Loyal Premium Customers
5975-BAICR,0.0023380426146273176,3905.1515000000054,Monitor,Loyal Premium Customers
5208-FVQKB,0.002332794675669986,6387.1181,Monitor,Loyal Premium Customers
1088-AUUZZ,0.0023262788646745886,6392.439100000004,Monitor,Loyal Premium Customers
8400-WZICQ,0.00231714883186081,5096.5938000000015,Monitor,Loyal Premium Customers
1956-YIFGE,0.0023067665156624,2445.2393,Monitor,Established Standard Customers
6813-GZQCG,0.0022978738431386164,2814.4531000000025,Monitor,Loyal Budget Customers
6897-RWMUB,0.002286783612011765,6640.394899999996,Monitor,Loyal Budget Customers
8670-MEFCP,0.0022837159668751793,4842.6975999999995,Monitor,Loyal Premium Customers
1206-EHBDD,0.002282026927460193,4815.188700000005,Monitor,Loyal Premium Customers
7501-IWUNG,0.002253478981333495,5087.014399999999,Monitor,Loyal Premium Customers
7684-XSZIY,0.002225662414864715,3104.9109999999973,Monitor,Loyal Budget Customers
6365-HITVU,0.002218466611766834,9618.9092,Monitor,Loyal Premium Customers
5766-FTRTS,0.0022086929639243014,8482.810500000009,Monitor,Loyal Premium Customers
3181-VTHOE,0.0021987300438818754,3624.4762000000005,Monitor,Loyal Premium Customers
5115-SQAAU,0.0021751418333732474,3127.186299999997,Monitor,Loyal Budget Customers
3284-SVCRO,0.002171668445644435,3075.1465999999996,Monitor,Loyal Budget Customers
4312-GVYNH,0.002168936771686119,3447.719700000004,Monitor,Loyal Premium Customers
2521-NPUZR,0.002150170777744271,10160.245999999996,Monitor,Loyal Premium Customers
4578-PHJYZ,0.002144674450605604,3888.585700000003,Monitor,Loyal Premium Customers
8219-VYBVI,0.0021388196115072465,2691.701999999998,Monitor,Loyal Budget Customers
0847-HGRML,0.002132323315091678,2825.9220000000005,Monitor,Loyal Budget Customers
9372-TXXPS,0.002119973436929603,6076.521199999999,Monitor,Loyal Premium Customers
4674-HGNUA,0.002108011386002623,8664.452499999992,Monitor,Loyal Premium Customers
5578-NKCXI,0.0020836442977624553,8117.819500000008,Monitor,Loyal Premium Customers
0613-WUXUM,0.0020524674461722195,4067.6696000000015,Monitor,Loyal Budget Customers
0020-INWCK,0.0020034148812418107,8663.636499999997,Monitor,Loyal Premium Customers
8630-QSGXK,0.001997167410712118,4414.579099999997,Monitor,Loyal Premium Customers
4377-VDHYI,0.0019744059670900103,3917.242700000004,Monitor,Loyal Budget Customers
1452-UZOSF,0.0019529549967781119,8074.7754999999925,Monitor,Loyal Premium Customers
9823-EALYC,0.0019209557883748398,6382.2583,Monitor,Loyal Premium Customers
5781-RFZRP,0.0019172167073219209,7790.87549999999,Monitor,Loyal Premium Customers
9402-ROUMJ,0.0019137937058963295,7170.040299999998,Monitor,Loyal Premium Customers
0104-PPXDV,0.001912133729239861,4059.1999000000064,Monitor,Loyal Budget Customers
5821-MMEIL,0.0019032878469433321,3680.0789999999974,Monitor,Loyal Budget Customers
4227-OJHAL,0.0018930837908612474,6480.017299999999,Monitor,Loyal Premium Customers
4877-TSOFF,0.0018916393083022775,5137.314499999999,Monitor,Loyal Premium Customers
9499-XPZXM,0.0018614758637385015,5737.124,Monitor,Loyal Premium Customers
5090-EMGTC,0.0018610567503054743,8583.76399999999,Monitor,Loyal Premium Customers
0784-ZQJZX,0.0018325717115826874,3782.148499999993,Monitor,Loyal Budget Customers
7636-PEPNS,0.001829858847081617,3996.6030000000014,Monitor,Loyal Budget Customers
5242-UOWHD,0.001826188548358974,2708.211499999997,Monitor,Loyal Budget Customers
1927-QEWMY,0.0018034907042177738,4709.0231,Monitor,Loyal Budget Customers
5457-COLHT,0.0018031559745987267,8378.731800000007,Monitor,Loyal Premium Customers
3908-MKIMJ,0.0018026937981345807,2908.5718000000006,Monitor,Loyal Budget Customers
8169-SAEJD,0.0017948641387179223,3887.0305000000026,Monitor,Loyal Premium Customers
2057-BOYKM,0.0017905539615069386,8885.79369999999,Monitor,Loyal Premium Customers
5135-RDDQL,0.0017553470904734681,4888.697099999999,Monitor,Loyal Budget Customers
7696-AMHOD,0.0017499901148849016,4311.442900000003,Monitor,Loyal Premium Customers
8181-YHCMF,0.0017328874171247178,4109.458100000003,Monitor,Loyal Premium Customers
0052-DCKON,0.0017253234831269809,10218.524699999985,Monitor,Loyal Premium Customers
3810-PJUHR,0.001723571319924307,2460.8542000000034,Monitor,Loyal Budget Customers
7765-LWVVH,0.001712943859258457,8008.7033000000065,Monitor,Loyal Premium Customers
3071-MVJCD,0.001690856947499063,9188.792999999987,Monitor,Loyal Premium Customers
9739-JLPQJ,0.001685121514359496,10840.365299999981,Monitor,Loyal Premium Customers
5197-LQXXH,0.0016723458613095517,6783.234800000006,Monitor,Loyal Premium Customers
4654-ULTTN,0.0016544311779763637,5896.703200000007,Monitor,Loyal Premium Customers
4815-YOSUK,0.0016386572169690009,10497.870900000002,Monitor,Loyal Premium Customers
8313-AFGBW,0.0016103775191123081,4185.734199999998,Monitor,Loyal Premium Customers
0804-YGEQV,0.0016072481085373704,2176.9806999999973,Monitor,Loyal Budget Customers
2193-SFWQW,0.0016039526563848897,9739.189600000002,Monitor,Loyal Premium Customers
0420-TXVSG,0.0015875397653238139,6874.222400000011,Monitor,Loyal Premium Customers
4295-YURET,0.0015855189655996499,4654.960599999997,Monitor,Loyal Premium Customers
2560-QTSBS,0.0015728582465586323,2882.7371000000026,Monitor,Loyal Budget Customers
4121-AGSIN,0.0015665913422325984,3590.834900000004,Monitor,Loyal Budget Customers
5893-KCLGT,0.0015620023487202773,2580.079100000004,Monitor,Loyal Budget Customers
1085-LDWAM,0.0015535578146373761,3029.514299999998,Monitor,Loyal Budget Customers
3507-GASNP,0.0015319537853078291,2204.6343999999967,Monitor,Loyal Budget Customers
6007-TCTST,0.00151097913933474,9181.865200000002,Monitor,Loyal Premium Customers
7101-HRBLJ,0.001510847539943232,7131.098000000004,Monitor,Loyal Premium Customers
0839-JTCUD,0.001505558596752438,8364.125899999994,Monitor,Loyal Premium Customers
6848-YLDFR,0.0015046901408756726,6523.482899999995,Monitor,Loyal Premium Customers
6229-UOLQL,0.0015034090665822363,2913.9615999999987,Monitor,Loyal Premium Customers
7480-SPLEF,0.001500647560633008,2574.9046000000035,Monitor,Loyal Budget Customers
2804-ETQDK,0.0015006364333106544,2762.049300000001,Monitor,Loyal Budget Customers
7293-LSCDV,0.0014906717793537142,2581.9715999999976,Monitor,Loyal Budget Customers
0505-SPOOW,0.0014817958885102855,2228.0356,Monitor,Loyal Budget Customers
3913-FCUUW,0.0014804774987935835,5648.759300000005,Monitor,Loyal Premium Customers
8626-XHBIE,0.0014612971320599518,2766.7393000000006,Monitor,Loyal Budget Customers
7599-NTMDP,0.0014321462148639006,3124.134099999996,Monitor,Loyal Budget Customers
5117-ZSMHQ,0.0014289398487105389,9082.933600000008,Monitor,Loyal Premium Customers
0036-IHMOT,0.0014149029540828895,7588.559199999993,Monitor,Loyal Premium Customers
5855-EIBDE,0.0014143978026040992,7180.316800000008,Monitor,Loyal Premium Customers
2226-ICFDO,0.001407816375244831,6875.908300000007,Monitor,Loyal Premium Customers
8532-UEFWH,0.001397385812869868,3803.2214999999974,Monitor,Loyal Budget Customers
7216-KAOID,0.0013969358164566945,2490.4270999999985,Monitor,Loyal Budget Customers
6631-HMANX,0.0013943079974334312,8379.379100000007,Monitor,Loyal Premium Customers
3810-DVDQQ,0.0013907586048561712,11627.844900000002,Monitor,Loyal Premium Customers
8050-XGRVL,0.0013872300801883565,5608.083600000005,Monitor,Loyal Premium Customers
3230-IUALN,0.0013813496880470228,4790.714099999994,Monitor,Loyal Premium Customers
1830-GGFNM,0.0013797774453503141,7444.442199999996,Monitor,Loyal Premium Customers
0377-JBKKT,0.0013796043093751802,2217.254099999999,Monitor,Established Standard Customers
1306-RPWXZ,0.001367937652254235,2601.329800000003,Monitor,Loyal Budget Customers
9548-ZMVTX,0.0013630328483093786,7000.826899999997,Monitor,Loyal Premium Customers
0214-JHPFW,0.0013562426681941618,4083.5243000000005,Monitor,Loyal Premium Customers
6732-VAILE,0.0013393897224551847,8140.540099999997,Monitor,Loyal Premium Customers
1094-BKOSX,0.0013121451767324742,2304.6093,Monitor,Loyal Premium Customers
5456-ITGIC,0.001305622202826325,4620.132599999995,Monitor,Loyal Premium Customers
5884-FBCTL,0.0012996825334049783,4363.357599999996,Monitor,Loyal Budget Customers
2181-TIDSV,0.0012771704935509592,2681.4094000000005,Monitor,Loyal Budget Customers
7426-WEIJX,0.001273456666966306,5947.188599999999,Monitor,Loyal Premium Customers
1167-OYZJF,0.0012577167498794856,4547.5589999999975,Monitor,Loyal Budget Customers
6917-FIJHC,0.0012459031915479787,3570.2867000000006,Monitor,Loyal Budget Customers
6120-RJKLU,0.0012426053505993392,6359.791899999993,Monitor,Loyal Premium Customers
5248-YGIJN,0.0012424208913947086,7141.289699999991,Monitor,Loyal Premium Customers
0485-ZBSLN,0.0012288776325670334,4029.223599999996,Monitor,Loyal Budget Customers
3982-DQLUS,0.0012224520864671047,6340.1878000000015,Monitor,Loyal Premium Customers
7064-JHXCE,0.0012050747234598489,2666.063,Monitor,Loyal Budget Customers
4178-EGMON,0.001190343999925868,6744.883400000002,Monitor,Loyal Premium Customers
9565-FLVCG,0.0011731613758496598,5659.308399999996,Monitor,Loyal Premium Customers
6855-VLGOS,0.0011701072739559275,4128.8758999999945,Monitor,Loyal Budget Customers
8165-ZJRNM,0.0011673513400058326,3170.4607999999985,Monitor,Loyal Budget Customers
9477-LGWQI,0.001158696309625675,7285.366599999999,Monitor,Loyal Premium Customers
0739-UUAJR,0.0011543541412942777,3916.6490000000053,Monitor,Loyal Premium Customers
6734-JDTTV,0.0011479150701249549,3534.2488999999982,Monitor,Loyal Budget Customers
8395-ETZKQ,0.001145108287528981,3654.3329000000044,Monitor,Loyal Budget Customers
3996-ZNWYK,0.0011408679394678718,3697.472899999995,Monitor,Loyal Budget Customers
4644-OBGFZ,0.0010710623091008428,3002.8122000000008,Monitor,Loyal Budget Customers
7169-YWAMK,0.001066994925454711,5985.806099999991,Monitor,Loyal Premium Customers
1032-MAELW,0.0010645186432460263,5848.323800000002,Monitor,Loyal Premium Customers
3088-FVYWK,0.0010403216813394535,3014.4683999999984,Monitor,Loyal Budget Customers
3777-XROBG,0.001035182125516498,3676.6125,Monitor,Loyal Budget Customers
6408-WHTEF,0.0010093839811238336,6605.931500000002,Monitor,Loyal Premium Customers
0626-QXNGV,0.0009845695666353819,4388.4590000000035,Monitor,Loyal Budget Customers
5275-PMFUT,0.000983051214997952,4695.621499999999,Monitor,Loyal Premium Customers
0040-HALCW,0.0009762296851687008,2179.3318999999965,Monitor,Loyal Budget Customers
9830-ECLEN,0.0009725067269712132,2925.3858999999998,Monitor,Loyal Premium Customers
4915-BFSXL,0.0009675618785890935,6199.319199999997,Monitor,Loyal Premium Customers
6285-FTQBF,0.0009659840101740192,4490.168499999996,Monitor,Loyal Budget Customers
4293-ETKAP,0.0009543401608390036,5292.220499999993,Monitor,Loyal Premium Customers
2845-KDHVX,0.0009433607944918689,5926.428499999993,Monitor,Loyal Premium Customers
1820-DJFPH,0.000934716477801885,5113.75560000001,Monitor,Loyal Budget Customers
3118-UHVVQ,0.0009257768452283407,2834.565500000003,Monitor,Loyal Budget Customers
8098-TDCBU,0.0009255318515310948,2435.3969000000016,Monitor,Loyal Budget Customers
4836-WNFNO,0.0009197167453517945,4552.239200000004,Monitor,Loyal Budget Customers
2351-BKRZW,0.0009170822947606899,4612.251599999995,Monitor,Loyal Premium Customers
0567-XRHCU,0.0009109870535460682,2967.3926,Monitor,Loyal Premium Customers
2207-RYYRL,0.0008883752355050327,2724.524500000001,Monitor,Loyal Budget Customers
9938-TKDGL,0.0008820592503622076,9423.763899999998,Monitor,Loyal Premium Customers
5227-JSCFE,0.00087223030075283,3281.665400000002,Monitor,Loyal Premium Customers
3200-MNQTF,0.0008382381769829908,6643.108099999997,Monitor,Loyal Premium Customers
8338-QIUNR,0.0008335742271054604,5183.99699999999,Monitor,Loyal Premium Customers
7503-EPSZW,0.0008308257198422147,2634.624100000003,Monitor,Loyal Budget Customers
6427-FEFIG,0.0008276340104389825,2376.4951000000005,Monitor,Established Standard Customers
6681-ZSEXG,0.0008132010603075661,5342.9240999999965,Monitor,Loyal Premium Customers
1403-GYAFU,0.0007934045645314739,4754.467000000004,Monitor,Loyal Budget Customers
3082-YVEKW,0.0007884302862856492,2532.1672000000012,Monitor,Established Standard Customers
3190-ITQXP,0.0007709449244659534,2192.937700000002,Monitor,Loyal Budget Customers
1084-MNSMJ,0.0007688429653545151,6059.866999999998,Monitor,Loyal Premium Customers
8232-CTLKO,0.0007524575847890044,4659.895599999998,Monitor,Loyal Premium Customers
1166-PQLGG,0.0007282370937821529,2622.4475999999977,Monitor,Loyal Budget Customers
4194-FJARJ,0.0007218876813398751,3670.3313000000053,Monitor,Loyal Premium Customers
6103-QCKFX,0.0007207137293937846,4455.301400000002,Monitor,Loyal Budget Customers
8336-TAVKX,0.0007111076488713266,6680.104500000002,Monitor,Loyal Premium Customers
1741-WTPON,0.0007099417563214077,8644.747400000015,Monitor,Loyal Premium Customers
1460-UZPRJ,0.0007051839880737504,3048.865499999996,Monitor,Loyal Budget Customers
6504-VBLFL,0.0006924234659362966,3491.046,Monitor,Loyal Premium Customers
8747-UDCOI,0.0006897109521206845,4363.226700000002,Monitor,Loyal Budget Customers
8259-DZLIZ,0.0006886301632057833,5027.3711,Monitor,Loyal Budget Customers
1352-HNSAW,0.000677514787043953,10831.79709999999,Monitor,Loyal Premium Customers
3580-GICBM,0.000673289941569866,3599.289100000001,Monitor,Loyal Budget Customers
0238-WHBIQ,0.0006713327480537697,8721.056800000006,Monitor,Loyal Premium Customers
9786-YWNHU,0.0006685891334314646,4347.628499999995,Monitor,Loyal Premium Customers
6857-TKDJV,0.0006648805150212487,2630.161200000001,Monitor,Loyal Budget Customers
0572-ZJKLT,0.0006603423688396774,6771.089400000008,Monitor,Loyal Premium Customers
6169-PPETC,0.0006482214854613484,2505.743000000001,Monitor,Loyal Budget Customers
2661-GKBTK,0.0006281421402203447,6222.100899999998,Monitor,Loyal Premium Customers
8468-FZTOE,0.000626155523645663,6433.436900000001,Monitor,Loyal Premium Customers
5296-PSYVW,0.0006243934636625854,2384.316900000002,Monitor,Loyal Budget Customers
9135-MGVPY,0.0006050630949369157,9251.33300000001,Monitor,Loyal Premium Customers
3950-VPYJB,0.0006041214242549416,4354.2773,Monitor,Loyal Premium Customers
3457-PQBYH,0.0005987469170761454,2187.1582999999964,Monitor,Loyal Budget Customers
9068-VPWQQ,0.0005969221197233669,6535.369599999993,Monitor,Loyal Premium Customers
9702-AIUJO,0.0005733840255529573,4134.576000000002,Monitor,Loyal Budget Customers
4302-ZYFEL,0.0005684025745153835,3253.138400000002,Monitor,Loyal Budget Customers
1697-LYYYX,0.000566284457700828,3718.9008000000044,Monitor,Loyal Budget Customers
8780-IHCRN,0.000565773996822149,3335.7124000000013,Monitor,Loyal Budget Customers
8099-MZPUJ,0.0005628918416743852,5952.928100000004,Monitor,Loyal Premium Customers
7139-JZFVG,0.0005327332292136606,6214.0209999999925,Monitor,Loyal Premium Customers
3813-DHBBB,0.0005301191171651858,3518.9119000000046,Monitor,Loyal Premium Customers
6980-IMXXE,0.0005137510813866539,4347.899800000004,Monitor,Loyal Budget Customers
2718-YSKCS,0.0005093377080569624,2521.1906999999987,Monitor,Loyal Budget Customers
7980-MHFLQ,0.0005065294588778308,3040.5836000000036,Monitor,Loyal Budget Customers
2452-MRMZF,0.0004880288882719288,2481.2471999999993,Monitor,Loyal Budget Customers
8774-GSBUN,0.00048667960931529235,2132.944499999998,Monitor,Loyal Budget Customers
9795-SHUHB,0.00047514819110012037,5533.503399999998,Monitor,Loyal Premium Customers
7284-ZZLOH,0.00047433266303865604,4426.594,Monitor,Loyal Budget Customers
7008-LZVOZ,0.0004725125835257195,4086.4882999999986,Monitor,Loyal Budget Customers
2725-IWWBA,0.00047212673643936924,4472.130199999995,Monitor,Loyal Premium Customers
2162-FRZAA,0.0004697213209470075,2403.5404999999982,Monitor,Loyal Budget Customers
9802-CAQUT,0.00045896429197487675,10372.858399999985,Monitor,Loyal Premium Customers
1926-QUZNN,0.00045650297555760265,5236.1846000000005,Monitor,Loyal Budget Customers
4625-XMOYM,0.0004535628585568291,2197.518999999998,Monitor,Loyal Budget Customers
8046-DNVTL,0.00044884844561292157,2134.890699999999,Monitor,Loyal Budget Customers
8639-NHQEI,0.00044869423420208847,7718.71869999999,Monitor,Loyal Premium Customers
5181-OABFK,0.000440425022221012,4420.275699999995,Monitor,Loyal Premium Customers
6701-DHKWQ,0.00043515104931549705,3233.6616000000004,Monitor,Loyal Premium Customers
4891-NLUBA,0.0004309084619953781,3756.3085000000033,Monitor,Loyal Premium Customers
1657-DYMBM,0.0004307217269821895,2935.9462999999973,Monitor,Loyal Budget Customers
1506-YJTYT,0.00042526297504640503,4535.239799999995,Monitor,Loyal Premium Customers
8510-TMWYB,0.00042124214813007846,4448.109299999999,Monitor,Loyal Premium Customers
7717-BICXI,0.000414526948092053,2179.5496999999964,Monitor,Loyal Budget Customers
9541-ZPSEA,0.00041019414928496206,7112.1388,Monitor,Loyal Premium Customers
7872-BAAZR,0.0004046151587043861,2630.2186999999976,Monitor,Loyal Budget Customers
9081-WWXKP,0.0004029375189922367,2680.3961000000018,Monitor,Loyal Budget Customers
9430-NKQLY,0.000401375133109543,3581.609199999998,Monitor,Loyal Budget Customers
0971-QIFJK,0.00040041402311913874,4344.484799999997,Monitor,Loyal Budget Customers
5681-LLOEI,0.0003938113218754489,5365.014900000006,Monitor,Loyal Budget Customers
4884-LEVMQ,0.0003934024223937896,2197.0615999999995,Monitor,Loyal Budget Customers
3910-MRQOY,0.00038320996407805195,2283.8647000000005,Monitor,Loyal Budget Customers
4900-MSOMT,0.00038151237361987324,9074.112699999996,Monitor,Loyal Premium Customers
8690-ZVLCL,0.0003810726772544432,9099.955599999994,Monitor,Loyal Premium Customers
2725-TTRIQ,0.0003803747803975411,8630.49050000001,Monitor,Loyal Premium Customers
9764-REAFF,0.0003771997668010058,2687.2969000000016,Monitor,Loyal Budget Customers
4825-FUREZ,0.00037519823609371227,2822.972300000001,Monitor,Loyal Budget Customers
1468-DEFNC,0.00036994538551176145,3878.530599999997,Monitor,Loyal Budget Customers
8966-KZXXA,0.000369547486693958,2151.823400000003,Monitor,Loyal Budget Customers
3120-FAZKD,0.0003659713132172017,3424.2753999999964,Monitor,Loyal Budget Customers
5774-QPLTF,0.00036333322346622174,2267.301000000003,Monitor,Loyal Budget Customers
9668-PUGNU,0.0003584261919525109,4046.9677999999967,Monitor,Loyal Budget Customers
6950-TWMYB,0.0003536082699044483,6813.358699999992,Monitor,Loyal Premium Customers
3154-HMWUU,0.00034248190801877107,3102.338300000003,Monitor,Loyal Budget Customers
0301-FIDRB,0.0003405401786831755,4599.587799999995,Monitor,Loyal Premium Customers
8917-SZTTJ,0.0003260248261566293,2560.8470999999977,Monitor,Loyal Budget Customers
5788-YPOEG,0.0003251698178677678,3191.6704000000027,Monitor,Loyal Premium Customers
6848-HJTXY,0.00032285145567186285,2535.941300000003,Monitor,Loyal Budget Customers
4018-PPNDW,0.0003224311641822193,2362.4930000000036,Monitor,Loyal Budget Customers
4086-WITJG,0.0003207491083758995,2364.223500000002,Monitor,Loyal Budget Customers
1298-PHBTI,0.0003204971987908829,8467.305599999987,Monitor,Loyal Premium Customers
3173-WSSUE,0.000317256927986202,2995.314799999999,Monitor,Loyal Budget Customers
8755-OGKNA,0.0003169926448493634,3571.5148,Monitor,Loyal Budget Customers
5453-YBTWV,0.0003121892290475186,10515.933199999996,Monitor,Loyal Premium Customers
3913-RDSJZ,0.0003104396828862087,4505.141100000001,Monitor,Loyal Budget Customers
0263-FJTQO,0.0003030427187689891,5822.332900000005,Monitor,Loyal Premium Customers
8229-BUJHX,0.0003030213548896256,2242.053899999997,Monitor,Loyal Budget Customers
0042-RLHYP,0.00030292209931729116,4061.7924999999987,Monitor,Loyal Budget Customers
6898-RBTLU,0.0002986127083221627,4910.797599999995,Monitor,Loyal Budget Customers
4785-FCIFB,0.0002973480266894731,2660.2085000000043,Monitor,Loyal Budget Customers
0277-ORXQS,0.0002895767496046967,3393.6240999999955,Monitor,Loyal Budget Customers
4878-BUNFV,0.00028535686547909194,2271.2716000000005,Monitor,Loyal Budget Customers
8466-PZBLH,0.00028086265418393776,7854.707799999998,Monitor,Loyal Premium Customers
6248-BSHKG,0.0002786722302966657,3186.1133000000013,Monitor,Loyal Budget Customers
9650-VBUOG,0.0002777324280022398,2199.7126000000003,Monitor,Loyal Budget Customers
7416-CKTEP,0.00027494221313246597,2506.339499999998,Monitor,Loyal Budget Customers
1830-IPXVJ,0.00027492927574934966,2865.2055,Monitor,Loyal Budget Customers
9224-VTYID,0.0002717280371855007,4928.452100000001,Monitor,Loyal Premium Customers
6625-FLENO,0.00027077623412093143,2274.9033000000036,Monitor,Loyal Budget Customers
3508-VLHCZ,0.0002649821986038335,9243.291599999995,Monitor,Loyal Premium Customers
4636-TVXVG,0.00025843241697584145,4153.232600000003,Monitor,Loyal Budget Customers
1862-QRWPE,0.00024903881605440535,2824.706899999998,Monitor,Loyal Budget Customers
7729-XBTWX,0.00024869535670481955,3427.5903999999996,Monitor,Loyal Budget Customers
2885-HIJDH,0.0002463766970575585,7925.582899999996,Monitor,Loyal Premium Customers
3580-HYCSP,0.000242768244390695,10335.448099999994,Monitor,Loyal Premium Customers
7673-BQGKU,0.0002403073101230764,2151.622799999997,Monitor,Loyal Budget Customers
2235-EZAIK,0.00024019196261102448,6453.530700000004,Monitor,Loyal Budget Customers
0386-CWRGM,0.0002387288776400885,3131.5047000000004,Monitor,Loyal Budget Customers
6997-UVGOX,0.0002375013712894066,7650.311699999991,Monitor,Loyal Premium Customers
8857-CUPFQ,0.00023276858912942353,2423.1837999999993,Monitor,Loyal Budget Customers
4821-WQOYN,0.00023052972079570965,2951.015,Monitor,Loyal Budget Customers
4393-GEADV,0.0002295106155993151,10558.4792,Monitor,Loyal Premium Customers
1172-VIYBP,0.00022880160211719022,5271.122600000008,Monitor,Loyal Premium Customers
0562-HKHML,0.00021989566419470497,2953.2229000000016,Monitor,Loyal Budget Customers
2642-MAWLJ,0.0002186285060487763,2245.4067999999984,Monitor,Loyal Budget Customers
3279-DYZQM,0.000214826806307982,2173.0678999999996,Monitor,Loyal Budget Customers
8966-SNIZF,0.0002064231288316695,2940.1344999999997,Monitor,Loyal Budget Customers
3612-YVGSJ,0.0002062495287627999,4054.406899999996,Monitor,Loyal Budget Customers
3050-RLLXC,0.00020336146713270228,5988.0129000000015,Monitor,Loyal Premium Customers
9286-BHDQG,0.000201547230605079,3145.013899999995,Monitor,Loyal Premium Customers
2541-YGPKE,0.00020139462310350773,4633.970000000002,Monitor,Loyal Premium Customers
2007-QVGAW,0.0002009289861254609,4450.571800000002,Monitor,Loyal Budget Customers
0794-YVSGE,0.00020066389004222984,3368.44,Monitor,Loyal Budget Customers
9443-JUBUO,0.0001936403056555728,4657.121999999999,Monitor,Loyal Premium Customers
1209-VFFOC,0.00019061567937638565,4081.696400000002,Monitor,Loyal Premium Customers
9481-WHGWY,0.0001833339873227936,8149.58689999999,Monitor,Loyal Premium Customers
8722-PRFDV,0.00017871495298450022,8914.453800000007,Monitor,Loyal Premium Customers
8922-NPKBJ,0.00017574776890023964,2356.1216000000004,Monitor,Loyal Budget Customers
6762-QVYJO,0.00017258525473785025,3566.3704000000002,Monitor,Loyal Premium Customers
6770-UAYGJ,0.00016731695950058422,2824.5802000000003,Monitor,Loyal Budget Customers
7225-IILWY,0.00016610350538935812,3435.5406000000016,Monitor,Loyal Budget Customers
0363-SVHYR,0.00016479862731138637,6922.204899999993,Monitor,Loyal Premium Customers
3148-AOIQT,0.00016152738380491202,4713.808800000003,Monitor,Loyal Budget Customers
7113-HIPFI,0.00015926395549241396,6137.7058,Monitor,Loyal Premium Customers
9418-RUKPH,0.0001570849980418887,2630.1101000000035,Monitor,Loyal Budget Customers
7399-QHBJS,0.00015547250316256842,6160.1259,Monitor,Loyal Premium Customers
1299-AURJA,0.00015381952564634546,3782.4653,Monitor,Loyal Budget Customers
0404-AHASP,0.0001536141680153264,3398.633299999996,Monitor,Loyal Budget Customers
8727-JQFHV,0.0001498188508900246,2903.7189000000017,Monitor,Loyal Budget Customers
6621-NRZAK,0.00014429635095945939,4139.9505000000045,Monitor,Loyal Budget Customers
5854-KSRBJ,0.0001403438613900367,2430.869700000001,Monitor,Loyal Budget Customers
3511-BFTJW,0.00012342749844789435,2681.5157000000013,Monitor,Loyal Budget Customers
7860-UXCRM,0.00012331058380862176,7270.298700000006,Monitor,Loyal Premium Customers
7103-ZGVNT,0.0001223175432565452,5540.638200000002,Monitor,Loyal Budget Customers
9114-DPSIA,0.00012158195978410166,5979.7172000000055,Monitor,Loyal Premium Customers
2908-WGAXL,0.0001197698870598081,3092.555000000003,Monitor,Loyal Budget Customers
6685-XSHHU,0.0001173345049150464,3251.2583000000013,Monitor,Loyal Budget Customers
0562-FGDCR,0.00011145798112202188,6634.167999999997,Monitor,Loyal Premium Customers
3704-IEAXF,0.0001083774566125245,3799.5213000000017,Monitor,Loyal Premium Customers
1591-XWLGB,0.00010547183623883142,2657.9871999999978,Monitor,Loyal Budget Customers
1098-KFQEC,0.00010102507966423273,2548.19,Monitor,Loyal Budget Customers
6928-ONTRW,9.579385356483216e-05,4868.274899999999,Monitor,Loyal Budget Customers
0831-JNISG,9.119035418324867e-05,2995.117199999999,Monitor,Loyal Budget Customers
6859-QNXIQ,8.850436239630684e-05,10088.125300000007,Monitor,Loyal Premium Customers
4652-ODEVH,8.4704151641492e-05,3144.170400000003,Monitor,Loyal Budget Customers
9220-CXRSC,8.287045779584873e-05,6856.803999999998,Monitor,Loyal Premium Customers
6253-GNHWH,8.122813201349984e-05,8436.424999999994,Monitor,Loyal Premium Customers
6518-PPLMZ,7.992452667852083e-05,2406.6405,Monitor,Loyal Budget Customers
9537-JALFH,7.716090909591268e-05,3344.9669999999987,Monitor,Loyal Budget Customers
5793-YOLJN,6.275550193210722e-05,3236.7285999999986,Monitor,Loyal Budget Customers
2253-KPMNB,6.103437495530047e-05,3225.406999999998,Monitor,Loyal Premium Customers
9574-BOSMD,6.074676781793819e-05,2888.032000000002,Monitor,Loyal Budget Customers
8619-IJNDK,6.033713669958019e-05,5101.0781,Monitor,Loyal Budget Customers
2799-TSLAG,5.7798395329467775e-05,3939.8736,Monitor,Loyal Budget Customers
8946-BFWSG,4.9197242739186156e-05,3125.405399999997,Monitor,Loyal Budget Customers
0508-SQWPL,4.8218027145472805e-05,2668.037800000004,Monitor,Loyal Budget Customers
0480-KYJVA,4.623024421175843e-05,5014.264700000003,Monitor,Loyal Budget Customers
2346-LOCWC,3.893960723488787e-05,2712.252499999996,Monitor,Loyal Budget Customers
0464-WJTKO,3.645236895893613e-05,2382.8988999999997,Monitor,Loyal Budget Customers
2607-DHDAK,3.562462439903407e-05,4211.233300000002,Monitor,Loyal Budget Customers
8514-VZHEB,3.1302246973628146e-05,2289.784300000002,Monitor,Loyal Budget Customers
8129-GMVGI,2.3397853956764693e-05,3124.859300000002,Monitor,Loyal Budget Customers
1709-EJDOX,2.1504778902352053e-05,2951.668300000002,Monitor,Loyal Budget Customers
9565-AXSMR,1.8257872939698057e-05,3219.2999999999993,Monitor,Loyal Budget Customers
4081-DYXAV,0.3059304382858276,829.6681999999995,Low Priority,Established Standard Customers
3230-WYKIR,0.30580563409652095,1657.264100000001,Low Priority,Established Standard Customers
6937-GCDGQ,0.30577133849689186,1191.0037000000013,Low Priority,Established Standard Customers
9256-JTBNZ,0.3055277103386672,767.097099999999,Low Priority,New Budget Customers
9314-QDMDW,0.3046183189700474,1007.3961000000006,Low Priority,Established Standard Customers
4522-AKYLR,0.3028606611141394,853.923099999999,Low Priority,Established Standard Customers
1153-GNOLC,0.3019554839590617,1276.8165000000004,Low Priority,Loyal Budget Customers
8344-WFMFH,0.3017828331869256,735.3171999999993,Low Priority,Established Standard Customers
9402-ORRAH,0.3013923262040779,1956.5619000000008,Low Priority,Established Standard Customers
7622-NXQZR,0.30020679033653375,823.4424000000004,Low Priority,New Budget Customers
4881-JVQOD,0.29840914467646634,362.3646999999995,Low Priority,New Budget Customers
8350-NYMVI,0.29831820647345375,1601.095199999999,Low Priority,Loyal Budget Customers
8204-TIFGJ,0.29822552648708556,834.6361000000006,Low Priority,New Budget Customers
3847-BAERP,0.29666480069492757,324.00210000000004,Low Priority,New Budget Customers
1385-TQOZW,0.29651320287214833,582.5625999999996,Low Priority,New Budget Customers
0378-NHQXU,0.29650493137296435,1769.6679999999976,Low Priority,Established Standard Customers
6994-ORCWG,0.29591468676768695,1047.5692999999994,Low Priority,Established Standard Customers
1038-ZAGBI,0.29557747556533526,687.9498000000004,Low Priority,New Budget Customers
5315-CKEQK,0.2926913710052522,1588.0822999999973,Low Priority,New Budget Customers
8785-EPNCG,0.2924226170018145,580.1637999999995,Low Priority,New Budget Customers
4608-LCIMN,0.2914058442157623,627.7242999999997,Low Priority,New Budget Customers
7140-ADSMJ,0.291211133494535,443.4928000000005,Low Priority,New Budget Customers
7706-DZNKK,0.29056784037660877,730.3778999999995,Low Priority,New Budget Customers
3472-OAOOR,0.29036942843742153,605.8589999999994,Low Priority,New Budget Customers
9467-ROOLM,0.29015758187343504,1227.223500000001,Low Priority,New Budget Customers
8409-WQJUX,0.28951643909087027,1374.127799999999,Low Priority,Established Standard Customers
2770-NSVDG,0.28951242414750644,706.8745999999999,Low Priority,New Budget Customers
4568-TTZRT,0.28846192074150667,294.11119999999977,Low Priority,New Budget Customers
2667-WYLWJ,0.2878080349595704,513.6182000000005,Low Priority,New Budget Customers
0142-GVYSN,0.2868158236139476,863.2635999999987,Low Priority,New Budget Customers
3675-YDUPJ,0.28665317064841683,280.7947000000001,Low Priority,New Budget Customers
4750-UKWJK,0.2866411584914437,1675.9030000000005,Low Priority,Loyal Budget Customers
8904-OPDCK,0.28651630247853976,1408.0511999999999,Low Priority,Loyal Budget Customers
4860-YZGZM,0.2863727799070678,600.3208999999996,Low Priority,New Budget Customers
8035-BUYVG,0.28592713182534013,1721.3869999999997,Low Priority,Loyal Budget Customers
5168-MSWXT,0.28558927299890713,927.1123999999993,Low Priority,Established Standard Customers
9069-LGEUL,0.2851531347714579,1589.184899999999,Low Priority,Established Standard Customers
6671-NGWON,0.2839338928488588,436.4736999999994,Low Priority,New Budget Customers
6599-GZWCM,0.28381794775599467,1518.4159999999988,Low Priority,Established Standard Customers
4083-EUGRJ,0.28285989529224115,256.7721999999997,Low Priority,New Budget Customers
1140-UKVZG,0.28253470773090583,591.3730000000005,Low Priority,New Budget Customers
5639-NTUPK,0.2804006415942984,1028.6818000000003,Low Priority,Established Standard Customers
3039-MJSLN,0.28028790231142053,108.0581,Low Priority,New Budget Customers
2495-TTHBQ,0.2796943871358104,211.67989999999986,Low Priority,New Budget Customers
0310-VQXAM,0.2771515164699239,560.9468999999996,Low Priority,New Budget Customers
4430-YHXGG,0.2768821150643454,243.2973000000002,Low Priority,New Budget Customers
0297-RBCSG,0.27654744307691326,2037.9321999999966,Low Priority,Established Standard Customers
6979-TNDEU,0.2761311935561856,278.34059999999977,Low Priority,New Budget Customers
6860-YRJZP,0.27528213805461726,1023.8984000000004,Low Priority,Established Standard Customers
7629-WIXZF,0.2736155447444706,438.7472000000001,Low Priority,Established Standard Customers
4797-MIWUM,0.2735497130023889,503.6525000000001,Low Priority,New Budget Customers
1991-VOPLL,0.27340858836454657,464.9960999999992,Low Priority,New Budget Customers
8439-LTUGF,0.2729742085213359,405.87279999999987,Low Priority,New Budget Customers
1226-JZNKR,0.2728606513856471,387.83479999999975,Low Priority,New Budget Customers
6497-TILVL,0.27230897454346376,514.3150000000009,Low Priority,Established Standard Customers
4926-UMJZD,0.27223571209478165,1694.7666000000004,Low Priority,New Budget Customers
2801-NISEI,0.2715097443735769,2073.969899999997,Low Priority,Established Standard Customers
2882-DDZPG,0.27143181160712126,670.8984999999992,Low Priority,New Budget Customers
2688-BHGOG,0.2714199255894642,948.095799999999,Low Priority,Established Standard Customers
1200-TUZHR,0.2710822707160981,1042.474899999999,Low Priority,Established Standard Customers
1208-NBVFH,0.27006163818350565,1339.493199999999,Low Priority,Established Standard Customers
6818-DJXAA,0.269820379462277,1368.231399999998,Low Priority,Established Standard Customers
2978-XXSOG,0.26970290686528653,2051.100700000001,Low Priority,Established Standard Customers
6620-HVDUJ,0.2694444770450005,2057.820100000001,Low Priority,Established Standard Customers
5396-IZEPB,0.269434607112753,408.2818999999994,Low Priority,New Budget Customers
2812-SFXMJ,0.2693595078298664,27.58460000000002,Low Priority,New Budget Customers
1376-HHBDV,0.2676116210375083,1831.8668000000011,Low Priority,Established Standard Customers
5288-AHOUP,0.26735559918234625,1295.3182999999992,Low Priority,Established Standard Customers
3308-MHOOC,0.26730946499688646,38.31579999999996,Low Priority,New Budget Customers
9033-EOXWV,0.2669671024036531,1387.0272999999997,Low Priority,Established Standard Customers
4881-GQJTW,0.2660474808652883,421.16029999999955,Low Priority,New Budget Customers
8138-EALND,0.2651728281413235,381.14219999999995,Low Priority,New Budget Customers
4697-LUPSU,0.26454705130376177,126.01650000000006,Low Priority,New Budget Customers
3351-NGXYI,0.26248667863007785,1056.3332000000007,Low Priority,Established Standard Customers
3345-PBBFH,0.2616139838054716,437.75309999999996,Low Priority,Established Standard Customers
5599-HVLTW,0.261599149300258,1166.450099999999,Low Priority,Established Standard Customers
7542-CYDDM,0.2608786164423098,765.2816000000004,Low Priority,New Budget Customers
4063-EIKNQ,0.2602976070150147,405.08869999999973,Low Priority,New Budget Customers
9373-WSLOY,0.2601428581227562,1717.9567000000025,Low Priority,Established Standard Customers
3181-MIZBN,0.25960764037445166,840.3975000000003,Low Priority,New Budget Customers
9800-ONTFE,0.258139761154029,1778.600199999998,Low Priority,Established Standard Customers
7669-LCRSD,0.2576604586824897,877.1475999999998,Low Priority,Established Standard Customers
9097-ZUBYC,0.2575042578193329,989.3814000000016,Low Priority,Established Standard Customers
5756-JYOJT,0.2555993350292644,769.5663,Low Priority,Established Standard Customers
7554-AKDQF,0.25531595955028225,359.75739999999996,Low Priority,New Budget Customers
5577-OTWWW,0.25495953575340835,900.973299999999,Low Priority,New Budget Customers
5651-WYIPH,0.2537012937052801,1615.7790999999984,Low Priority,Established Standard Customers
2958-NHPPS,0.25358041007034804,1284.5289999999989,Low Priority,New Budget Customers
1222-KJNZD,0.25339181190661375,907.5439999999994,Low Priority,Loyal Budget Customers
0168-XZKBB,0.25334622150964203,1686.091599999998,Low Priority,Established Standard Customers
9089-UOWJG,0.25328999562090304,821.0303000000006,Low Priority,Established Standard Customers
2621-UDNLU,0.251783354751315,102.94970000000006,Low Priority,New Budget Customers
8205-OTCHB,0.25012189664207946,1100.2543999999998,Low Priority,Established Standard Customers
6849-WLEYG,0.24923245575359343,31.586100000000002,Low Priority,New Budget Customers
1563-IWQEX,0.24894979395238212,455.3353000000002,Low Priority,New Budget Customers
1410-RSCMR,0.24839518473182853,848.5602000000006,Low Priority,Established Standard Customers
4480-QQRHC,0.24749294688762494,628.779899999999,Low Priority,Established Standard Customers
7018-WBJNK,0.24698197071519798,1552.4934999999987,Low Priority,Established Standard Customers
7077-XJMET,0.2468027514603099,1359.9059999999997,Low Priority,Established Standard Customers
6112-KTHFQ,0.24663497048880012,542.5076000000006,Low Priority,New Budget Customers
3318-ISQFQ,0.2443347643814898,650.4016000000007,Low Priority,New Budget Customers
2332-EFBJY,0.24365224751078005,430.338,Low Priority,New Budget Customers
0098-BOWSO,0.24363712662700937,1081.7363999999995,Low Priority,New Budget Customers
2223-KAGMX,0.24275358046586476,809.3125999999996,Low Priority,New Budget Customers
9092-GDZKO,0.24212759550801385,1011.4977999999994,Low Priority,New Budget Customers
7956-XQWGU,0.24185111395339576,580.9108999999991,Low Priority,New Budget Customers
6705-LNMDD,0.24147097761109038,1996.7299000000014,Low Priority,Established Standard Customers
0661-KQHNK,0.24106763941501855,293.84850000000023,Low Priority,New Budget Customers
9929-PLVPA,0.2408761969555621,215.43119999999982,Low Priority,New Budget Customers
3750-RNQKR,0.24080170980648694,461.2848000000002,Low Priority,New Budget Customers
7764-BDPEE,0.2405797187118803,120.28809999999996,Low Priority,New Budget Customers
5215-LNLDJ,0.23941140285007623,288.28729999999985,Low Priority,New Budget Customers
1237-WIYYZ,0.23846716585290392,590.1679999999998,Low Priority,New Budget Customers
8637-XJIVR,0.2382613443170531,1283.9880999999982,Low Priority,Established Standard Customers
3285-UCQVC,0.23810197513393802,998.709800000001,Low Priority,Loyal Budget Customers
0080-EMYVY,0.2373362520153791,1052.9623000000013,Low Priority,Established Standard Customers
6296-DDOOR,0.2369408808145986,1501.8338999999985,Low Priority,Established Standard Customers
3733-LSYCE,0.23622982887636393,1615.7690999999998,Low Priority,Established Standard Customers
5863-OOKCL,0.23535180448143872,591.6533999999994,Low Priority,New Budget Customers
3874-EQOEP,0.23534135739533404,777.2732999999993,Low Priority,Established Standard Customers
4472-LVYGI,0.2348018459942416,529.8340999999999,Low Priority,Established Standard Customers
2085-JVGAD,0.23465947366900916,792.1379,Low Priority,Loyal Budget Customers
6402-SSEJG,0.2337718940078176,1585.0251000000007,Low Priority,Established Standard Customers
1840-BIUOG,0.23364411985573327,2089.595399999999,Low Priority,Established Standard Customers
7083-YNSKY,0.23285255011721753,1056.088299999999,Low Priority,New Budget Customers
1222-LRYKO,0.23222698379261603,371.95619999999985,Low Priority,New Budget Customers
8573-CGOCC,0.23168600832526404,701.2236,Low Priority,New Budget Customers
1016-DJTSV,0.23085238832115723,905.7408999999996,Low Priority,Established Standard Customers
9208-OLGAQ,0.2305723536026391,1946.1492999999994,Low Priority,Established Standard Customers
4223-BKEOR,0.22812576453316535,2047.8049999999992,Low Priority,Established Standard Customers
6040-CGACY,0.22798803510830454,902.5096999999992,Low Priority,New Budget Customers
0557-ASKVU,0.2269267769027392,1719.1716999999987,Low Priority,Established Standard Customers
4123-FCVCB,0.22671498823526906,1446.2699999999998,Low Priority,Established Standard Customers
7351-KYHQH,0.22656178961946885,533.8203999999998,Low Priority,Established Standard Customers
1049-FYSYG,0.22597913520743326,615.7498999999998,Low Priority,New Budget Customers
9350-ZXYJC,0.22589311747059782,146.36860000000016,Low Priority,New Budget Customers
3466-WAESX,0.22526804240781811,1374.4046999999982,Low Priority,Established Standard Customers
7998-ZLXWN,0.22525717975137055,515.7951999999993,Low Priority,New Budget Customers
0927-CNGRH,0.22125805014712716,50.3112,Low Priority,New Budget Customers
8903-WMRNW,0.2204537658079046,1960.1252000000013,Low Priority,Established Standard Customers
8582-KRHPJ,0.21973885618624375,1659.1776999999995,Low Priority,Loyal Budget Customers
2023-VQFDL,0.21948228014945614,941.5478999999982,Low Priority,New Budget Customers
1539-LNKHM,0.21855436824988,543.6537000000001,Low Priority,New Budget Customers
0723-VSOBE,0.2183997196590258,1522.0415000000016,Low Priority,Loyal Budget Customers
6476-YHMGA,0.21800247302154957,1753.184699999998,Low Priority,Established Standard Customers
5366-OBVMR,0.21762924053156263,1565.511199999999,Low Priority,Established Standard Customers
8780-RSYYU,0.2166482271201554,679.3400999999997,Low Priority,New Budget Customers
5937-EORGB,0.21625807761128113,1796.8411000000012,Low Priority,Established Standard Customers
5774-XZTQC,0.21589259197739008,188.2266,Low Priority,New Budget Customers
2259-OUUSZ,0.21519221082863582,256.93409999999966,Low Priority,New Budget Customers
5180-UCIIQ,0.21494480011427308,897.4736999999992,Low Priority,New Budget Customers
0909-SDHNU,0.21413118399522887,214.8299000000001,Low Priority,New Budget Customers
4488-PSYCG,0.21384353545832605,669.0263999999993,Low Priority,New Budget Customers
9191-MYQKX,0.2125780032402212,575.7659000000006,Low Priority,Established Standard Customers
2446-ZKVAF,0.21255034548538113,1084.2785000000015,Low Priority,Established Standard Customers
8631-XVRZL,0.21241530271091438,600.2787000000004,Low Priority,New Budget Customers
6131-JLWZM,0.21132059595933847,548.5264999999997,Low Priority,New Budget Customers
9046-DQMTP,0.2107783449725954,1363.6944000000017,Low Priority,Loyal Budget Customers
0373-AIVNJ,0.21008506453491288,383.20799999999997,Low Priority,Established Standard Customers
9967-ATRFS,0.20993137467994122,964.7600999999999,Low Priority,New Budget Customers
9142-XMYJH,0.208977756872034,708.7252999999997,Low Priority,New Budget Customers
7909-FIOIY,0.2082587854025993,467.5690000000001,Low Priority,New Budget Customers
2371-JUNGC,0.20819459354893377,530.5064999999998,Low Priority,New Budget Customers
4544-RXFMG,0.2080466903865099,413.82719999999995,Low Priority,New Budget Customers
0787-LHDYT,0.20666905980410621,881.367799999999,Low Priority,New Budget Customers
7196-LIWRH,0.2061905755403491,163.06699999999984,Low Priority,New Budget Customers
0365-GXEZS,0.20613777966013394,1971.0240000000006,Low Priority,Established Standard Customers
3703-KBKZP,0.20583420218637605,1577.4743000000005,Low Priority,Established Standard Customers
8250-ZNGGW,0.20517732398501431,521.4494000000007,Low Priority,Established Standard Customers
3733-ZEECP,0.2049769504112108,1870.5328000000027,Low Priority,Established Standard Customers
0319-QZTCO,0.2049376042359237,226.72939999999983,Low Priority,Established Standard Customers
1850-AKQEP,0.20454066605125915,282.2977999999999,Low Priority,New Budget Customers
4976-LNFVV,0.20373614553751448,592.7785000000005,Low Priority,New Budget Customers
7184-LRUUR,0.20300802160890355,1700.1722999999997,Low Priority,Established Standard Customers
5453-AXEPF,0.20244505415860004,2021.6548,Low Priority,Established Standard Customers
0939-EREMR,0.20241636897908621,1024.8674,Low Priority,Established Standard Customers
7268-IGMFD,0.2018920553310589,1782.6023000000007,Low Priority,Established Standard Customers
7061-OVMIM,0.2014577830064587,1252.3421999999985,Low Priority,New Budget Customers
1918-ZBFQJ,0.2004395581804187,1481.8648000000003,Low Priority,Established Standard Customers
6419-ZTTLE,0.20037707382797215,1514.110999999998,Low Priority,New Budget Customers
8457-XIGKN,0.20010077272567772,975.3511000000015,Low Priority,New Budget Customers
8224-DWCKX,0.1995790331570511,1372.0407000000012,Low Priority,Established Standard Customers
8082-GHXOP,0.19894865792554903,1031.9057999999995,Low Priority,New Budget Customers
9932-WBWIK,0.1989321293940686,746.3844999999997,Low Priority,New Budget Customers
2212-LYASK,0.19806231131138488,1265.3520999999982,Low Priority,Established Standard Customers
7905-NJMXS,0.1979356551210895,498.76230000000083,Low Priority,Established Standard Customers
7901-IIDQV,0.1974607097675965,1438.5673999999988,Low Priority,Established Standard Customers
0895-UADGO,0.19730674833676598,384.1190999999999,Low Priority,Established Standard Customers
5924-IFQTT,0.19683939397373512,1082.7299000000005,Low Priority,Established Standard Customers
9367-TCUYN,0.19624974640184584,329.63299999999964,Low Priority,New Budget Customers
6082-OQFBA,0.19520784015755482,1023.1021000000001,Low Priority,New Budget Customers
1202-KKGFU,0.19434231633302018,969.826200000001,Low Priority,Established Standard Customers
5025-GOOKI,0.19367241675396246,1080.4058000000011,Low Priority,New Budget Customers
6674-KVJHG,0.19359202319566712,276.11270000000025,Low Priority,New Budget Customers
1397-XKKWR,0.19298071086059526,259.51139999999964,Low Priority,New Budget Customers
8246-SHFGA,0.19113214300931303,949.6013999999997,Low Priority,New Budget Customers
6728-CZFEI,0.19028150855181886,1029.1829000000012,Low Priority,Established Standard Customers
4189-NAKJS,0.1902458183633551,2016.8791000000042,Low Priority,New Budget Customers
4538-WNTMJ,0.1901476575695929,1385.3682000000001,Low Priority,Loyal Budget Customers
5640-CAXOA,0.19001842464805224,1181.4009000000015,Low Priority,Established Standard Customers
1069-QJOEE,0.19000949057333963,953.594399999999,Low Priority,New Budget Customers
3948-FVVRP,0.18927236086586618,853.5800000000007,Low Priority,Established Standard Customers
4079-ULGFR,0.18911593509000407,412.0984,Low Priority,New Budget Customers
5688-KZTSN,0.18900891329508024,746.7067000000002,Low Priority,New Budget Customers
9867-NNXLC,0.1868556153727686,1200.6456000000007,Low Priority,New Budget Customers
0650-BWOZN,0.18587515490861084,1496.8821000000007,Low Priority,Established Standard Customers
2428-ZMCTB,0.1852938751236552,398.6188999999997,Low Priority,New Budget Customers
7382-DFJTU,0.18451048075253845,1847.1095999999993,Low Priority,New Budget Customers
7777-UNYHB,0.1844005877055057,531.4501999999997,Low Priority,New Budget Customers
1877-HKBQX,0.18383797721575923,651.5587000000003,Low Priority,Established Standard Customers
4770-QAZXN,0.18347277930421382,849.0338,Low Priority,New Budget Customers
5170-PTRKA,0.18340707815980697,1745.279700000001,Low Priority,Loyal Budget Customers
0013-MHZWF,0.18296310497668705,759.6730999999995,Low Priority,Established Standard Customers
5512-IDZEI,0.1822820933089519,2004.8176000000003,Low Priority,Loyal Budget Customers
7531-GQHME,0.1822376353293442,720.251899999999,Low Priority,New Budget Customers
9391-TTOYH,0.18133991631546795,796.5778,Low Priority,New Budget Customers
9758-MFWGD,0.18133395334303468,1436.6529999999998,Low Priority,Loyal Budget Customers
7047-YXDMZ,0.17984410931603806,1132.6625999999994,Low Priority,New Budget Customers
1057-FOGLZ,0.1797296359587617,714.3337000000008,Low Priority,New Budget Customers
9374-YOLBJ,0.1792966113090799,44.755,Low Priority,New Budget Customers
1964-SVLEA,0.1783951557277174,1011.6844000000004,Low Priority,New Budget Customers
8563-IIOXK,0.17794863329893912,602.2958999999995,Low Priority,Established Standard Customers
0076-LVEPS,0.1778859026595807,1234.679800000001,Low Priority,Established Standard Customers
6082-GLJIX,0.17755244016822877,887.0374999999992,Low Priority,New Budget Customers
2710-WYVXG,0.17754545823132403,336.13229999999976,Low Priority,Established Standard Customers
3623-FQBOX,0.17741927248768194,1351.5834999999997,Low Priority,New Budget Customers
5044-LRQAQ,0.177075787985702,773.0839999999988,Low Priority,Established Standard Customers
3682-YEUWS,0.17641117896360273,274.7990000000003,Low Priority,New Budget Customers
8450-UYIBU,0.17535776209369736,1424.9195000000018,Low Priority,Loyal Budget Customers
6551-GNYDG,0.17521783115635353,1673.422900000001,Low Priority,Established Standard Customers
5468-BPMMO,0.17307745183189177,1600.8290999999997,Low Priority,Loyal Budget Customers
3043-SUDUA,0.17130030757858783,1207.3618999999992,Low Priority,New Budget Customers
1855-CFULU,0.1710823510247806,251.17679999999996,Low Priority,New Budget Customers
8976-OQHGT,0.17055586532481135,402.7112,Low Priority,Established Standard Customers
1750-CSKKM,0.17002141820110403,833.8252999999993,Low Priority,Established Standard Customers
5808-TOTXO,0.1689719786674916,93.14469999999997,Low Priority,New Budget Customers
2680-XKKNJ,0.16896955219207535,639.012200000001,Low Priority,Established Standard Customers
5160-UXJED,0.16842991907432536,1170.1448000000005,Low Priority,New Budget Customers
0946-FKYTX,0.1683045327806465,1559.6780999999976,Low Priority,Loyal Budget Customers
5546-BYZSM,0.1676316084445189,1427.7800999999993,Low Priority,Loyal Budget Customers
2070-XYMFH,0.16738067348932825,2001.2911000000013,Low Priority,Established Standard Customers
6174-NRBTZ,0.16725618828707214,1484.3637000000003,Low Priority,Loyal Budget Customers
5039-LZRQT,0.16718737494627683,611.641300000001,Low Priority,New Budget Customers
4378-BZYFP,0.16700912173812332,1079.2270000000003,Low Priority,New Budget Customers
7812-FZHPE,0.16660676183721743,692.1688000000001,Low Priority,New Budget Customers
5186-PEIZU,0.1651715297089567,1982.6533999999997,Low Priority,Loyal Budget Customers
9552-TGUZV,0.16385087054606015,785.0912000000004,Low Priority,Established Standard Customers
0480-BIXDE,0.16351034840729683,1958.829999999999,Low Priority,Established Standard Customers
3061-BCKYI,0.16306052098526902,888.5140999999998,Low Priority,New Budget Customers
5505-OVWQW,0.1630335239185262,415.0991000000003,Low Priority,New Budget Customers
3799-ISUZQ,0.1625137800369563,743.3977999999994,Low Priority,Established Standard Customers
9796-BPKIW,0.16246965923429113,906.2276000000008,Low Priority,Established Standard Customers
3137-NYQQI,0.16189865790278493,1938.0413999999985,Low Priority,Established Standard Customers
6202-JVYEU,0.16084143867691755,216.79199999999994,Low Priority,New Budget Customers
8109-YUOHE,0.15915866674750825,1624.6695000000002,Low Priority,Established Standard Customers
9862-KJTYK,0.15834135983739206,543.8389999999993,Low Priority,New Budget Customers
4521-YEEHE,0.1580610682509477,1824.309999999999,Low Priority,Established Standard Customers
7407-SUJIZ,0.1580486726926458,855.6164999999995,Low Priority,New Budget Customers
1530-ZTDOZ,0.15781111347267776,2012.0620000000001,Low Priority,Loyal Budget Customers
6481-LXPWL,0.15764232373887352,2087.1056000000003,Low Priority,Loyal Budget Customers
5716-LIBJC,0.15738059059424517,1412.1081000000004,Low Priority,Established Standard Customers
2926-JEJJC,0.15731519603248575,201.6542999999999,Low Priority,New Budget Customers
3824-RHKVR,0.15672808496195717,721.5758999999995,Low Priority,New Budget Customers
1430-SFQSA,0.15504818823714078,1062.100900000001,Low Priority,New Budget Customers
9894-QMIMJ,0.15384852924440662,1579.1732000000002,Low Priority,Established Standard Customers
6859-RKMZJ,0.1537981709406362,1084.6790000000015,Low Priority,New Budget Customers
6743-HHQPF,0.15373844210010132,1172.1826999999987,Low Priority,Loyal Budget Customers
7266-GSSJX,0.1536023382054929,418.6556000000001,Low Priority,New Budget Customers
0308-IVGOK,0.15350842398167105,448.55669999999935,Low Priority,Established Standard Customers
4933-IKULF,0.15289692950335493,766.2618000000003,Low Priority,New Budget Customers
8559-WNQZS,0.15248202823121876,64.52300000000008,Low Priority,New Budget Customers
2812-ENYMO,0.1521743515412841,1362.1694000000011,Low Priority,Established Standard Customers
2911-WDXMV,0.15132644830802844,2054.2256999999986,Low Priority,Established Standard Customers
0536-BGFMZ,0.15053389366525805,1712.6686000000002,Low Priority,New Budget Customers
4318-RAJVY,0.1504555032846586,280.5267000000001,Low Priority,New Budget Customers
4139-SUGLD,0.15032640949398546,1108.4784,Low Priority,New Budget Customers
4526-RMTLL,0.15016019042378495,933.0755999999988,Low Priority,Established Standard Customers
8387-UGUSU,0.14995308875879773,891.125099999999,Low Priority,New Budget Customers
5442-BXVND,0.14903529264345702,1119.306799999999,Low Priority,Loyal Budget Customers
4980-URKXC,0.1490135030634826,1148.4505999999994,Low Priority,Loyal Budget Customers
6551-ZCOTS,0.14856485310562823,858.9661,Low Priority,Loyal Budget Customers
0621-JFHOL,0.14812372665400753,313.2830999999997,Low Priority,New Budget Customers
9621-OUPYD,0.14759943803553796,751.2851999999999,Low Priority,New Budget Customers
5337-IIWKZ,0.14672345155375405,1462.7110000000027,Low Priority,Established Standard Customers
7396-VJUZB,0.14637292782971395,320.8857999999996,Low Priority,New Budget Customers
3255-GRXMG,0.14612546210556876,1444.4513000000004,Low Priority,New Budget Customers
7813-TKCVO,0.1460842312625364,1009.2409000000006,Low Priority,New Budget Customers
5917-HBSDW,0.14576937274545315,800.1108000000015,Low Priority,Loyal Budget Customers
1866-ZSLJM,0.1452145853928098,1106.8825999999985,Low Priority,New Budget Customers
3724-BSCVH,0.14521094156219475,613.4047000000004,Low Priority,New Budget Customers
4190-MFLUW,0.14503327951512954,638.0853999999991,Low Priority,Established Standard Customers
5384-ZTTWP,0.14460625268069227,525.0039999999993,Low Priority,New Budget Customers
2233-FAGXV,0.14445975720359208,151.88500000000002,Low Priority,New Budget Customers
5046-NUHWD,0.14442266376412932,1278.9484999999988,Low Priority,Established Standard Customers
8075-GXIUB,0.14406883655904995,398.6477999999997,Low Priority,New Budget Customers
4559-UWIHT,0.14332434848201148,1759.1437000000008,Low Priority,Established Standard Customers
4310-KEDTB,0.14315911563944225,763.6068000000002,Low Priority,New Budget Customers
3549-ZTMNH,0.1431191486689653,572.8376000000002,Low Priority,New Budget Customers
8930-XOTDP,0.1428608623629718,1380.7469999999992,Low Priority,Established Standard Customers
1353-LJWEM,0.14116855303117928,989.6148999999995,Low Priority,New Budget Customers
1216-JWVUX,0.1399529220148509,2021.7178999999978,Low Priority,Established Standard Customers
9766-HGEDE,0.13971529080642367,360.1573000000004,Low Priority,New Budget Customers
4680-KUTAJ,0.13970416175083214,618.4644000000003,Low Priority,Established Standard Customers
5533-NHFRF,0.13952308202332164,308.0457999999998,Low Priority,Established Standard Customers
0997-YTLNY,0.1391131943979723,1074.6570000000004,Low Priority,Established Standard Customers
2361-FJWNO,0.13911056399778285,1487.267799999998,Low Priority,Loyal Budget Customers
9313-QOLTZ,0.13876612717234155,1362.8419999999992,Low Priority,New Budget Customers
3855-ONCAR,0.13863990276856755,446.48059999999964,Low Priority,Established Standard Customers
2450-ZKEED,0.1385472558089016,717.2697999999989,Low Priority,Established Standard Customers
6509-TSGWN,0.138377839302877,2050.892499999999,Low Priority,Loyal Budget Customers
4710-NKCAW,0.13799433341786296,405.152,Low Priority,Established Standard Customers
3417-TSCIC,0.13792047541475175,770.485700000001,Low Priority,New Budget Customers
7916-VCCPB,0.13767431188162665,1840.1188000000018,Low Priority,Established Standard Customers
7919-ZODZZ,0.13712847611002565,1069.2513000000013,Low Priority,Established Standard Customers
4104-PVRPS,0.1363017439856278,1471.7719000000006,Low Priority,Established Standard Customers
7771-ZONAT,0.13609411546789885,1281.8309000000017,Low Priority,Established Standard Customers
6207-WIOLX,0.13550689989388082,1480.8491000000001,Low Priority,Established Standard Customers
0423-UDIJQ,0.1353197475965141,535.9245999999994,Low Priority,Established Standard Customers
5202-IVJNU,0.1350483360881642,1174.7827000000011,Low Priority,Loyal Budget Customers
2144-ESWKO,0.13492340726906688,1527.6130000000003,Low Priority,Loyal Budget Customers
5816-SCGFC,0.13429596899917529,482.0068999999993,Low Priority,Established Standard Customers
2243-FNMMI,0.13427405431722292,1034.8330000000005,Low Priority,New Budget Customers
7020-OZKXZ,0.13425175058762998,923.0318000000001,Low Priority,Established Standard Customers
8220-OCUFY,0.1330524477818348,1461.681400000001,Low Priority,Established Standard Customers
9522-BNTHX,0.1329841994559897,1903.8913000000002,Low Priority,Established Standard Customers
6366-XIVKZ,0.1329065305466584,1344.0673999999985,Low Priority,Established Standard Customers
6202-DYYFX,0.1328273725195255,2099.7612000000017,Low Priority,New Budget Customers
5081-NWSUP,0.13277402780262373,1034.192700000001,Low Priority,Established Standard Customers
3205-MXZRA,0.13272534976021222,1620.3061999999998,Low Priority,Established Standard Customers
3354-OADJP,0.1316703933080685,784.8994999999999,Low Priority,Established Standard Customers
0203-HHYIJ,0.13163300378817888,800.5567000000001,Low Priority,New Budget Customers
8735-IJJEG,0.13129193627689206,783.7708000000011,Low Priority,Established Standard Customers
6188-UXBBR,0.13096014467998426,1203.214300000001,Low Priority,Loyal Budget Customers
5815-HGGHV,0.1306752991153389,2104.5372999999972,Low Priority,Established Standard Customers
9150-KPBJQ,0.13051199763570312,284.7775999999998,Low Priority,New Budget Customers
7993-NQLJE,0.12962826823021326,1664.7840000000006,Low Priority,Established Standard Customers
8746-BFOAJ,0.1293304729399839,944.8837000000001,Low Priority,New Budget Customers
5084-OOVCJ,0.12902005951215337,1264.389800000002,Low Priority,Established Standard Customers
7228-PAQPD,0.12861206247161858,1297.1615000000013,Low Priority,Established Standard Customers
2233-TXSIU,0.12853122628235858,774.8902999999997,Low Priority,Established Standard Customers
7026-YMSBE,0.1278253548132876,1340.1570999999985,Low Priority,New Budget Customers
2039-JONDJ,0.12653797052974705,2019.3114000000016,Low Priority,Established Standard Customers
0323-XWWTN,0.12594907635745367,159.96030000000002,Low Priority,New Budget Customers
6557-BZXLQ,0.12574852933134095,1482.0034,Low Priority,Established Standard Customers
3470-BTGQO,0.12539925345709527,1486.7754,Low Priority,New Budget Customers
8623-ULFNQ,0.12527127116852896,1963.7894000000006,Low Priority,Established Standard Customers
1848-LBZHY,0.12453869916114625,582.1006999999995,Low Priority,Established Standard Customers
6319-QSUSR,0.12216679213501865,709.7380999999992,Low Priority,New Budget Customers
0128-MKWSG,0.12208937693380255,1198.0563,Low Priority,Established Standard Customers
2788-CJQAQ,0.12187458394966638,552.9574000000001,Low Priority,New Budget Customers
3486-KHMLI,0.1216393137600259,1136.2601000000004,Low Priority,New Budget Customers
7326-RIGQZ,0.12151943565387203,638.7098999999992,Low Priority,Established Standard Customers
1371-DWPAZ,0.12089901305892972,556.7294999999998,Low Priority,Established Standard Customers
5914-GXMDA,0.12089044023756353,2057.4812999999976,Low Priority,New Budget Customers
3724-UCSHY,0.12053198483259335,346.49619999999965,Low Priority,New Budget Customers
9170-ARBTB,0.12047964191819721,1370.7938000000004,Low Priority,Loyal Budget Customers
5961-VUSRV,0.12021535745378661,428.0253000000001,Low Priority,New Budget Customers
3778-FOAQW,0.11983851539889909,1264.5925000000013,Low Priority,New Budget Customers
8189-DUKMV,0.11879440354575352,252.85360000000014,Low Priority,New Budget Customers
5882-CMAZQ,0.11816720916958072,168.66809999999984,Low Priority,New Budget Customers
1245-HARPS,0.11778818488777425,504.29420000000033,Low Priority,New Budget Customers
9860-LISIZ,0.11768244916131523,1941.9285000000007,Low Priority,Loyal Budget Customers
8792-AOROI,0.11664660954231887,754.3253000000001,Low Priority,Established Standard Customers
4403-BWPAY,0.1156252942139732,807.1123,Low Priority,New Budget Customers
8050-WYBND,0.1154381646099342,1062.9559999999992,Low Priority,Established Standard Customers
0305-SQECB,0.11507070852193894,489.3959999999993,Low Priority,New Budget Customers
9839-ETQOE,0.11505861301258236,1861.116500000002,Low Priority,Loyal Budget Customers
0015-UOCOJ,0.11492423931165707,462.9856999999996,Low Priority,Established Standard Customers
0916-QOFDP,0.11449924263284923,1506.4588000000003,Low Priority,Established Standard Customers
9522-ZSINC,0.1143973858181539,336.7752,Low Priority,New Budget Customers
4404-HIBDJ,0.1125780734571449,1884.8518999999994,Low Priority,Established Standard Customers
1354-YZFNB,0.11164732859694135,199.06789999999978,Low Priority,New Budget Customers
5753-QQWPW,0.11148226470701744,1974.9204000000007,Low Priority,Established Standard Customers
2045-BMBTJ,0.11145677559996152,1876.6775999999984,Low Priority,Established Standard Customers
3723-BFBGR,0.11143197983667122,1571.2057000000007,Low Priority,Established Standard Customers
7338-ERIVA,0.11126854754282584,1758.0007000000019,Low Priority,Established Standard Customers
8883-GRDWQ,0.11100208410696641,1574.158300000002,Low Priority,Established Standard Customers
6583-KQJLK,0.1108295314250018,1897.602599999997,Low Priority,Established Standard Customers
3374-PZLXD,0.11032981546239519,1958.6542,Low Priority,Loyal Budget Customers
1133-KXCGE,0.10946316609496815,731.3531999999992,Low Priority,New Budget Customers
3842-QTGDL,0.10811905452123634,2048.2796999999996,Low Priority,Established Standard Customers
7446-YPODE,0.10777285949404505,1265.5579000000005,Low Priority,Established Standard Customers
7649-PHJVR,0.10692029686349995,614.2316000000005,Low Priority,New Budget Customers
3452-FLHYD,0.1064977550841171,1133.5603999999985,Low Priority,New Budget Customers
6114-TCFID,0.10636128414835204,1091.5653000000007,Low Priority,Established Standard Customers
5789-LDFXO,0.10628884443935949,1678.9265000000025,Low Priority,New Budget Customers
9750-BOOHV,0.1060416080799384,937.2429999999996,Low Priority,Loyal Budget Customers
9798-DRYDS,0.10580110985857213,1855.698000000001,Low Priority,Established Standard Customers
4830-FAXFM,0.10576951436036816,681.7369000000002,Low Priority,New Budget Customers
7636-OWBPG,0.10510678832298073,339.0003000000004,Low Priority,New Budget Customers
9498-FIMXL,0.10428983481463208,411.37790000000024,Low Priority,New Budget Customers
1763-KUAAW,0.1036881430711299,1063.2387999999996,Low Priority,New Budget Customers
6746-WAUWT,0.10330153014178738,881.7125000000001,Low Priority,New Budget Customers
1345-ZUKID,0.103255808567118,664.3599,Low Priority,New Budget Customers
2937-FTHUR,0.10317789690771303,1945.9184999999986,Low Priority,Established Standard Customers
1915-OAKWD,0.10309751054509393,1042.3864999999992,Low Priority,New Budget Customers
4291-HYEBC,0.10287576682703048,1090.550500000001,Low Priority,Established Standard Customers
3823-KYNQY,0.10284009172989897,575.4090999999997,Low Priority,New Budget Customers
8076-FEZKJ,0.10253488233916683,364.3178999999998,Low Priority,New Budget Customers
2550-QHZGP,0.10213228041650367,351.99460000000005,Low Priority,New Budget Customers
2834-JKOOW,0.10198773133705215,684.2255999999996,Low Priority,Established Standard Customers
5546-QUERU,0.10160152603364708,462.2094000000003,Low Priority,New Budget Customers
0956-SYCWG,0.10160087890700646,713.7484999999999,Low Priority,New Budget Customers
2969-WGHQO,0.10140423187883832,626.4308999999993,Low Priority,Established Standard Customers
5935-FCCNB,0.10079677980076095,1987.0295000000021,Low Priority,New Budget Customers
8573-JGCZW,0.10031966915683314,1121.5113999999992,Low Priority,New Budget Customers
8332-OSJDW,0.10030046756477475,817.1552999999997,Low Priority,New Budget Customers
4946-EDSEW,0.100289395684537,510.3487000000009,Low Priority,New Budget Customers
7854-EKTJL,0.09999265704195992,96.77450000000003,Low Priority,New Budget Customers
7325-ENZFI,0.09986776566674005,1594.1039999999987,Low Priority,Loyal Budget Customers
4495-LHSSK,0.09983880362946634,1303.4904000000015,Low Priority,Established Standard Customers
1744-JHKYS,0.09937888347565192,1146.8104000000008,Low Priority,Loyal Budget Customers
8680-CGLTP,0.09894605512879066,1925.6704000000025,Low Priority,Established Standard Customers
6198-RTPMF,0.09834053994828265,1775.0527000000009,Low Priority,Established Standard Customers
6563-VRERX,0.09819129990450524,1819.3309999999985,Low Priority,Loyal Budget Customers
5857-XRECV,0.09795092481220569,102.73600000000002,Low Priority,New Budget Customers
1337-BOZWO,0.09768255438930239,788.5121999999994,Low Priority,Established Standard Customers
1131-ALZWV,0.09728071278938137,1604.8123999999991,Low Priority,New Budget Customers
3468-DRVQJ,0.09686401553653926,957.4169000000007,Low Priority,Established Standard Customers
0829-DDVLK,0.09582959604927624,450.6266000000003,Low Priority,New Budget Customers
3721-CNZHX,0.09572158140170448,397.67989999999975,Low Priority,New Budget Customers
2682-KEVRP,0.09546399284153574,1188.857300000001,Low Priority,New Budget Customers
1919-RTPQD,0.09543454623837357,528.8948000000007,Low Priority,New Budget Customers
0594-UFTUL,0.09529633174180802,792.7458999999998,Low Priority,New Budget Customers
7718-RXDGG,0.0952125411169523,1497.5438999999983,Low Priority,Established Standard Customers
3315-IKYZQ,0.09492665296421104,1353.775300000001,Low Priority,Established Standard Customers
3635-JBPSG,0.09483425633157365,615.0170999999997,Low Priority,Established Standard Customers
5947-SGKCL,0.09458460578041153,1680.917700000002,Low Priority,Established Standard Customers
2673-ZALNP,0.09427415363209266,277.0017999999998,Low Priority,New Budget Customers
1872-EBWSC,0.09415451816399435,1224.7372000000003,Low Priority,New Budget Customers
4576-CSAJH,0.09398460939064361,1971.8104999999998,Low Priority,Established Standard Customers
3423-HHXAO,0.09379053790222905,843.8511999999985,Low Priority,New Budget Customers
0042-JVWOJ,0.09374115577058934,1432.5308000000002,Low Priority,New Budget Customers
4365-MSDYN,0.09345265743759727,349.4190999999999,Low Priority,New Budget Customers
6576-FBXOJ,0.0932906786535694,853.7697000000007,Low Priority,Established Standard Customers
7795-CFOCW,0.0927914146606274,1887.2796000000003,Low Priority,Loyal Budget Customers
7279-NMVJC,0.09160723956527758,764.5568000000007,Low Priority,New Budget Customers
3556-BVQGL,0.09145721403702889,812.5618999999992,Low Priority,New Budget Customers
7137-NAXML,0.09140144878250911,1030.1473000000003,Low Priority,New Budget Customers
0428-AXXLJ,0.09136867762040994,614.3553999999999,Low Priority,New Budget Customers
1776-SPBWV,0.09109398195632082,2092.9729999999963,Low Priority,Loyal Budget Customers
5993-BQHEA,0.09055069985102401,452.37110000000075,Low Priority,New Budget Customers
4957-TIALW,0.0903630393458683,1362.1568999999984,Low Priority,Established Standard Customers
2580-ASVVY,0.09022587028604229,1597.910700000001,Low Priority,Established Standard Customers
0835-DUUIQ,0.08892142735438824,1663.2668999999996,Low Priority,New Budget Customers
9442-JTWDL,0.08862967478005916,544.0376000000007,Low Priority,New Budget Customers
6727-IOTLZ,0.08844294943745626,1212.1543000000008,Low Priority,Established Standard Customers
8049-WJCLQ,0.0877364386118917,815.726899999999,Low Priority,Established Standard Customers
7305-ZWMAJ,0.0874810132601855,1278.7664000000009,Low Priority,New Budget Customers
1159-WFSGR,0.08742544211364413,1088.5367999999996,Low Priority,New Budget Customers
7665-VIGUD,0.08740052143575772,379.9186999999999,Low Priority,New Budget Customers
2387-KDZQY,0.08735124158023473,844.5661999999991,Low Priority,New Budget Customers
9881-VCZEP,0.08688396866438498,1667.7476999999992,Low Priority,Established Standard Customers
4311-QTTAI,0.0868202549964731,983.7637999999993,Low Priority,New Budget Customers
7353-YOWFP,0.08656531826572773,413.1609999999995,Low Priority,New Budget Customers
0074-HDKDG,0.08642442595925767,1733.574600000002,Low Priority,Established Standard Customers
5602-BVFMK,0.08637122486298342,738.976399999999,Low Priority,New Budget Customers
1051-EQPZR,0.08616710454938029,1052.3722,Low Priority,Loyal Budget Customers
0219-QAERP,0.08583068710268127,894.2172999999989,Low Priority,New Budget Customers
8898-KASCD,0.08560384818150181,1322.0272999999981,Low Priority,Loyal Budget Customers
6814-ZPWFQ,0.0848413528385904,1406.8015999999989,Low Priority,Loyal Budget Customers
9578-FOMUK,0.08469831001185656,813.019499999999,Low Priority,New Budget Customers
8328-SKJNO,0.08445813987918208,985.0271999999995,Low Priority,Established Standard Customers
6447-EGDIV,0.08406195036261947,1665.6345,Low Priority,New Budget Customers
3701-SFMUH,0.08391094245485158,556.7188999999992,Low Priority,Established Standard Customers
1357-MVDOZ,0.08350030929400873,919.398499999999,Low Priority,Established Standard Customers
7190-XHTWJ,0.08306430342920704,2029.6061000000013,Low Priority,Loyal Budget Customers
3898-BSJYF,0.08298981381021418,841.645199999999,Low Priority,Established Standard Customers
2717-HVIZY,0.0828690438037717,291.9972,Low Priority,New Budget Customers
3146-JTQHR,0.082795595893125,601.4253999999992,Low Priority,New Budget Customers
0516-VRYBW,0.08253138480143779,512.3024000000003,Low Priority,New Budget Customers
6061-PQHMK,0.0811424601685285,590.6871999999998,Low Priority,New Budget Customers
5777-ZPQNC,0.08088481957653536,573.5309999999996,Low Priority,New Budget Customers
1319-YLZJG,0.0808802002996118,1493.3397,Low Priority,Established Standard Customers
9746-UGFAC,0.08084311011938337,694.9089000000002,Low Priority,New Budget Customers
8735-NBLWT,0.08052842563646712,589.1745999999997,Low Priority,New Budget Customers
4359-INNWN,0.08048611394176734,417.80220000000025,Low Priority,New Budget Customers
4425-OWHWB,0.08035622466881141,655.3992000000002,Low Priority,New Budget Customers
7521-AFHAB,0.08007148865405356,438.9664999999999,Low Priority,New Budget Customers
7964-YESJC,0.0800278684473428,1847.9114000000002,Low Priority,Established Standard Customers
7928-VJYAB,0.07967372428262771,1393.1229999999996,Low Priority,Established Standard Customers
7176-WIONM,0.07965850819227048,600.1855000000005,Low Priority,Established Standard Customers
5697-GOMBF,0.07932190646553691,1020.7143999999994,Low Priority,New Budget Customers
8022-BECSI,0.07904560242392483,905.2371999999997,Low Priority,New Budget Customers
1183-CANVH,0.07902171505888105,1557.4371999999996,Low Priority,Established Standard Customers
5448-VWNAM,0.0790002092978837,1562.3360000000002,Low Priority,Established Standard Customers
2108-GLPQB,0.07830051758881632,1709.821299999999,Low Priority,Established Standard Customers
2030-BTZRO,0.07781634201012973,355.95339999999953,Low Priority,New Budget Customers
9617-UDPEU,0.07704615374160483,1220.641800000001,Low Priority,New Budget Customers
9229-RQABD,0.076415719571423,647.1958999999997,Low Priority,New Budget Customers
1561-BWHIN,0.0762830730636536,602.7456000000005,Low Priority,New Budget Customers
5260-UMPWX,0.07586452829354834,1150.5245999999993,Low Priority,New Budget Customers
0221-NAUXK,0.0755260261387274,304.0764999999998,Low Priority,New Budget Customers
8681-ICONS,0.07531555733503568,1268.7479999999991,Low Priority,New Budget Customers
9347-AERRL,0.07522482806024969,1309.0195999999999,Low Priority,New Budget Customers
4694-PHWFW,0.07491906336361717,528.1741000000003,Low Priority,New Budget Customers
0458-HEUZG,0.07417192924602543,529.2124000000002,Low Priority,New Budget Customers
7072-MBHEV,0.07401238870933653,1068.0647000000006,Low Priority,Established Standard Customers
8070-AAWZP,0.07376065118895112,844.1935999999998,Low Priority,New Budget Customers
3639-XJHKQ,0.07330118746007067,1841.0809999999997,Low Priority,Established Standard Customers
6473-ULUHT,0.07314755337275204,1570.2314999999985,Low Priority,Established Standard Customers
5995-WWKKG,0.07276111735778044,1828.920099999998,Low Priority,Loyal Budget Customers
4032-RMHCI,0.07260952224952055,1425.2659999999987,Low Priority,Loyal Budget Customers
8318-LCNBW,0.07252980475539969,1945.8334000000002,Low Priority,Established Standard Customers
1930-BZLHI,0.0722739030427658,920.4483000000006,Low Priority,New Budget Customers
7107-UBYKY,0.07219946923890025,1696.705099999998,Low Priority,Loyal Budget Customers
4801-KFYKL,0.07219204368701988,188.24709999999985,Low Priority,New Budget Customers
7089-RKVSZ,0.07143445944171983,380.2336999999999,Low Priority,New Budget Customers
7552-KEYGT,0.07050929049767626,1652.896599999998,Low Priority,New Budget Customers
1178-PZGAB,0.07043439814170298,733.2654000000007,Low Priority,New Budget Customers
0396-UKGAI,0.07042725832440032,1410.670099999999,Low Priority,Established Standard Customers
6734-PSBAW,0.06998893054868528,1883.2468999999983,Low Priority,Loyal Budget Customers
2282-YGNOR,0.06963598174868428,2065.9536999999987,Low Priority,Established Standard Customers
4020-KIUDI,0.06922911552423804,267.63549999999987,Low Priority,New Budget Customers
9987-LUTYD,0.06910387896429193,1308.1415000000018,Low Priority,Established Standard Customers
5312-TSZVC,0.06907998943675907,624.8459999999998,Low Priority,New Budget Customers
9495-REDIY,0.06873671773301938,999.635600000001,Low Priority,New Budget Customers
1429-UYJSV,0.06868190952018956,688.5587999999989,Low Priority,New Budget Customers
5917-RYRMG,0.06839129557741123,1577.0601999999997,Low Priority,New Budget Customers
7817-OMJNA,0.06803207569898323,812.5015000000006,Low Priority,New Budget Customers
1401-FTHFQ,0.06784544290982243,1011.5222000000001,Low Priority,New Budget Customers
5918-VUKWP,0.06765338214076937,1850.274099999998,Low Priority,New Budget Customers
0307-BCOPK,0.06760022397071616,991.7437999999988,Low Priority,New Budget Customers
1089-HDMKP,0.06736260259312007,709.1709999999996,Low Priority,Established Standard Customers
6147-CBCRA,0.06726865793598562,822.9039999999997,Low Priority,Loyal Budget Customers
2587-YNLES,0.06720098246449044,253.1782000000002,Low Priority,New Budget Customers
8969-PRHFK,0.0667552734505202,441.5486999999999,Low Priority,New Budget Customers
7369-TRPFD,0.0667430245602289,632.8499000000003,Low Priority,New Budget Customers
8963-MQVYN,0.06659967225117233,1426.0227000000011,Low Priority,New Budget Customers
6016-NXBNJ,0.06637197875231243,957.5308999999991,Low Priority,Loyal Budget Customers
9581-GVBXT,0.06621116631536732,2113.310599999999,Low Priority,Loyal Budget Customers
8388-DMKAE,0.066166541125872,294.2895999999998,Low Priority,New Budget Customers
2150-OEGBV,0.06615587325572685,1466.1214999999988,Low Priority,New Budget Customers
4776-XSKYQ,0.06612334509511636,361.9529999999997,Low Priority,New Budget Customers
4815-TUMEQ,0.06605379841937468,634.3704000000005,Low Priority,New Budget Customers
3717-FDJFU,0.06583839164255577,248.11670000000015,Low Priority,New Budget Customers
9388-ZEYVT,0.06556805848847533,1596.3612000000003,Low Priority,Loyal Budget Customers
4632-PAOYU,0.06551444688994214,1259.1356000000007,Low Priority,New Budget Customers
2754-SDJRD,0.06526812437568366,1087.321599999998,Low Priority,New Budget Customers
6483-OATDN,0.06516249870345273,473.92439999999954,Low Priority,Established Standard Customers
8592-PLTMQ,0.06449564219148234,1883.120000000002,Low Priority,Loyal Budget Customers
2277-AXSDC,0.06431479979689332,2025.9790999999982,Low Priority,New Budget Customers
3530-VWVGU,0.06420333694708152,1454.307,Low Priority,New Budget Customers
5701-GUXDC,0.06380967081409766,988.3147000000009,Low Priority,New Budget Customers
8727-XDPUD,0.06375586113136882,1344.2527999999982,Low Priority,Loyal Budget Customers
4597-ELFTS,0.06358040109501574,1588.4685000000006,Low Priority,Loyal Budget Customers
7560-QRBXH,0.06333670181663133,1390.1774000000023,Low Priority,Loyal Budget Customers
5539-HIVAK,0.06319646198727158,1258.8054999999995,Low Priority,New Budget Customers
5989-OMNJE,0.06300545181429494,1385.789,Low Priority,Established Standard Customers
4616-EWBNJ,0.06300210623312781,1066.8729000000005,Low Priority,New Budget Customers
4316-XCSLJ,0.06279576430057499,1602.843599999999,Low Priority,Established Standard Customers
7319-ZNRTR,0.06276671555442737,820.2772999999996,Low Priority,New Budget Customers
6510-UPNKS,0.06263114641559948,1456.641999999999,Low Priority,New Budget Customers
4893-GYUJU,0.06216043959153244,1884.0211000000002,Low Priority,Loyal Budget Customers
2186-QZEYA,0.06168179189786179,1878.6588000000002,Low Priority,Established Standard Customers
2829-HYVZP,0.06106784468064537,1916.7084999999977,Low Priority,New Budget Customers
8319-QBEHW,0.06066458800682855,1023.8115000000003,Low Priority,New Budget Customers
7244-KXYZN,0.06044733737219296,689.8159000000004,Low Priority,New Budget Customers
4774-HHGGS,0.05996794649924956,953.0836999999988,Low Priority,New Budget Customers
4323-SADQS,0.059887943693891374,268.74949999999995,Low Priority,New Budget Customers
3178-CIFOT,0.05971418710961543,724.6211999999995,Low Priority,New Budget Customers
2749-CTKAJ,0.05940774925037199,1473.1142999999993,Low Priority,New Budget Customers
4182-BGSIQ,0.05928035050056634,396.6758999999999,Low Priority,New Budget Customers
2320-TZRRH,0.059260330580719105,1203.3173999999995,Low Priority,New Budget Customers
1099-GODLO,0.059034670717642776,50.43139999999998,Low Priority,New Budget Customers
6447-GORXK,0.058766568331818855,798.8676000000013,Low Priority,New Budget Customers
4999-IEZLT,0.05868258306785015,2013.239899999997,Low Priority,Loyal Budget Customers
0121-SNYRK,0.05850920926109804,1752.1457999999975,Low Priority,Loyal Budget Customers
0756-MPZRL,0.05849935071669472,1528.167300000002,Low Priority,Loyal Budget Customers
9560-BBZXK,0.05823797566422936,1084.7316000000012,Low Priority,Loyal Budget Customers
3648-GZPHF,0.05823769873420445,1168.0533000000014,Low Priority,Loyal Budget Customers
8292-FRFZQ,0.05777593314792182,1584.4921999999995,Low Priority,Loyal Budget Customers
0187-QSXOE,0.0577450558933421,896.4125000000006,Low Priority,Established Standard Customers
2812-REYAT,0.05769127989256388,2026.0427999999997,Low Priority,Loyal Budget Customers
3523-BRGUW,0.05747275857370885,1300.1509999999982,Low Priority,New Budget Customers
3985-HOYPM,0.05722990981844141,686.3240999999999,Low Priority,New Budget Customers
4795-UXVCJ,0.05710151814904905,1640.9126000000003,Low Priority,New Budget Customers
4654-GGUII,0.05628288724831729,513.6537999999996,Low Priority,New Budget Customers
5214-CHIWJ,0.056199149780731025,1164.322899999999,Low Priority,New Budget Customers
7668-XCFYV,0.05595664902505681,1548.3856999999982,Low Priority,New Budget Customers
2657-VPXTA,0.05568825635244802,1237.6797000000015,Low Priority,Established Standard Customers
4360-QRAVE,0.05563953204869137,1338.0857999999996,Low Priority,Loyal Budget Customers
8084-OIVBS,0.05547046967744918,733.2884999999989,Low Priority,New Budget Customers
6479-OAUSD,0.0554178554425279,701.0955000000009,Low Priority,New Budget Customers
0774-IFUVM,0.05502133132858303,896.4663999999997,Low Priority,Established Standard Customers
3721-WKIIL,0.054896026126192154,947.179699999999,Low Priority,New Budget Customers
9553-DLCLU,0.05478892060643464,1637.9615000000017,Low Priority,Established Standard Customers
5847-MXBEO,0.054567852339377325,707.6141999999994,Low Priority,New Budget Customers
7609-NRNCA,0.05441759842018199,1033.4553000000008,Low Priority,New Budget Customers
2592-HODOV,0.05437839394370629,829.2271999999998,Low Priority,New Budget Customers
2995-YWTCD,0.054308662253216566,1033.7063000000007,Low Priority,New Budget Customers
6072-NUQCB,0.05425626635500411,1302.5991999999987,Low Priority,New Budget Customers
3982-JGSFD,0.05403081299335194,1154.0109000000004,Low Priority,Loyal Budget Customers
1952-DVVSW,0.05373819636268787,328.93159999999955,Low Priority,New Budget Customers
3243-ZHOHY,0.053608639895569,656.1019000000005,Low Priority,New Budget Customers
1986-PHGZF,0.052746582917359376,1793.3333999999986,Low Priority,Established Standard Customers
7168-HDQHG,0.05246306508234363,1441.2750999999996,Low Priority,Loyal Budget Customers
5555-RNPGT,0.052024575117502074,576.7506999999991,Low Priority,New Budget Customers
1682-VCOIO,0.051942277842100745,1514.0215999999994,Low Priority,New Budget Customers
5372-FBKBN,0.051914010732372284,685.1017999999999,Low Priority,New Budget Customers
6223-DHJGV,0.05162424404231774,1931.4677000000008,Low Priority,Loyal Budget Customers
3800-LYTRK,0.051120228387202725,1244.5535999999988,Low Priority,New Budget Customers
9313-CDOGY,0.051067268844886694,1651.8243000000016,Low Priority,Loyal Budget Customers
9534-NSXEM,0.051063086169160034,1394.0547999999992,Low Priority,New Budget Customers
3012-VFFMN,0.050876807152575525,193.1788000000002,Low Priority,New Budget Customers
0547-HURJB,0.050756287266137984,473.1673000000002,Low Priority,New Budget Customers
9330-DHBFL,0.05074112711052788,1813.4996999999996,Low Priority,Established Standard Customers
1897-RCFUM,0.05056048050631624,949.1361999999998,Low Priority,Loyal Budget Customers
7328-OWMOM,0.05025850364614129,1682.5594999999996,Low Priority,New Budget Customers
1257-SXUXQ,0.050071044794609186,143.84580000000003,Low Priority,New Budget Customers
1998-VHJHK,0.050012224158430964,1061.7795000000012,Low Priority,New Budget Customers
1371-OJCEK,0.049886837891619684,1776.588099999998,Low Priority,Loyal Budget Customers
6810-VCAEX,0.04978248836024608,1825.6459999999975,Low Priority,Loyal Budget Customers
1548-ARAGG,0.04978076928797495,367.48830000000055,Low Priority,Established Standard Customers
8595-SIZNC,0.04955323634077204,854.7533000000006,Low Priority,New Budget Customers
1073-XXCZD,0.049157269575663354,2070.9444000000026,Low Priority,Loyal Budget Customers
4324-BZCKL,0.049028127823295284,635.1995999999992,Low Priority,Established Standard Customers
4012-ZTHBR,0.04892996524907123,1906.8514000000016,Low Priority,New Budget Customers
5616-PRTNT,0.04879541460587153,901.8953000000001,Low Priority,New Budget Customers
7049-GKVZY,0.04832110184015755,1554.563199999999,Low Priority,New Budget Customers
6502-KUGLL,0.04774408606817891,1369.388499999999,Low Priority,Established Standard Customers
7605-BDWDC,0.047727431568824655,1553.2013000000018,Low Priority,Established Standard Customers
9554-DFKIC,0.04764212047749566,1917.8094000000003,Low Priority,Established Standard Customers
9547-ITEFG,0.04756370426731995,1126.5250999999996,Low Priority,Established Standard Customers
7554-NEWDD,0.04752730349947131,570.9520999999992,Low Priority,New Budget Customers
4280-DLSHD,0.04724048816448207,605.8159999999995,Low Priority,Established Standard Customers
6823-SIDFQ,0.047103941528997585,1590.7483,Low Priority,New Budget Customers
0999-QXNSA,0.047042879961510804,618.1941000000003,Low Priority,New Budget Customers
8512-WIWYV,0.046710132162059284,1840.8050999999987,Low Priority,New Budget Customers
5924-SNGKP,0.04654813983179501,1106.9969999999992,Low Priority,Loyal Budget Customers
7951-QKZPL,0.04653978065425636,1861.9959000000006,Low Priority,Loyal Budget Customers
3812-LRZIR,0.046514050263591566,1660.2464999999993,Low Priority,New Budget Customers
8208-EUMTE,0.046415986197005335,823.1420999999999,Low Priority,Established Standard Customers
8499-BRXTD,0.04601572710899101,1083.5897000000007,Low Priority,New Budget Customers
9847-HNVGP,0.04585132225720256,767.8243000000007,Low Priority,New Budget Customers
9928-BZVLZ,0.04571511776329025,569.2732999999994,Low Priority,Established Standard Customers
1293-HHSHJ,0.04539164600552855,1576.0609000000002,Low Priority,Loyal Budget Customers
5245-VDBUR,0.044399558218670684,1854.572900000001,Low Priority,Loyal Budget Customers
4018-KJYUY,0.04430128616993499,1199.5501999999983,Low Priority,New Budget Customers
6586-PSJOX,0.04429223200580236,958.0374000000002,Low Priority,Established Standard Customers
2773-MADBQ,0.04425577922125031,1874.403800000001,Low Priority,Loyal Premium Customers
6729-FZWSY,0.04382886969961085,1849.4205999999983,Low Priority,Loyal Budget Customers
3011-WQKSZ,0.04373659836040954,814.3348999999996,Low Priority,New Budget Customers
8259-NFJTV,0.04363618794760184,254.92939999999973,Low Priority,New Budget Customers
9796-MVYXX,0.04334003825463538,669.5327999999992,Low Priority,Established Standard Customers
8007-YYPWD,0.04296333925170692,959.380699999999,Low Priority,New Budget Customers
6122-EFVKN,0.04276823889661153,876.8475000000008,Low Priority,New Budget Customers
2122-SZZZD,0.042712428424691785,1832.8588,Low Priority,Loyal Budget Customers
0731-EBJQB,0.0426005551953517,1324.3706000000006,Low Priority,Loyal Budget Customers
5871-DGTXZ,0.04250400763943157,1945.2516999999978,Low Priority,New Budget Customers
4703-MQYKT,0.04185045470063464,757.5018000000013,Low Priority,New Budget Customers
6476-EPYZR,0.04174444054418692,797.9030999999992,Low Priority,New Budget Customers
3125-RAHBV,0.04153884896974502,980.0546999999991,Low Priority,New Budget Customers
8859-YSTWS,0.04144371409518374,1602.5370999999996,Low Priority,Loyal Budget Customers
3486-NPGST,0.041169847638853854,2114.799600000001,Low Priority,Loyal Budget Customers
5701-YVSVF,0.04067751774264087,1199.0073,Low Priority,Established Standard Customers
2384-OVPSA,0.04055398246710955,886.0337000000006,Low Priority,Loyal Budget Customers
2533-TIBIX,0.03999390161434787,517.6155999999996,Low Priority,New Budget Customers
9046-JBFWA,0.039630926285704714,1363.9546000000016,Low Priority,New Budget Customers
8873-TMKGR,0.039618932009624935,1945.8643999999977,Low Priority,New Budget Customers
6861-OKBCE,0.03905806928942956,610.1351000000003,Low Priority,New Budget Customers
5730-RIITO,0.03869364522424306,1504.3200000000004,Low Priority,Loyal Budget Customers
7762-ONLJY,0.03857747393824635,363.24199999999996,Low Priority,New Budget Customers
0902-RFHOF,0.038377280447693736,1569.9316999999983,Low Priority,Loyal Budget Customers
1760-CAZHT,0.038178421086006234,595.6369999999995,Low Priority,New Budget Customers
8327-WKMIE,0.03813740286683165,2056.8562000000015,Low Priority,Loyal Budget Customers
1794-SWWKL,0.037993170457671276,1248.7099000000014,Low Priority,Established Standard Customers
5199-FPUSP,0.037448332798468945,1115.876599999999,Low Priority,Loyal Budget Customers
5022-JNQEQ,0.03732615364455238,746.6893000000001,Low Priority,Established Standard Customers
6617-WLBQC,0.03729673012922737,1986.0024000000017,Low Priority,Established Standard Customers
7677-SJJJK,0.03725180135548077,526.7709000000002,Low Priority,New Budget Customers
4692-NNQRU,0.03715743855763164,2046.0452000000016,Low Priority,Established Standard Customers
4716-MRVEN,0.037023406068642475,1561.6372999999992,Low Priority,New Budget Customers
6064-ZATLR,0.03682374773292462,1788.0463,Low Priority,Established Standard Customers
2460-NGXBJ,0.03654618821546612,1100.5599999999984,Low Priority,Established Standard Customers
8865-TNMNX,0.03651886593725382,767.0119,Low Priority,Established Standard Customers
8652-YHIYU,0.036470854349234715,1723.8169999999996,Low Priority,Established Standard Customers
4487-ZYJZK,0.036461764916939796,2106.3096,Low Priority,Loyal Budget Customers
9715-SBVSU,0.0361702370340575,1000.8639000000016,Low Priority,Established Standard Customers
0164-XAIRP,0.03613293246253981,728.1395999999997,Low Priority,New Budget Customers
2775-SEFEE,0.03553974723011673,936.0796000000003,Low Priority,Established Standard Customers
0668-OGMHD,0.03507029229091618,643.2416999999991,Low Priority,New Budget Customers
7596-IIWYC,0.034831632757019095,1504.756300000001,Low Priority,New Budget Customers
0980-FEXWF,0.034806611122127545,1463.1826999999998,Low Priority,Established Standard Customers
2005-DWQZJ,0.033692719978046556,513.4534999999998,Low Priority,New Budget Customers
2999-AANRQ,0.03358227505090786,2006.1993000000004,Low Priority,Established Standard Customers
9227-UAQFT,0.033506236855514994,973.6054999999985,Low Priority,New Budget Customers
2729-VNVAP,0.03345930049263491,1083.6310999999998,Low Priority,Loyal Budget Customers
0859-YGKFW,0.03339470973093174,849.5553000000003,Low Priority,New Budget Customers
0516-QREYC,0.03331981644766502,891.7210999999992,Low Priority,New Budget Customers
9509-MPYOD,0.032870753722571526,1992.3763000000006,Low Priority,Loyal Budget Customers
7206-PQBBZ,0.032473660145848474,1065.6384000000019,Low Priority,Established Standard Customers
0489-WMEMG,0.03236995600825684,1994.8827000000013,Low Priority,Established Standard Customers
9489-UTFKA,0.032334808067497764,726.0315,Low Priority,Established Standard Customers
7130-CTCUS,0.032261656480872765,1494.3540000000003,Low Priority,Established Standard Customers
3941-XTSKM,0.03225912189252903,2084.4154999999982,Low Priority,Established Standard Customers
6754-WKSHP,0.03211536003329001,843.0852999999997,Low Priority,New Budget Customers
6661-EIPZC,0.031482872033413795,1430.6419000000003,Low Priority,Loyal Budget Customers
6131-IUNXN,0.03115939292266997,1225.1862000000015,Low Priority,New Budget Customers
5495-GPSRW,0.030890484238762166,970.041800000001,Low Priority,New Budget Customers
7816-VGHTO,0.030534503453967746,253.83289999999994,Low Priority,New Budget Customers
8200-KLNYW,0.030409896213452765,2018.8782999999985,Low Priority,Established Standard Customers
2017-CCBLH,0.030401954525922335,345.05389999999954,Low Priority,New Budget Customers
9732-OUYRN,0.030028386765268884,1594.3666000000023,Low Priority,Loyal Budget Customers
9754-CLVZW,0.029959549610129598,1034.5809999999992,Low Priority,New Budget Customers
1790-NESIO,0.0298778082153621,333.0967000000005,Low Priority,New Budget Customers
6518-KZXCB,0.029872760864113532,741.569,Low Priority,New Budget Customers
5469-NUJUR,0.029815526435563088,748.0741,Low Priority,New Budget Customers
6508-NJYRO,0.02965453738200067,521.1434999999998,Low Priority,New Budget Customers
3070-FNFZQ,0.029605397688540133,1365.1907000000024,Low Priority,New Budget Customers
3521-HTQTV,0.0295030373702143,1472.6268999999995,Low Priority,Loyal Budget Customers
1734-ZMNTZ,0.029491100867789274,368.5425999999999,Low Priority,New Budget Customers
3739-YBWAB,0.02931492566883964,1285.3405999999986,Low Priority,Loyal Budget Customers
1465-LNTLJ,0.028491760627029267,784.6919999999997,Low Priority,Established Standard Customers
3546-GHEAE,0.028388411421337665,219.90090000000006,Low Priority,New Budget Customers
7492-TAFJD,0.028372279457422232,288.6562999999999,Low Priority,Established Standard Customers
8277-RVRSV,0.028243395493890835,848.0885000000006,Low Priority,Loyal Budget Customers
9518-XXBXE,0.027973821458979354,984.8591000000001,Low Priority,Established Standard Customers
8107-KNCIM,0.027775059223317244,1611.7624999999991,Low Priority,Established Standard Customers
9030-QGZNL,0.027682623289032808,252.84650000000047,Low Priority,New Budget Customers
4685-TFLLS,0.027644282784070162,1141.0463999999984,Low Priority,New Budget Customers
5627-TVBPP,0.027561274279825382,1582.5426000000007,Low Priority,Loyal Budget Customers
8314-HTWVE,0.02753802396750912,396.2280000000002,Low Priority,New Budget Customers
6967-QIQRV,0.027393149743652152,1773.336399999999,Low Priority,Established Standard Customers
4779-ZGICK,0.027134730245354757,1725.2123000000015,Low Priority,Loyal Budget Customers
0301-KOBTQ,0.02703304745179429,1160.8405999999998,Low Priority,New Budget Customers
2333-KWEWW,0.026926724663243213,845.6304999999996,Low Priority,New Budget Customers
7321-ZNSLA,0.026854051261200954,556.7774999999992,Low Priority,Established Standard Customers
0487-VVUVK,0.02680362109534983,948.5514000000007,Low Priority,New Budget Customers
6980-CDGFC,0.02574401267620284,1921.0363999999984,Low Priority,Loyal Budget Customers
5699-BNCAS,0.025691263539560107,2054.7910999999995,Low Priority,Loyal Budget Customers
1272-ILHFG,0.02568448967420598,576.0168999999992,Low Priority,New Budget Customers
1970-KKFWL,0.025666853146664104,988.9048000000013,Low Priority,Loyal Budget Customers
3891-NLXJB,0.025546213823007435,1480.7364000000023,Low Priority,Loyal Budget Customers
6924-TDGMT,0.02510979906600269,502.4272000000009,Low Priority,New Budget Customers
0704-VCUMB,0.024942516869461195,1949.844599999998,Low Priority,Loyal Budget Customers
8008-OTEZX,0.0248324857364316,1341.884499999999,Low Priority,Loyal Budget Customers
9705-ZJBCG,0.02480209419024471,1001.6521000000005,Low Priority,Established Standard Customers
0269-XFESX,0.02475762971971302,1467.8270999999995,Low Priority,New Budget Customers
5345-BMKWB,0.02462273766427474,203.3458999999999,Low Priority,New Budget Customers
3387-PLKUI,0.024604706064940692,469.3550000000003,Low Priority,New Budget Customers
8515-OCTJS,0.02459861286670794,1118.297600000001,Low Priority,New Budget Customers
4735-BJKOU,0.024596752079646476,1154.0135,Low Priority,Loyal Budget Customers
4950-HKQTE,0.024571017095863835,706.7166999999995,Low Priority,New Budget Customers
1015-JPFYW,0.024418567118452247,472.15200000000027,Low Priority,New Budget Customers
0357-NVCRI,0.024314516148345195,807.6261999999997,Low Priority,New Budget Customers
9602-WCXPI,0.024207936016488518,2065.374099999998,Low Priority,Loyal Budget Customers
6434-TTGJP,0.024062512151606045,510.5566999999997,Low Priority,Established Standard Customers
3115-CZMZD,0.02393087394527021,331.90919999999954,Low Priority,New Budget Customers
9371-BITHB,0.023751625880686023,1256.7652000000019,Low Priority,Loyal Budget Customers
6698-OXETB,0.02364534885736105,763.8348999999997,Low Priority,New Budget Customers
5063-IUOKK,0.02361801303599837,346.5484999999997,Low Priority,New Budget Customers
9236-NDUCW,0.023592203370448723,777.8094999999997,Low Priority,New Budget Customers
5334-AFQJB,0.023327616721109678,1987.1661999999997,Low Priority,Loyal Budget Customers
6543-JXSOO,0.023207476886600995,1607.1542999999976,Low Priority,Established Standard Customers
8194-PEEBY,0.023071136306053983,625.8420000000007,Low Priority,New Budget Customers
4837-PZTIC,0.02305454908849708,1891.8165999999994,Low Priority,Loyal Budget Customers
2316-ESMLS,0.022820774457875677,441.75269999999983,Low Priority,New Budget Customers
6265-FRMTQ,0.022771704175314558,1517.1706999999997,Low Priority,New Budget Customers
3389-KTRXV,0.022726500581763495,767.6319999999994,Low Priority,New Budget Customers
9710-NJERN,0.022643487998052714,882.2161999999994,Low Priority,Loyal Budget Customers
9938-PRCVK,0.022457077353549623,1851.014200000002,Low Priority,Loyal Budget Customers
4213-HKBJO,0.022408874645417604,1914.8295999999993,Low Priority,Loyal Budget Customers
9867-XOBQA,0.022315279742454598,1185.7386000000013,Low Priority,Established Standard Customers
5014-GSOUQ,0.022141499355225663,482.6244999999999,Low Priority,New Budget Customers
2826-DXLQO,0.021814989931269818,215.51020000000008,Low Priority,New Budget Customers
8735-DCXNF,0.02167061384466068,816.0125000000002,Low Priority,Established Standard Customers
6648-INWPS,0.021597199123312146,1000.5636999999988,Low Priority,New Budget Customers
4712-UYOOI,0.021580574670042013,1203.5979999999995,Low Priority,New Budget Customers
4452-ROHMO,0.021571225717218527,905.0983999999994,Low Priority,New Budget Customers
4203-QGNZA,0.021558748668030397,1268.8636999999985,Low Priority,New Budget Customers
5148-HKFIR,0.0215195018394542,728.3177999999998,Low Priority,New Budget Customers
7706-YLMQA,0.021439776492066853,2053.0127999999995,Low Priority,Loyal Budget Customers
1045-LTCYT,0.021295158052032807,485.0197000000003,Low Priority,New Budget Customers
7277-KAMWT,0.021088914726251053,297.52640000000014,Low Priority,New Budget Customers
4335-UPJSI,0.020860189371138486,1289.2202000000007,Low Priority,New Budget Customers
6954-OOYZZ,0.02067474419630221,1595.839399999998,Low Priority,New Budget Customers
9717-IOAAF,0.02008913308254471,788.9718999999998,Low Priority,New Budget Customers
7945-PRBVF,0.020057108992809075,1318.9011999999993,Low Priority,Loyal Budget Customers
3077-RSNTJ,0.01992727417814464,153.4111000000002,Low Priority,New Budget Customers
0114-RSRRW,0.019816782831520018,675.3624999999998,Low Priority,New Budget Customers
6923-AQONU,0.019765677337162394,913.531799999999,Low Priority,New Budget Customers
7963-SHNDT,0.01975040061922603,2049.080000000002,Low Priority,Loyal Budget Customers
8896-RAZCR,0.019698666101469465,1469.799199999998,Low Priority,Loyal Budget Customers
7205-BAIAD,0.01962448297128337,1849.891200000001,Low Priority,Loyal Budget Customers
0621-CXBKL,0.01962061917311363,1628.8318999999995,Low Priority,Loyal Budget Customers
1982-FEBTD,0.019538590530538958,1102.4600999999993,Low Priority,New Budget Customers
7634-HLQJR,0.01950948946776366,1117.0519,Low Priority,Loyal Budget Customers
1093-YSWCA,0.019451490655617326,404.4726000000003,Low Priority,New Budget Customers
4644-PIZRT,0.019371043928490653,1753.026700000001,Low Priority,Established Standard Customers
7105-BENQF,0.019356339606941882,1635.6262000000015,Low Priority,Established Standard Customers
2586-CWXVV,0.019117612215204628,1631.2500000000011,Low Priority,Loyal Budget Customers
5231-FIQPA,0.01902682489384551,948.3803000000008,Low Priority,Loyal Budget Customers
1395-OFUWC,0.018975259137042125,1286.8199000000013,Low Priority,Loyal Budget Customers
5510-BOIUJ,0.018799429784115185,33.65369999999997,Low Priority,New Budget Customers
6584-VQMYT,0.01877877931088277,1633.9624999999987,Low Priority,Established Standard Customers
3097-FQTVJ,0.018762218875074472,1297.1082000000015,Low Priority,Loyal Budget Customers
7740-KKCXF,0.018665446256332312,1521.3740000000003,Low Priority,Loyal Budget Customers
3933-DQPWX,0.01833871271083222,1940.7816,Low Priority,Loyal Budget Customers
1985-MBRYP,0.018303846180911673,1134.932,Low Priority,Loyal Budget Customers
8908-SLFCJ,0.018298783886121824,954.8869000000002,Low Priority,New Budget Customers
1535-VTJOQ,0.018242459221402,1180.2553000000003,Low Priority,New Budget Customers
3525-DVKFN,0.01818684304650627,853.7351000000007,Low Priority,New Budget Customers
5465-BUBFA,0.017954763862350575,1803.457900000002,Low Priority,Loyal Budget Customers
4962-CHQPW,0.017939253885371636,706.7812999999999,Low Priority,New Budget Customers
3266-FTKHB,0.017853030582346812,826.6186,Low Priority,New Budget Customers
6139-ZZRBQ,0.017430059308597163,1701.3414999999993,Low Priority,Loyal Budget Customers
1270-XKUCC,0.017349260977337137,943.1881000000008,Low Priority,New Budget Customers
5848-FHRFC,0.016934033645150733,1587.3467999999982,Low Priority,Loyal Budget Customers
3272-VUHPV,0.01693100140201515,698.7567999999995,Low Priority,Established Standard Customers
0056-EPFBG,0.016850339817438904,822.0670999999998,Low Priority,Established Standard Customers
5696-EXCYS,0.01683032102793855,1024.995699999999,Low Priority,New Budget Customers
4277-BWBML,0.016790352970302694,2008.5260000000012,Low Priority,Loyal Budget Customers
3454-JFUBC,0.016775988232256313,2066.6567000000023,Low Priority,Loyal Budget Customers
1395-WSWXR,0.01668682218718447,1638.1937999999998,Low Priority,New Budget Customers
2195-VVRJF,0.016628117161720288,1128.6971,Low Priority,Established Standard Customers
5124-EOGYE,0.0164221337971752,1719.4024999999997,Low Priority,New Budget Customers
1092-WPIVQ,0.016074278710164234,1100.4339999999997,Low Priority,New Budget Customers
4526-EXKKN,0.015924943483122622,2081.1519000000008,Low Priority,Loyal Budget Customers
6828-HMKWP,0.0158744541460383,825.6784999999987,Low Priority,New Budget Customers
0780-XNZFN,0.01585414762344605,1510.3579999999995,Low Priority,Loyal Budget Customers
9953-ZMKSM,0.015838714909333317,1859.5134999999977,Low Priority,Loyal Budget Customers
9625-RZFUK,0.015804499246607474,1597.8046000000004,Low Priority,Loyal Budget Customers
8174-LNWMW,0.015795812384873376,1501.6176999999993,Low Priority,New Budget Customers
9891-NQDBD,0.015751166866963023,1715.9765,Low Priority,New Budget Customers
3452-GWUIN,0.015666887916235057,2050.8981999999996,Low Priority,Established Standard Customers
0953-LGOVU,0.01565392368845328,442.41969999999986,Low Priority,New Budget Customers
3458-IDMFK,0.015571809575810594,1227.7360999999985,Low Priority,New Budget Customers
2466-NEJOJ,0.01550565867647732,373.43950000000024,Low Priority,New Budget Customers
0854-UYHZD,0.015390093033887874,812.8643999999993,Low Priority,New Budget Customers
2429-AYKKO,0.015272804832488003,1670.3846999999985,Low Priority,Loyal Budget Customers
1328-EUZHC,0.015137022497527202,813.6221000000006,Low Priority,New Budget Customers
3402-XRIUO,0.01510925910280383,1825.4005000000025,Low Priority,Established Standard Customers
0839-QNXME,0.015097056598028647,875.4612000000001,Low Priority,New Budget Customers
5310-NOOVA,0.0150791793743587,1550.176599999998,Low Priority,Loyal Budget Customers
9483-GCPWE,0.015058592310305532,439.23519999999974,Low Priority,New Budget Customers
2877-VDUER,0.014998263046633296,1412.389500000002,Low Priority,Loyal Budget Customers
4431-EDMIQ,0.014941868307042755,642.1303999999989,Low Priority,Established Standard Customers
4291-YZODP,0.01483939152987911,459.2093999999994,Low Priority,New Budget Customers
2805-AUFQN,0.014778947719724293,829.5528999999991,Low Priority,New Budget Customers
2907-ILJBN,0.01475549154296319,266.7076000000003,Low Priority,New Budget Customers
8148-WOCMK,0.014539087592871173,252.1977999999999,Low Priority,New Budget Customers
1038-RQOST,0.01449998972456932,508.0342000000002,Low Priority,New Budget Customers
9805-FILKB,0.014431919896980836,1249.085999999999,Low Priority,Loyal Budget Customers
0224-NIJLP,0.014411262287043385,206.32379999999995,Low Priority,New Budget Customers
5709-LVOEQ,0.01432991043299828,1171.0501000000004,Low Priority,Established Standard Customers
0799-DDIHE,0.014319985413634268,1079.6869000000004,Low Priority,New Budget Customers
5542-NKVRU,0.014243946214572466,1728.9562000000008,Low Priority,Loyal Budget Customers
1047-RNXZV,0.01410726699017036,1046.8436000000004,Low Priority,Loyal Budget Customers
6119-SPUDB,0.014062872936443628,1797.5169999999987,Low Priority,Loyal Budget Customers
2606-PKWJB,0.013980114806587153,1679.7882000000004,Low Priority,Loyal Budget Customers
9178-JHUVJ,0.013940172052832675,627.9213000000004,Low Priority,New Budget Customers
2018-PZKMU,0.013902752421235575,1325.7694000000017,Low Priority,Established Standard Customers
2428-HYUNX,0.013816067353095108,986.7419000000015,Low Priority,Loyal Budget Customers
1627-AFWVJ,0.013814492095552766,956.531,Low Priority,New Budget Customers
7233-IOQNP,0.013459218329741868,1483.4905000000017,Low Priority,Loyal Budget Customers
5158-RIVOP,0.013396074588542525,250.64730000000029,Low Priority,New Budget Customers
5171-EPLKN,0.013166188755129102,1738.1399999999985,Low Priority,New Budget Customers
7469-LKBCI,0.013122785170427887,872.9851000000003,Low Priority,New Budget Customers
5529-GIBVH,0.01310135103971467,1215.3815999999993,Low Priority,Loyal Budget Customers
0827-ITJPH,0.013051053332145261,1004.8805000000004,Low Priority,Loyal Budget Customers
6961-MJKBO,0.013000429998345105,1269.750299999999,Low Priority,Loyal Budget Customers
6080-LNESI,0.012988046119222474,2087.616000000003,Low Priority,Loyal Budget Customers
0277-BKSQP,0.012941769717169174,477.5115000000006,Low Priority,Established Standard Customers
4299-OPXEJ,0.012921304291761604,1953.8069000000025,Low Priority,Loyal Budget Customers
3594-BDSOA,0.012916797572458217,1370.0625000000014,Low Priority,New Budget Customers
2346-CZYIL,0.012903766399986655,1582.6135000000008,Low Priority,New Budget Customers
8205-MQUGY,0.012789779526746597,754.6501000000003,Low Priority,New Budget Customers
8748-HFWBO,0.012749659645674465,977.0206999999999,Low Priority,New Budget Customers
3865-ZFZIB,0.01260610682308061,1013.8873000000011,Low Priority,New Budget Customers
7852-LECYP,0.012597277439551217,1852.588000000001,Low Priority,Established Standard Customers
1834-WULEG,0.012593350230116002,1455.2852000000014,Low Priority,New Budget Customers
5356-KZCKT,0.012592926580013061,1693.2671000000023,Low Priority,Loyal Budget Customers
7089-XXAYG,0.012575399373074954,1001.7757999999991,Low Priority,New Budget Customers
4625-LAMOB,0.012474683182214744,1024.8307999999988,Low Priority,Loyal Budget Customers
2923-ARZLG,0.012154196209520825,646.9981999999989,Low Priority,New Budget Customers
3460-TJBWI,0.011996442011611166,765.8470999999994,Low Priority,New Budget Customers
9824-QCJPK,0.01197109921692524,1482.3744000000004,Low Priority,Loyal Budget Customers
8859-DZTGQ,0.01186287001161763,1172.2100999999982,Low Priority,Loyal Budget Customers
9631-RXVJM,0.011859611550756537,839.1411000000011,Low Priority,Loyal Budget Customers
6217-KDYWC,0.011609862204415247,1585.4313999999993,Low Priority,Loyal Budget Customers
6933-VLYFX,0.011598495969783634,1884.9212999999984,Low Priority,Established Standard Customers
6867-ACCZI,0.01155590236402625,1300.7785999999983,Low Priority,Established Standard Customers
7021-XSNYE,0.011527133027506792,323.04219999999964,Low Priority,Established Standard Customers
1494-EJZDW,0.011488497287044704,402.9573999999999,Low Priority,New Budget Customers
6016-LVTJQ,0.011484446982043402,1058.6058000000003,Low Priority,Loyal Budget Customers
6778-EICRF,0.011413007001267138,1976.6667999999997,Low Priority,Established Standard Customers
4418-LZMSV,0.011369128022169375,1152.4489000000012,Low Priority,Established Standard Customers
0362-RAOQO,0.011367117091638429,1900.0446000000022,Low Priority,Loyal Budget Customers
4500-HKANN,0.011264771612100082,1749.197899999998,Low Priority,Established Standard Customers
4635-EJYPD,0.011194212740074188,1884.3783999999987,Low Priority,New Budget Customers
5642-MHDQT,0.011079423016398,1664.1107999999988,Low Priority,Loyal Budget Customers
6368-TZZDT,0.01107113171089125,113.41479999999987,Low Priority,New Budget Customers
1407-DIGZV,0.01105680805775233,190.00080000000005,Low Priority,New Budget Customers
0932-YIXYU,0.011038663232574653,1391.5377000000005,Low Priority,Loyal Budget Customers
6765-MBQNU,0.011034899625124621,1531.2987999999996,Low Priority,New Budget Customers
4854-SSLTN,0.010811489509371766,211.69639999999984,Low Priority,Established Standard Customers
4732-RRJZC,0.010703326603574247,419.56609999999955,Low Priority,New Budget Customers
4335-BSMJS,0.010661781136861028,1979.4427999999984,Low Priority,Loyal Budget Customers
4709-LKHYG,0.010605934006660293,1329.379999999998,Low Priority,New Budget Customers
8851-RAGOV,0.010584172110251339,1869.6096999999997,Low Priority,Established Standard Customers
7696-CFTAT,0.010525421192322307,1018.3407999999998,Low Priority,Loyal Budget Customers
8044-BGWPI,0.01047818864267089,689.4790999999999,Low Priority,New Budget Customers
5006-MXVRN,0.01041169201533561,1891.6735000000015,Low Priority,Loyal Budget Customers
8198-RKSZG,0.010408075245303208,1162.6621000000007,Low Priority,Established Standard Customers
8917-FAEMR,0.010316058505902694,1714.5354000000016,Low Priority,Loyal Budget Customers
3131-NWVFJ,0.010271191036930204,567.5259999999992,Low Priority,New Budget Customers
7094-MSZAO,0.010227179869803562,339.1459999999998,Low Priority,New Budget Customers
0537-QYZZN,0.010167457526099611,1999.2383000000007,Low Priority,Established Standard Customers
7088-FBAWU,0.009947578245858723,1970.440000000002,Low Priority,Established Standard Customers
0661-WCQNQ,0.009919892065234324,1517.2382000000025,Low Priority,Established Standard Customers
1389-WNUIB,0.009904792331570897,1929.2408000000003,Low Priority,Established Standard Customers
3190-FZATL,0.009893020168651331,857.5311999999996,Low Priority,New Budget Customers
4707-YNOQA,0.00954671206980472,1749.0846999999974,Low Priority,Loyal Budget Customers
1839-FBNFR,0.009478957897981583,2106.2893999999997,Low Priority,Loyal Budget Customers
5406-KGRMX,0.009402788113678017,1890.8247000000008,Low Priority,Loyal Budget Customers
3082-WQRVY,0.009222494305970177,876.6976999999991,Low Priority,New Budget Customers
9548-LERKT,0.009222357355729207,1137.505300000001,Low Priority,New Budget Customers
0486-LGCCH,0.009197939281775506,694.2710999999998,Low Priority,New Budget Customers
9801-NOSHQ,0.009196495805211646,569.5131999999998,Low Priority,New Budget Customers
2097-YVPKN,0.009176032390340903,1979.6960000000004,Low Priority,Loyal Budget Customers
0962-CQPWQ,0.009080034085352916,1480.608800000003,Low Priority,Loyal Budget Customers
3662-FXJFO,0.009059707251471458,1647.044299999999,Low Priority,Loyal Budget Customers
9588-YRFHY,0.009022001925956811,1320.5359999999982,Low Priority,Loyal Budget Customers
1696-MZVAU,0.008981257467232912,948.8748,Low Priority,Loyal Budget Customers
9496-IVVRP,0.008976127171315015,1089.6949000000009,Low Priority,New Budget Customers
8884-MRNSU,0.008952401018624573,590.1076000000008,Low Priority,New Budget Customers
1223-UNPKS,0.008951072939041065,597.3291,Low Priority,New Budget Customers
2650-GYRYL,0.008857052140304527,828.5178000000003,Low Priority,Loyal Budget Customers
0422-OHQHQ,0.008795962923078032,879.0802999999995,Low Priority,New Budget Customers
9975-GPKZU,0.008776384674792614,1228.3976000000016,Low Priority,Loyal Budget Customers
9184-GALIL,0.008727338993307712,881.0825999999994,Low Priority,Loyal Budget Customers
0265-PSUAE,0.008601622179984643,2003.8254999999972,Low Priority,Established Standard Customers
9139-TWBAS,0.008540873112898187,1272.3030999999996,Low Priority,Established Standard Customers
6772-WFQRD,0.008426250200251445,1904.4585000000004,Low Priority,Loyal Budget Customers
3283-WCWXT,0.008344349224329646,303.98979999999995,Low Priority,New Budget Customers
4807-IZYOZ,0.00834025525340051,2036.123900000002,Low Priority,Loyal Budget Customers
2808-CHTDM,0.008330760319117515,1381.1619999999996,Low Priority,New Budget Customers
4896-CPRPF,0.008293930179034436,1065.0364000000004,Low Priority,Loyal Budget Customers
0206-OYVOC,0.008193566658124598,2026.1493000000019,Low Priority,Loyal Budget Customers
2817-LVCPP,0.008188535405172524,1636.1663,Low Priority,Loyal Budget Customers
8148-NLEGT,0.007982629217521513,1515.165,Low Priority,Loyal Budget Customers
7473-ZBDSN,0.007967090934304952,893.0243999999996,Low Priority,New Budget Customers
3213-VVOLG,0.007952586413593676,608.9488999999993,Low Priority,New Budget Customers
7102-JJVTX,0.007905700234722509,705.9779000000005,Low Priority,Established Standard Customers
7989-AWGEH,0.007897162780493695,1876.063599999997,Low Priority,Loyal Budget Customers
8215-NGSPE,0.007795957883185569,1010.3721999999983,Low Priority,Loyal Budget Customers
0274-JKUJR,0.007762754588952817,389.59899999999993,Low Priority,New Budget Customers
3059-NGMXB,0.007712275389457524,1025.0308999999993,Low Priority,Established Standard Customers
4609-KNNWG,0.007534676622909419,629.2924000000006,Low Priority,New Budget Customers
2632-TACXW,0.007526866677388096,2097.4518999999996,Low Priority,Loyal Budget Customers
7493-GVFIO,0.007518825419525159,2002.0164999999997,Low Priority,Loyal Budget Customers
9068-FHQHD,0.007454278969215527,988.8027999999999,Low Priority,Loyal Budget Customers
4664-NJCMS,0.007404942240535383,1917.9830999999997,Low Priority,Loyal Premium Customers
5177-RVZNU,0.007386270852174905,1131.6862000000012,Low Priority,Loyal Budget Customers
4994-OBRSZ,0.007349108678012004,1524.2549999999994,Low Priority,Established Standard Customers
7595-EHCDL,0.0073480776719207445,1701.2132000000013,Low Priority,Established Standard Customers
4367-NUYAO,0.0072629463427395175,469.60550000000035,Low Priority,New Budget Customers
0071-NDAFP,0.007141781258596852,1161.2291999999982,Low Priority,New Budget Customers
5519-TEEUH,0.0070103464756863495,1374.0341999999978,Low Priority,Loyal Budget Customers
2595-KIWPV,0.00683754785018748,1409.0121999999997,Low Priority,New Budget Customers
2171-UDMFD,0.006816252471770775,1833.2830999999976,Low Priority,New Budget Customers
7167-PCEYD,0.006781232857356689,1666.7119999999989,Low Priority,Loyal Budget Customers
3547-LQRIK,0.006689975988920367,1773.7250999999994,Low Priority,Loyal Budget Customers
7644-OMVMY,0.006647762049319362,360.6074999999996,Low Priority,New Budget Customers
3978-YNKDD,0.00663366194427233,1133.3084999999987,Low Priority,New Budget Customers
5849-ASHZJ,0.0064242158670692615,945.3947999999998,Low Priority,New Budget Customers
4518-FZBSX,0.0063979576480311644,1229.6677999999986,Low Priority,Loyal Budget Customers
9885-MFVSU,0.006391525212737515,1718.1930999999997,Low Priority,Loyal Budget Customers
1635-HDGFT,0.006326913962074253,1058.7687999999994,Low Priority,New Budget Customers
6484-LATFU,0.006313128651000353,2021.9486999999979,Low Priority,Loyal Budget Customers
6791-YBNAK,0.006308885816593906,476.6197999999994,Low Priority,New Budget Customers
7446-SFAOA,0.00618339512117168,1304.9196999999988,Low Priority,Loyal Budget Customers
3280-NMUVX,0.006126586797518197,1597.384000000002,Low Priority,Loyal Budget Customers
8999-EXMNO,0.0060666174796035035,988.6207000000002,Low Priority,New Budget Customers
5787-KXGIY,0.005940088495517485,1581.9292000000005,Low Priority,Loyal Budget Customers
9143-CANJF,0.00591913826031426,1994.6644000000022,Low Priority,Established Standard Customers
8380-MQINP,0.005867316989594606,1351.9153999999999,Low Priority,Loyal Budget Customers
7267-FRMJW,0.005666448452933568,635.080900000001,Low Priority,New Budget Customers
8164-OCKUJ,0.005646531260326461,1479.033400000001,Low Priority,Loyal Budget Customers
3097-IDVPU,0.0056400174023988805,1128.8603,Low Priority,New Budget Customers
0640-YJTPY,0.005602859205724236,1953.1253999999985,Low Priority,Loyal Budget Customers
7010-ZMVBF,0.005594253273939096,611.4134000000008,Low Priority,New Budget Customers
1353-GHZOS,0.005563006317953196,1511.0139999999997,Low Priority,Established Standard Customers
8606-OEGQZ,0.005448492778671578,867.0621000000001,Low Priority,New Budget Customers
0191-EQUUH,0.005400639594420625,845.1757999999992,Low Priority,New Budget Customers
0895-LNKRC,0.005340823023186808,130.04650000000007,Low Priority,New Budget Customers
0064-SUDOG,0.005338396251781938,451.99480000000034,Low Priority,New Budget Customers
0608-JDVEC,0.005322958404972098,1176.8550999999998,Low Priority,Loyal Budget Customers
3787-TRIAL,0.005270881140089626,595.6964999999999,Low Priority,New Budget Customers
5197-YPYBZ,0.005091428763966071,744.7262999999994,Low Priority,New Budget Customers
4742-TXUEX,0.005056223081723197,1077.231100000002,Low Priority,Loyal Budget Customers
8807-OPMBM,0.005023359067044284,1560.7003,Low Priority,Loyal Budget Customers
1403-LKLIK,0.004974240104269944,1586.2376000000015,Low Priority,Loyal Budget Customers
7268-WNTCP,0.0048860910577879285,1453.8357999999996,Low Priority,Loyal Budget Customers
9867-JCZSP,0.004786021348164288,540.710900000001,Low Priority,New Budget Customers
9392-XBGTD,0.004784666183955443,774.2958999999998,Low Priority,New Budget Customers
1301-LOPVR,0.004783402642428677,1568.5629000000004,Low Priority,Established Standard Customers
0394-YONDK,0.004670742183432683,1936.4993999999979,Low Priority,Loyal Budget Customers
9674-EHPPG,0.004598025955007148,1868.1915,Low Priority,Loyal Budget Customers
8232-UTFOZ,0.004588122746654095,1900.577299999999,Low Priority,Loyal Budget Customers
6479-SZPLM,0.0045683922635255374,1953.2168999999994,Low Priority,Loyal Budget Customers
7601-GNDYK,0.004430883537412243,1420.2624999999991,Low Priority,Loyal Budget Customers
4023-RTIQM,0.004414038936932609,1611.021700000002,Low Priority,Established Standard Customers
4323-ELYYB,0.004309486837129628,289.81140000000016,Low Priority,New Budget Customers
7328-ZJAJO,0.004189682517112328,1828.7648999999992,Low Priority,Loyal Budget Customers
5726-CVNYA,0.004136351223436451,297.93349999999987,Low Priority,New Budget Customers
6696-YDAYZ,0.00409780165594819,808.3353999999999,Low Priority,New Budget Customers
4353-HYOJD,0.004018986379470016,1884.0441000000003,Low Priority,Established Standard Customers
6967-PEJLL,0.003965712991770263,1504.3702000000026,Low Priority,Loyal Budget Customers
2266-FUBDZ,0.003941256377694058,981.8230999999988,Low Priority,New Budget Customers
1488-SYSFC,0.003924441878101411,967.7376999999993,Low Priority,New Budget Customers
2809-ILCYT,0.0039124167172254285,772.3596000000005,Low Priority,New Budget Customers
3769-MHZNV,0.0038388049495630796,1547.1236999999994,Low Priority,Loyal Budget Customers
3078-ZKNTS,0.0038311259731208663,319.80600000000044,Low Priority,New Budget Customers
5296-BFCYD,0.003795030876682497,1606.7734999999998,Low Priority,Loyal Budget Customers
1729-VLAZJ,0.0037570453685852098,410.19169999999986,Low Priority,New Budget Customers
7977-HXJKU,0.0037318445630753513,996.101300000001,Low Priority,New Budget Customers
2335-GSODA,0.0036930887631989985,896.5214,Low Priority,Established Standard Customers
8741-LQOBK,0.003681662292387564,1619.2818000000002,Low Priority,Loyal Budget Customers
1929-ZCBHE,0.0036647173219294445,1839.347499999999,Low Priority,Loyal Budget Customers
7321-KKSDU,0.003610065173266029,1246.781200000001,Low Priority,New Budget Customers
4573-JKNAE,0.003603538673465451,433.4062999999999,Low Priority,New Budget Customers
0967-BMLBD,0.0034942842924372153,744.7538000000005,Low Priority,New Budget Customers
9845-QOMAD,0.003489478757358818,699.9589000000003,Low Priority,New Budget Customers
4092-OFQZS,0.003481829706574601,1336.8330000000005,Low Priority,New Budget Customers
3129-AAQOU,0.0034650097565066874,1168.390400000001,Low Priority,New Budget Customers
7242-EDTYC,0.003429258073312479,1462.3990999999994,Low Priority,Loyal Budget Customers
1680-VDCWW,0.0034231052769501604,337.53919999999994,Low Priority,New Budget Customers
7508-KBIMB,0.0033715734188262,1492.7318000000012,Low Priority,Established Standard Customers
5832-EXGTT,0.003348324624064057,1866.2215999999985,Low Priority,Established Standard Customers
2208-NKVVH,0.003298296397370521,1191.6264999999994,Low Priority,Loyal Budget Customers
0559-CKHUS,0.0032177259587241693,1967.3928000000021,Low Priority,New Budget Customers
4054-CUMIA,0.003141710768685007,1052.016699999999,Low Priority,New Budget Customers
2073-QBVBI,0.0031367763097242788,1440.3592999999985,Low Priority,Loyal Budget Customers
9385-EHGDO,0.003059511063113846,1030.1988000000015,Low Priority,Loyal Budget Customers
6974-DAFLI,0.003017045868121863,1374.847499999999,Low Priority,Loyal Budget Customers
3275-RHRNE,0.0029253251580415272,1670.0980999999997,Low Priority,Established Standard Customers
3372-CDXFJ,0.0029115332833915073,936.1294999999988,Low Priority,New Budget Customers
6551-VLJMV,0.0028853504769110585,845.8791999999994,Low Priority,Loyal Budget Customers
6527-PZFPV,0.0028418108499579584,1110.6348999999989,Low Priority,New Budget Customers
7996-BPXHY,0.0027916981292237194,771.2400000000002,Low Priority,New Budget Customers
9945-PSVIP,0.0027719481918222263,504.5198000000007,Low Priority,New Budget Customers
6100-FJZDG,0.0027479401751362427,1658.826899999997,Low Priority,New Budget Customers
6425-JWTDV,0.002743488095422157,1637.7104999999997,Low Priority,Loyal Budget Customers
3027-YNWZU,0.0026837055451935225,2050.8608000000027,Low Priority,Loyal Budget Customers
7850-THJMU,0.0026795413255627154,832.6134000000003,Low Priority,New Budget Customers
1399-OUPJN,0.002668697206591691,1951.7745999999988,Low Priority,Loyal Budget Customers
8815-LMFLX,0.0026214467981827616,1015.670800000001,Low Priority,New Budget Customers
7801-CEDNV,0.0025671112518043295,1637.4501,Low Priority,Established Standard Customers
5968-HYJRZ,0.0025603667336362786,1739.2748000000004,Low Priority,Loyal Budget Customers
5474-LAMUQ,0.002535991884142774,1372.3820000000019,Low Priority,New Budget Customers
2878-DHMIN,0.0025338752188182796,1613.2676000000001,Low Priority,Loyal Budget Customers
6371-NZYEG,0.002508648652242654,1428.2196000000008,Low Priority,Established Standard Customers
6773-LQTVT,0.002434138748517155,1023.1039999999999,Low Priority,New Budget Customers
4804-NCPET,0.0024339126422198657,989.1202999999988,Low Priority,New Budget Customers
5480-XTFFL,0.0023026341062622542,1007.1856999999997,Low Priority,New Budget Customers
1402-PTHGN,0.0022704679173115206,1955.0248999999988,Low Priority,Established Standard Customers
4075-WKNIU,0.0022675658633719105,791.2026999999996,Low Priority,Established Standard Customers
9800-OUIGR,0.0022606406928365624,1894.2817000000005,Low Priority,Loyal Budget Customers
3620-EHIMZ,0.0022009867118097113,1492.112900000001,Low Priority,Loyal Budget Customers
8859-AXJZP,0.0021735523563593652,1985.6365000000028,Low Priority,Loyal Budget Customers
0625-AFOHS,0.0021479557641279927,1635.032899999999,Low Priority,New Budget Customers
2520-SGTTA,0.002145466045955385,405.6217,Low Priority,New Budget Customers
9585-KKMFD,0.002123093550485869,1497.946099999999,Low Priority,Loyal Budget Customers
3352-RICWQ,0.0021190138882680428,357.9514999999998,Low Priority,New Budget Customers
2466-FCCPT,0.001900332222458688,554.3710000000004,Low Priority,New Budget Customers
7632-YUTXB,0.0018843100359692204,837.1265,Low Priority,New Budget Customers
8043-PNYSD,0.0018598220328291093,1914.6546999999985,Low Priority,Loyal Budget Customers
8966-OIQHG,0.001835903098954469,1450.8770000000006,Low Priority,New Budget Customers
8763-KIAFH,0.0017793796951567577,1129.2200000000005,Low Priority,New Budget Customers
6485-QXWWE,0.0017725135888587975,1900.965000000002,Low Priority,Loyal Budget Customers
6506-EYCNH,0.0017687191746461894,937.9822999999998,Low Priority,New Budget Customers
6963-KQYQB,0.0017416369439357572,2041.6317999999983,Low Priority,Loyal Budget Customers
5876-QMYLD,0.0017355410545437729,826.7047000000006,Low Priority,New Budget Customers
9251-AWQGT,0.0017058295263309331,1448.7531999999999,Low Priority,Loyal Budget Customers
2164-SOQXL,0.0016713935002001556,706.6916000000002,Low Priority,New Budget Customers
2230-XTUWL,0.0016712584281599826,1539.9198000000001,Low Priority,Loyal Budget Customers
0519-DRGTI,0.001669298630348371,1290.9044000000017,Low Priority,New Budget Customers
9646-NMHXE,0.0016529299698041524,1256.1343999999992,Low Priority,Loyal Budget Customers
2252-ISRNH,0.0016065675055579815,994.7586999999986,Low Priority,New Budget Customers
3451-VAWLI,0.0015439411725983066,1276.3366999999998,Low Priority,Loyal Budget Customers
1087-GRUYI,0.0014988386583572777,997.5759000000004,Low Priority,Loyal Budget Customers
7337-CINUD,0.0014688040426394339,308.2831000000003,Low Priority,New Budget Customers
9074-KGVOX,0.001460902776763473,2026.197800000001,Low Priority,Loyal Budget Customers
5647-URDKA,0.0013606056719100226,245.86930000000015,Low Priority,New Budget Customers
8292-ITGYJ,0.001322256917542262,2055.9240000000004,Low Priority,Loyal Budget Customers
2706-QZIHY,0.0013185285078843726,1066.4185000000007,Low Priority,New Budget Customers
3239-TPHPZ,0.0013032239706955845,743.9816999999991,Low Priority,New Budget Customers
2819-GWENI,0.0013029734600864987,1167.0958999999993,Low Priority,New Budget Customers
1439-LCGVL,0.001283756728419624,545.3576999999993,Low Priority,New Budget Customers
3935-TBRZZ,0.0012069450867673943,1752.5212999999983,Low Priority,Loyal Budget Customers
5220-AGAAX,0.0011854715642813556,1899.6858,Low Priority,Loyal Budget Customers
7665-NKLAV,0.0011015582902148887,1515.723000000002,Low Priority,Established Standard Customers
2511-ALLCS,0.001055655364559285,1442.257199999999,Low Priority,Loyal Budget Customers
8957-THMOA,0.0010419905374595608,1984.747900000002,Low Priority,Loyal Budget Customers
4475-NVTLU,0.0010250440055153776,1706.8930999999998,Low Priority,Loyal Budget Customers
1536-YHDOE,0.0010131011258215738,1696.7262999999991,Low Priority,Established Standard Customers
6609-MXJHJ,0.0010045065911256001,2087.1143000000006,Low Priority,New Budget Customers
2096-XOTMO,0.001000892794870045,571.2736000000002,Low Priority,New Budget Customers
1089-XZWHH,0.000981589106730936,1618.8399999999995,Low Priority,New Budget Customers
2138-VFAPZ,0.0009788738724202642,498.10309999999924,Low Priority,New Budget Customers
2888-ADFAO,0.0009562974724756226,1240.3476999999987,Low Priority,Loyal Budget Customers
7758-UJWYS,0.0009012996396539542,1418.0594000000021,Low Priority,Loyal Budget Customers
8779-YIQQA,0.000890389249607399,750.3354999999996,Low Priority,New Budget Customers
5840-NVDCG,0.0008611304316299687,1432.7654999999995,Low Priority,Established Standard Customers
9365-CSLBQ,0.000858625436841745,2004.1992,Low Priority,Loyal Budget Customers
5656-MJEFC,0.0008575253273319327,2080.8309999999988,Low Priority,Established Standard Customers
6286-ZHAOK,0.0008527395513450637,1239.0214999999985,Low Priority,New Budget Customers
3896-ZVNET,0.0008278580574734409,1066.5937999999996,Low Priority,New Budget Customers
1843-TLSGD,0.0008250349182822537,628.4612000000011,Low Priority,New Budget Customers
2892-GESUL,0.0007995861910107062,695.6950999999999,Low Priority,New Budget Customers
7033-CLAMM,0.0007424954136224888,1990.0795000000012,Low Priority,Loyal Budget Customers
9424-CMPOG,0.0007214567344540797,223.2083000000001,Low Priority,New Budget Customers
7340-KEFQE,0.0007172765888090309,1741.5719999999978,Low Priority,Loyal Budget Customers
3298-QEICA,0.0006999706038432657,808.785699999999,Low Priority,New Budget Customers
8173-RXAYP,0.0006887850215741753,1209.8490000000002,Low Priority,New Budget Customers
1116-FRYVH,0.0006676890854360697,2042.3214999999982,Low Priority,Loyal Budget Customers
5057-RKGLH,0.0006420242878690626,479.11169999999964,Low Priority,New Budget Customers
6199-IPCAO,0.0005951065885114084,838.094699999999,Low Priority,New Budget Customers
8902-ZEOVF,0.0005939107673350993,1268.3660000000004,Low Priority,Loyal Budget Customers
2050-ONYDQ,0.0005733151440767871,2080.4293000000002,Low Priority,Loyal Budget Customers
3957-SQXML,0.0005638029198856088,1723.8475000000005,Low Priority,Loyal Budget Customers
4537-CIBHB,0.0005564407753909087,267.63810000000007,Low Priority,New Budget Customers
2984-RGEYA,0.0005549982712041306,1776.279899999999,Low Priority,Loyal Budget Customers
8612-GXIDD,0.0005470089511785089,800.8198999999993,Low Priority,New Budget Customers
3653-NCRDJ,0.0005240586349814594,1475.3725999999995,Low Priority,Loyal Budget Customers
4641-FROLU,0.0005144098552384255,943.9758999999999,Low Priority,New Budget Customers
5622-UEJFI,0.0005065172286591404,2088.8380999999986,Low Priority,Loyal Budget Customers
9746-YKGXB,0.0005038984798517619,1589.0624000000005,Low Priority,Loyal Budget Customers
3768-VHXQO,0.000496792289391267,1967.3552999999997,Low Priority,Loyal Budget Customers
3373-DIUUN,0.00046696400005684174,1847.2965999999994,Low Priority,New Budget Customers
5442-PPTJY,0.00045348874198328194,311.07829999999996,Low Priority,New Budget Customers
0936-NQLJU,0.00044604200927217706,1201.427899999998,Low Priority,Loyal Budget Customers
2263-SFSQZ,0.0004458481114296409,1959.0743000000023,Low Priority,Loyal Budget Customers
4451-RWASJ,0.0004224576703751889,979.7248999999991,Low Priority,New Budget Customers
0732-OCQOC,0.0004169041053783307,1495.0334000000005,Low Priority,Loyal Budget Customers
0318-ZOPWS,0.0004101118315973764,1173.3805999999997,Low Priority,Loyal Budget Customers
2626-VEEWG,0.00039298788516786796,1660.7430999999979,Low Priority,Loyal Budget Customers
7558-IMLMT,0.00039148772807707426,1998.3692999999978,Low Priority,Loyal Budget Customers
8874-EJNSR,0.0003766644689209134,1686.239199999999,Low Priority,Loyal Budget Customers
8577-QSOCG,0.0003391057815035485,1753.692300000001,Low Priority,Loyal Budget Customers
6060-QBMGV,0.00033439805154225307,1667.242699999999,Low Priority,Loyal Budget Customers
9950-MTGYX,0.0003327099872713428,1032.2646000000007,Low Priority,New Budget Customers
5322-ZSMZY,0.00030850299711546257,924.9902999999999,Low Priority,New Budget Customers
3472-QPRCH,0.00028260239233041643,2107.2768000000024,Low Priority,Loyal Budget Customers
7876-DNYAP,0.00025652864084945505,1992.9581,Low Priority,Loyal Budget Customers
5804-JMYIO,0.0002492524765500208,1379.6459000000002,Low Priority,Loyal Budget Customers
7527-QNRUS,0.0002480140358016328,1182.0044999999993,Low Priority,New Budget Customers
2229-DPMBI,0.00023080139775418694,263.6179000000004,Low Priority,New Budget Customers
5859-HZYLF,0.0002245056227076073,1626.084099999998,Low Priority,New Budget Customers
5003-OKNNK,0.0002234014760190795,1021.6727999999991,Low Priority,New Budget Customers
9108-EQPNQ,0.0002103260462135264,416.2993,Low Priority,New Budget Customers
5845-BZZIB,0.00018665645503197428,1072.926800000001,Low Priority,Loyal Budget Customers
2208-MPXIO,0.00017523950653031863,1923.9703000000002,Low Priority,Loyal Budget Customers
1106-HRLKZ,0.000166190767644204,1789.1605000000022,Low Priority,Loyal Budget Customers
9648-BCHKM,0.000163069352420309,1218.4161000000004,Low Priority,New Budget Customers
1699-TLDLZ,0.0001475359672507737,434.9583000000005,Low Priority,New Budget Customers
9257-AZMTZ,0.00013320983888881837,1208.9440000000009,Low Priority,Loyal Budget Customers
8067-NIOYM,0.0001165863838416628,1014.346000000001,Low Priority,New Budget Customers
1574-DYCWE,0.00011259712613332146,1725.4075999999993,Low Priority,Loyal Budget Customers
8143-ETQTI,0.00011111460397230033,573.5441000000003,Low Priority,New Budget Customers
4883-KCPZJ,9.70107231590706e-05,1103.9485000000013,Low Priority,New Budget Customers
5970-GHJAW,8.179475247682934e-05,2108.6046000000024,Low Priority,Loyal Budget Customers
0354-VXMJC,7.359869754782826e-05,1230.2552000000023,Low Priority,New Budget Customers
2236-HILPA,6.477676718680896e-05,1975.793899999999,Low Priority,Loyal Budget Customers
6762-NSODU,5.285723132882404e-05,1553.8000999999974,Low Priority,Loyal Budget Customers
1293-BSEUN,4.2268659073043404e-05,1998.2394000000015,Low Priority,Loyal Budget Customers
3359-DSRKA,4.1988741378716195e-05,1924.2241999999967,Low Priority,Loyal Budget Customers
6340-DACFT,2.6612386238159943e-05,1578.9774999999997,Low Priority,Loyal Budget Customers
